frame,track_id,cls,conf,x1,y1,x2,y2
2,-1,0,0.7779,522.5,79.6,1228.5,1061.1
3,1,0,0.8542,506.1,83.6,1211.6,1063.8
4,1,0,0.9375,508.1,80.0,1218.8,1065.9
5,1,0,0.9132,533.7,72.8,1251.4,1066.8
6,1,0,0.8976,583.9,76.3,1298.4,1067.4
7,1,0,0.9367,611.9,73.9,1327.4,1067.7
8,1,0,0.9531,634.8,80.0,1346.2,1068.4
8,7,0,0.559,1417.2,305.3,1784.3,1063.8
9,1,0,0.9403,656.6,88.5,1363.0,1067.6
9,7,0,0.5998,1510.6,323.3,1869.0,1063.4
10,1,0,0.9276,669.3,94.0,1374.4,1067.6
10,7,0,0.3133,1577.7,320.9,1920.0,1059.5
11,1,0,0.9477,687.2,97.1,1393.6,1066.9
12,1,0,0.9572,701.6,108.8,1405.2,1067.6
13,1,0,0.9501,716.0,123.3,1416.1,1068.0
14,1,0,0.9513,720.8,135.6,1419.3,1070.0
15,1,0,0.9506,723.1,141.0,1423.3,1071.1
16,1,0,0.95,717.2,139.0,1421.7,1070.4
17,1,0,0.9308,706.2,130.7,1418.2,1069.4
18,1,0,0.9299,699.5,126.1,1415.4,1068.8
18,14,0,0.5435,1236.7,610.5,1589.3,1068.5
19,1,0,0.9226,690.5,108.9,1419.3,1068.2
19,14,0,0.6376,1300.6,606.1,1657.7,1069.3
20,1,0,0.9261,686.6,97.4,1424.5,1068.0
20,14,0,0.6645,1369.8,587.1,1744.0,1069.8
21,1,0,0.9257,682.8,82.3,1431.6,1067.6
21,14,0,0.3935,1456.4,585.5,1834.1,1069.6
22,1,0,0.9246,687.0,69.2,1441.7,1065.5
23,1,0,0.9357,701.2,72.4,1453.0,1066.7
24,1,0,0.9353,723.4,81.9,1467.1,1067.5
25,1,0,0.9352,741.7,89.0,1477.9,1068.2
26,1,0,0.9332,758.4,96.3,1485.7,1067.4
27,1,0,0.9357,765.7,106.1,1483.4,1067.4
27,15,0,0.4717,1560.2,702.3,1920.0,1072.1
28,1,0,0.9426,766.8,121.1,1471.3,1067.1
29,1,0,0.9463,759.4,131.4,1455.1,1068.2
30,1,0,0.9439,732.4,129.8,1427.3,1068.5
31,1,0,0.9351,697.6,110.8,1402.5,1067.1
31,17,0,0.7859,30.3,774.9,251.7,1068.6
32,1,0,0.9417,663.3,91.7,1379.0,1066.8
32,17,0,0.8281,15.0,638.6,340.5,1069.8
33,1,0,0.9332,643.0,69.9,1371.6,1064.2
33,17,0,0.9117,19.6,544.9,417.1,1069.8
34,1,0,0.9316,641.2,58.8,1378.5,1062.7
34,17,0,0.9355,52.3,508.6,483.5,1069.9
35,1,0,0.9147,649.2,53.7,1395.8,1064.7
35,17,0,0.9388,92.9,503.1,540.8,1070.7
36,1,0,0.919,669.7,53.7,1421.9,1062.9
36,17,0,0.8667,155.4,510.8,609.1,1071.4
37,1,0,0.9055,692.3,56.3,1450.3,1062.6
37,17,0,0.8077,216.8,521.3,668.1,1071.9
38,1,0,0.924,711.4,61.2,1476.3,1064.6
38,17,0,0.8282,282.2,525.7,727.9,1072.5
39,1,0,0.9279,732.2,62.8,1506.7,1064.7
39,17,0,0.8628,375.4,524.8,818.5,1072.9
40,1,0,0.9003,752.5,68.4,1534.0,1065.1
40,17,0,0.7765,469.9,520.8,911.0,1073.1
41,1,0,0.9342,770.8,85.1,1552.9,1065.3
42,1,0,0.9284,779.8,94.5,1567.7,1066.0
43,1,0,0.9543,783.6,103.5,1575.8,1067.2
44,1,0,0.9622,791.8,110.2,1587.3,1068.0
45,1,0,0.9611,799.9,110.2,1599.7,1067.4
46,1,0,0.9309,851.8,104.4,1672.5,1066.0
47,1,0,0.9476,823.9,92.5,1649.9,1064.6
48,1,0,0.9358,821.5,88.0,1647.3,1065.9
49,1,0,0.9455,828.1,73.8,1658.1,1064.6
49,15,0,0.8741,1373.8,526.7,1920.0,1070.0
50,1,0,0.9447,836.9,67.4,1666.5,1066.2
50,15,0,0.9229,1394.6,524.7,1920.0,1070.4
51,1,0,0.9478,844.1,58.3,1672.7,1063.8
51,15,0,0.9216,1425.7,523.9,1920.0,1070.6
52,1,0,0.9283,847.6,53.2,1673.6,1062.6
52,15,0,0.9445,1455.3,524.5,1920.0,1071.0
53,1,0,0.929,851.9,52.5,1676.0,1062.7
53,15,0,0.9413,1484.8,528.0,1920.0,1071.8
54,1,0,0.9243,849.4,53.7,1673.8,1062.6
54,15,0,0.9182,1506.5,530.4,1920.0,1071.6
55,1,0,0.9255,840.1,58.3,1664.0,1063.8
55,15,0,0.9267,1528.4,534.8,1920.0,1071.8
56,1,0,0.9407,834.1,79.1,1650.8,1066.0
56,15,0,0.9228,1551.4,540.4,1920.0,1071.5
57,1,0,0.943,809.1,90.7,1622.6,1066.0
57,15,0,0.913,1569.5,545.8,1920.0,1072.1
58,1,0,0.9618,785.9,106.5,1597.1,1066.2
58,15,0,0.9272,1580.1,554.9,1920.0,1072.1
59,1,0,0.9385,752.5,113.8,1570.8,1066.9
59,15,0,0.931,1587.3,565.6,1920.0,1071.9
60,1,0,0.8876,714.1,112.5,1546.3,1066.1
60,15,0,0.905,1599.0,579.0,1920.0,1071.7
61,1,0,0.9342,675.4,103.9,1529.0,1066.5
61,15,0,0.9114,1618.8,592.3,1920.0,1071.9
61,22,32,0.7667,916.7,1025.8,1150.9,1080.0
62,1,0,0.8905,646.5,85.7,1522.7,1058.1
62,15,0,0.8902,1647.7,607.5,1920.0,1071.4
62,22,32,0.6184,880.6,1005.3,1200.5,1080.0
63,1,0,0.8669,621.6,65.9,1526.3,1053.1
63,15,0,0.8965,1677.7,626.4,1920.0,1070.9
64,1,0,0.682,599.9,55.4,1533.7,1051.6
64,15,0,0.8562,1709.0,646.5,1920.0,1070.2
65,1,0,0.6209,626.4,47.9,1582.5,1052.8
65,15,0,0.8201,1740.3,667.1,1920.0,1070.4
66,1,0,0.7287,568.8,30.8,1543.1,1048.6
66,15,0,0.7286,1770.1,691.0,1920.0,1070.3
67,1,0,0.6496,557.9,23.6,1549.1,1046.5
68,1,0,0.6374,607.9,36.6,1606.0,1050.8
68,24,0,0.5957,1859.4,734.1,1918.7,1071.1
69,1,0,0.658,635.1,34.9,1604.4,1016.1
69,24,0,0.5442,1859.4,724.4,1919.9,1068.4
69,22,32,0.6437,875.6,977.2,1290.8,1077.8
70,1,0,0.7119,590.9,43.8,1588.6,1041.1
70,24,0,0.6575,1856.9,709.0,1920.0,1067.9
71,1,0,0.8115,591.1,56.1,1592.9,1052.6
71,24,0,0.7078,1850.8,686.3,1918.2,1069.1
72,1,0,0.7954,587.2,73.6,1578.5,1058.7
72,24,0,0.7557,1842.4,664.4,1914.4,1069.7
73,1,0,0.8622,564.9,91.6,1546.7,1060.7
73,24,0,0.8026,1835.3,648.5,1911.3,1070.2
73,28,0,0.3763,88.8,2.8,425.3,408.9
74,1,0,0.8005,552.0,103.1,1528.4,1063.9
74,24,0,0.7541,1831.1,636.9,1910.2,1069.3
75,1,0,0.8994,540.1,104.8,1517.4,1066.7
75,24,0,0.8187,1828.1,625.3,1910.4,1069.2
75,28,0,0.3969,91.7,2.7,431.3,412.6
76,1,0,0.8927,528.0,98.8,1508.6,1065.3
76,24,0,0.7879,1826.7,615.5,1911.9,1069.8
76,28,0,0.3206,99.4,2.7,440.7,414.8
77,1,0,0.7745,516.8,90.5,1501.1,1062.9
77,24,0,0.8074,1829.7,611.8,1916.0,1071.3
77,31,32,0.5434,802.3,1034.0,1019.5,1079.9
78,1,0,0.7488,495.1,88.7,1482.5,1062.5
78,24,0,0.5649,1834.6,621.1,1918.9,1070.9
78,31,32,0.4695,771.4,1021.0,1048.5,1080.0
78,28,0,0.325,125.2,3.1,468.2,417.2
79,1,0,0.7353,478.0,70.7,1481.6,1059.9
79,31,32,0.3658,729.7,1000.5,1093.0,1078.7
80,1,0,0.6991,491.2,49.1,1488.4,1035.7
80,31,32,0.6857,682.7,977.0,1143.9,1078.3
81,1,0,0.6398,494.8,32.1,1494.6,1026.0
81,28,0,0.4741,185.8,2.9,526.9,415.0
82,1,0,0.6748,494.7,20.6,1498.9,1024.1
82,28,0,0.4391,211.3,2.8,553.4,417.4
83,1,0,0.7685,497.9,19.5,1498.1,1023.1
83,28,0,0.3219,240.4,2.7,583.3,419.6
84,1,0,0.6986,505.4,23.7,1496.3,1021.4
84,28,0,0.4728,271.5,2.6,614.6,421.1
85,1,0,0.7397,437.4,36.0,1452.5,1045.2
85,28,0,0.5227,305.4,2.5,647.2,421.2
86,1,0,0.8316,472.6,45.7,1461.5,1029.7
86,28,0,0.4089,332.0,2.6,672.3,421.4
86,34,32,0.7705,840.6,977.4,1052.3,1078.2
87,1,0,0.8869,478.6,62.6,1468.4,1050.2
87,34,32,0.8774,844.5,990.8,1029.4,1078.3
88,1,0,0.8616,461.6,79.2,1444.6,1058.1
88,34,32,0.4088,846.6,1005.8,1003.0,1078.9
88,28,0,0.3242,378.7,2.8,720.2,425.4
89,1,0,0.8066,451.1,88.5,1428.2,1061.5
89,28,0,0.4786,396.9,2.6,735.3,424.9
90,1,0,0.7563,442.9,90.6,1418.3,1062.2
90,28,0,0.4906,409.4,2.9,741.7,422.7
90,34,32,0.5356,824.9,1011.6,974.8,1080.0
91,1,0,0.7278,432.1,89.8,1408.2,1061.8
91,28,0,0.5307,423.9,2.7,750.5,422.6
92,1,0,0.7148,423.4,73.5,1410.9,1059.1
92,28,0,0.4197,440.8,2.7,759.7,423.5
93,1,0,0.7166,404.4,62.6,1400.8,1056.9
94,1,0,0.7269,405.2,47.5,1390.3,1028.7
94,35,0,0.588,12.0,2.6,476.1,435.3
95,1,0,0.6353,397.4,38.0,1383.8,1018.9
95,35,0,0.3223,29.2,2.8,493.2,434.8
96,1,0,0.6974,392.2,32.4,1380.6,1015.7
96,35,0,0.5469,52.3,2.9,516.9,435.0
97,1,0,0.8004,381.2,42.6,1391.2,1053.0
97,35,0,0.599,68.7,2.8,536.0,437.0
98,1,0,0.8144,376.7,48.1,1385.9,1062.4
98,35,0,0.5554,81.3,2.6,552.3,440.3
99,1,0,0.6675,371.6,53.2,1375.1,1065.6
99,35,0,0.5002,85.3,2.7,560.3,444.3
100,1,0,0.8098,334.3,58.3,1340.2,1063.0
100,35,0,0.6362,95.0,2.9,573.0,447.3
101,1,0,0.8621,322.9,66.5,1323.8,1059.9
101,35,0,0.5479,103.9,3.0,584.4,449.2
102,1,0,0.8997,315.9,78.4,1311.6,1060.2
102,35,0,0.4929,113.9,2.8,596.9,450.4
103,1,0,0.8529,309.3,89.6,1300.9,1062.5
103,35,0,0.4498,119.6,2.9,603.2,450.1
104,1,0,0.8935,309.2,102.1,1292.6,1064.4
104,35,0,0.5007,126.2,2.9,611.4,450.7
104,24,0,0.8472,1744.0,269.8,1903.7,1065.7
105,1,0,0.91,312.7,110.9,1290.4,1065.5
105,35,0,0.5957,141.4,3.4,625.9,450.5
105,24,0,0.9237,1714.3,257.2,1895.5,1068.0
106,1,0,0.9315,321.7,124.2,1289.0,1067.2
106,35,0,0.4604,153.3,3.0,641.8,453.1
106,24,0,0.9311,1674.5,261.2,1879.5,1069.7
107,1,0,0.9338,325.3,126.4,1290.8,1067.2
107,35,0,0.558,162.9,3.2,650.9,453.1
107,24,0,0.9435,1628.9,272.6,1860.3,1070.3
108,1,0,0.8851,328.0,118.9,1298.6,1062.4
108,35,0,0.66,172.5,3.1,659.4,453.6
108,24,0,0.9504,1582.3,282.2,1842.6,1070.6
109,1,0,0.8586,331.2,111.9,1310.8,1064.0
109,35,0,0.6613,184.5,2.9,673.2,456.7
109,24,0,0.9559,1532.4,283.5,1825.9,1070.7
110,1,0,0.8445,334.4,103.7,1321.9,1062.3
110,35,0,0.6451,191.2,2.9,681.5,459.2
110,24,0,0.9609,1481.6,280.9,1810.7,1070.2
111,1,0,0.8673,338.4,95.9,1333.2,1059.8
111,35,0,0.6593,209.8,3.0,702.0,460.9
111,24,0,0.959,1447.4,272.1,1810.3,1070.2
112,1,0,0.8098,362.5,78.9,1368.5,1057.8
112,35,0,0.7177,219.4,3.1,709.0,460.8
112,24,0,0.9663,1427.0,260.3,1819.4,1070.0
113,1,0,0.7747,370.9,67.3,1384.4,1057.4
113,35,0,0.6686,230.5,3.0,717.9,461.1
113,24,0,0.9319,1394.0,251.1,1810.2,1070.1
114,1,0,0.7934,378.0,62.4,1388.0,1052.0
114,35,0,0.7025,240.4,3.0,725.7,462.3
114,24,0,0.9352,1340.5,244.1,1778.1,1070.2
114,38,0,0.6648,1791.7,711.8,1914.3,1070.2
115,1,0,0.837,388.1,58.4,1400.3,1054.2
115,35,0,0.6996,255.2,3.2,738.9,463.9
115,24,0,0.9281,1283.1,240.1,1739.8,1070.3
115,38,0,0.7963,1763.7,670.9,1901.4,1071.0
116,1,0,0.8751,393.6,57.0,1405.6,1056.7
116,35,0,0.8123,270.2,3.2,751.1,465.1
116,24,0,0.9253,1222.1,237.7,1693.7,1069.2
116,38,0,0.8265,1730.7,620.8,1887.4,1070.4
117,1,0,0.8964,399.6,58.7,1406.6,1057.0
117,35,0,0.7864,281.5,3.2,760.6,467.6
117,24,0,0.9314,1177.6,244.2,1654.1,1068.3
117,38,0,0.7799,1697.3,555.2,1879.6,1069.7
118,1,0,0.9131,400.6,63.8,1401.2,1059.0
118,35,0,0.8323,290.6,3.3,764.9,467.9
118,24,0,0.907,1139.4,257.4,1610.8,1068.5
118,38,0,0.8842,1660.3,508.1,1864.8,1070.3
119,1,0,0.9116,398.3,75.8,1387.0,1061.4
119,35,0,0.6886,302.2,3.2,770.2,466.9
119,24,0,0.9113,1102.8,275.7,1560.5,1068.9
119,38,0,0.8614,1584.7,232.8,1889.2,1067.2
120,1,0,0.9482,389.8,92.2,1362.5,1062.7
120,35,0,0.7594,309.4,3.1,773.4,468.3
120,24,0,0.5403,1088.5,345.4,1500.5,1068.4
120,38,0,0.73,1513.2,78.0,1869.1,1058.4
121,1,0,0.9395,385.0,101.8,1349.6,1065.3
121,35,0,0.712,310.7,3.1,770.1,470.3
121,38,0,0.7244,1451.3,6.5,1829.5,1056.3
122,1,0,0.9479,382.7,108.4,1341.6,1066.6
122,35,0,0.7196,315.4,2.9,768.6,471.4
122,38,0,0.6955,1393.5,0.0,1776.9,1053.4
123,1,0,0.9534,380.4,108.8,1338.1,1066.4
123,35,0,0.7198,317.7,2.7,763.0,472.5
123,38,0,0.6735,1333.8,0.0,1713.9,1053.6
124,1,0,0.9329,374.3,106.2,1331.1,1064.7
124,35,0,0.7382,311.2,2.7,751.0,475.1
124,38,0,0.8649,1373.0,0.0,1767.8,1054.2
125,1,0,0.9316,355.1,98.4,1316.0,1065.0
125,35,0,0.408,294.4,3.0,725.3,476.7
125,38,0,0.8834,1366.4,0.0,1781.7,1045.1
126,1,0,0.9157,337.7,87.9,1298.2,1063.7
126,35,0,0.3496,289.5,3.2,713.0,481.2
126,38,0,0.9251,1336.8,0.3,1777.1,1051.8
127,1,0,0.9355,325.9,78.7,1285.4,1063.3
127,38,0,0.9438,1283.3,15.2,1753.6,1054.2
127,44,0,0.7817,401.6,289.8,639.7,589.0
128,1,0,0.9298,310.8,73.4,1264.4,1062.9
128,38,0,0.9274,1222.7,27.8,1728.6,1055.3
128,44,0,0.8059,353.6,283.0,626.1,625.1
128,45,0,0.7026,135.3,283.0,597.3,1068.2
129,1,0,0.7492,294.6,70.4,1237.0,1061.3
129,38,0,0.6673,1142.4,33.0,1691.6,1049.0
129,45,0,0.8955,108.6,283.1,572.9,1069.2
130,1,0,0.8442,260.4,70.9,1184.5,1061.5
130,38,0,0.6316,1052.6,32.0,1643.9,1042.7
130,45,0,0.906,66.6,293.0,527.0,1069.5
130,35,0,0.4389,267.6,3.4,686.7,490.6
131,1,0,0.9325,221.2,79.0,1118.2,1063.6
131,38,0,0.7666,952.6,21.0,1598.1,1050.9
131,45,0,0.9219,21.5,308.0,474.1,1069.9
131,35,0,0.5566,260.1,3.7,677.2,504.1
132,1,0,0.8937,185.7,82.4,1052.7,1062.2
132,38,0,0.8672,853.8,16.8,1539.8,1059.0
132,45,0,0.9322,0.0,332.3,418.7,1069.8
132,35,0,0.6794,248.9,3.0,669.7,521.3
133,1,0,0.869,166.3,92.9,990.4,1054.0
133,38,0,0.7386,745.5,14.8,1474.5,1057.6
133,45,0,0.9363,0.0,356.7,374.6,1069.9
133,35,0,0.6258,237.4,3.1,654.4,526.4
134,1,0,0.7047,269.5,55.8,1139.8,1058.7
134,45,0,0.8739,0.0,379.0,362.2,1068.3
134,35,0,0.6575,224.0,3.5,637.4,530.9
134,48,0,0.3999,1069.1,28.5,1611.3,1034.8
135,1,0,0.5865,327.3,34.2,1230.8,1052.4
135,45,0,0.878,0.0,399.1,350.2,1068.3
135,35,0,0.7542,212.2,2.8,624.3,534.0
135,48,0,0.3523,1016.9,23.9,1562.8,1038.4
136,1,0,0.8097,384.7,23.1,1327.6,1056.3
136,45,0,0.908,0.0,434.0,323.5,1069.2
136,35,0,0.8242,197.7,2.6,609.3,539.4
137,1,0,0.7509,324.3,29.9,1282.7,1059.6
137,35,0,0.711,169.1,2.7,577.5,543.5
138,1,0,0.8404,270.0,44.9,1230.5,1058.5
138,35,0,0.7635,153.4,3.2,555.6,542.2
138,51,0,0.6647,0.0,630.3,187.9,1069.1
139,1,0,0.7474,178.8,57.6,1134.4,1040.3
139,35,0,0.3655,144.6,3.6,537.1,535.5
140,1,0,0.8831,96.6,63.1,1064.8,1049.4
140,53,0,0.5296,659.8,44.4,816.0,199.0
140,38,0,0.8323,619.7,151.5,1244.2,1060.3
141,1,0,0.813,46.7,69.5,1017.9,1054.2
141,53,0,0.4108,632.9,43.6,813.9,223.2
141,38,0,0.8821,612.2,156.3,1234.7,1067.2
142,1,0,0.8134,17.5,82.3,982.3,1059.6
142,53,0,0.5205,601.4,45.5,801.3,245.1
142,38,0,0.9208,605.6,153.5,1228.6,1067.2
143,1,0,0.7391,0.0,65.9,937.3,1053.6
143,38,0,0.9284,600.6,143.6,1227.8,1066.3
144,1,0,0.5151,0.0,79.9,869.1,1059.5
144,38,0,0.9089,567.7,133.6,1204.3,1064.5
144,35,0,0.456,212.9,3.1,544.8,472.6
144,53,0,0.7443,414.4,50.8,827.4,472.9
145,1,0,0.5688,0.0,54.1,862.7,1060.5
145,38,0,0.9196,513.8,121.3,1167.1,1062.1
145,35,0,0.5935,184.8,2.6,542.9,522.6
145,53,0,0.6554,366.6,53.8,810.4,520.0
146,1,0,0.4852,0.0,30.5,752.5,1049.1
146,38,0,0.9122,450.3,112.1,1126.8,1065.6
146,35,0,0.4883,145.5,2.7,497.5,519.4
146,53,0,0.5057,322.8,56.5,769.9,539.5
147,38,0,0.9341,401.3,105.1,1097.6,1067.0
147,35,0,0.7096,98.1,3.4,453.2,519.3
148,38,0,0.9295,352.8,100.9,1065.0,1063.0
148,35,0,0.7714,40.0,3.1,404.1,526.2
148,57,0,0.5435,371.1,55.1,593.2,513.3
149,38,0,0.9471,307.3,95.6,1039.2,1062.3
149,35,0,0.7602,17.2,2.6,386.2,527.8
149,57,0,0.6739,340.0,54.7,563.1,514.3
149,51,0,0.7871,0.0,378.0,290.5,1066.8
150,38,0,0.9573,258.5,94.2,1012.6,1063.4
150,35,0,0.7742,0.0,2.6,357.0,526.9
150,57,0,0.5512,300.6,54.9,524.7,514.8
151,38,0,0.9446,223.8,89.9,997.6,1062.5
151,35,0,0.755,0.0,2.3,336.7,523.5
151,57,0,0.529,259.4,53.2,485.4,513.5
152,38,0,0.9593,198.9,89.9,987.0,1062.5
152,35,0,0.7974,0.0,2.5,312.3,519.5
152,57,0,0.5622,246.6,48.0,473.5,509.5
153,38,0,0.9608,181.8,97.5,977.6,1064.1
153,35,0,0.803,0.0,2.8,305.2,517.7
153,57,0,0.7037,238.4,45.5,466.7,509.5
154,38,0,0.9661,173.2,103.8,974.2,1064.3
154,35,0,0.8068,0.0,2.1,298.0,518.4
154,57,0,0.5086,218.8,45.6,450.9,511.3
155,38,0,0.9661,170.5,113.0,974.3,1066.2
155,35,0,0.7776,0.0,2.6,293.6,519.7
155,57,0,0.6679,230.1,47.5,461.9,513.5
156,38,0,0.97,170.0,122.5,975.4,1068.2
156,35,0,0.7819,0.0,2.4,297.1,522.7
156,57,0,0.6038,238.0,47.3,470.4,515.9
156,64,0,0.3197,1330.3,3.8,1689.3,495.8
157,38,0,0.9734,169.1,125.0,980.2,1068.8
157,35,0,0.7453,0.0,2.5,296.5,524.2
157,57,0,0.3426,245.1,49.5,476.3,517.1
157,64,0,0.5096,1332.7,3.4,1690.3,493.5
158,38,0,0.9712,167.5,117.4,990.4,1067.2
158,35,0,0.4445,1.5,2.6,329.6,525.4
158,64,0,0.339,1336.9,3.3,1693.7,492.4
159,38,0,0.9596,164.0,104.6,1002.3,1065.8
159,35,0,0.4879,3.6,2.6,334.6,527.5
159,64,0,0.3613,1342.0,3.4,1697.5,490.5
159,65,0,0.4499,341.5,51.7,462.4,202.3
160,38,0,0.9497,163.1,98.3,1012.1,1065.2
160,35,0,0.5112,0.0,2.4,329.6,527.5
160,64,0,0.3529,1349.2,3.6,1705.6,491.8
161,38,0,0.9588,161.2,94.0,1019.1,1065.9
161,35,0,0.5494,7.9,2.0,342.0,527.1
161,64,0,0.3611,1354.8,3.8,1713.8,495.3
162,38,0,0.9564,158.2,90.4,1023.1,1066.1
162,35,0,0.5277,10.2,2.2,349.2,530.5
162,64,0,0.3228,1361.9,3.8,1723.0,498.0
163,38,0,0.9507,152.6,77.7,1029.9,1065.2
163,35,0,0.4203,11.1,2.0,354.5,532.8
163,64,0,0.3425,1368.7,3.6,1732.6,501.7
164,38,0,0.9513,152.6,77.0,1033.2,1065.4
164,35,0,0.4696,10.4,2.1,359.3,537.7
165,38,0,0.961,149.0,67.9,1038.2,1065.3
165,35,0,0.5345,14.7,2.0,367.5,537.7
165,64,0,0.4919,1387.0,3.6,1750.8,501.3
166,38,0,0.9556,153.3,71.5,1041.4,1065.6
166,35,0,0.4963,17.5,2.2,374.4,537.6
166,64,0,0.5891,1397.9,3.7,1761.4,500.5
167,38,0,0.9572,155.3,67.2,1047.6,1064.8
167,35,0,0.5565,23.6,2.0,387.2,538.3
167,64,0,0.4455,1411.5,3.4,1774.8,499.6
168,38,0,0.9564,164.9,65.9,1058.7,1064.0
168,35,0,0.5918,31.8,2.1,400.7,534.6
168,64,0,0.3698,1429.6,3.4,1791.3,496.2
169,38,0,0.9359,185.5,75.0,1074.4,1064.4
169,35,0,0.612,37.6,2.2,413.1,531.5
170,38,0,0.9595,200.5,75.5,1090.4,1063.3
170,35,0,0.7561,46.2,2.4,429.5,529.7
171,38,0,0.9529,228.0,87.4,1111.3,1064.9
171,35,0,0.7212,51.7,2.0,443.3,530.4
171,64,0,0.3436,1481.2,3.3,1841.7,493.2
172,38,0,0.9561,248.6,92.1,1129.6,1064.1
172,35,0,0.7625,61.0,2.3,462.9,532.9
172,64,0,0.3706,1496.0,3.3,1857.7,494.0
173,38,0,0.9616,270.9,100.1,1148.1,1065.0
174,38,0,0.9496,286.7,108.5,1160.2,1066.6
175,38,0,0.9166,319.2,129.3,1175.1,1067.2
175,64,0,0.3055,1531.4,3.2,1898.6,496.7
176,38,0,0.4897,295.7,131.4,1157.1,1066.8
176,64,0,0.3358,1534.2,3.2,1903.8,497.2
177,38,0,0.3436,294.3,138.1,1155.6,1064.1
178,35,0,0.7519,89.4,2.5,498.8,536.7
179,35,0,0.8374,108.7,2.3,523.4,534.6
180,35,0,0.8008,122.9,2.4,541.1,533.0
180,38,0,0.7088,275.8,86.2,1166.6,1062.0
181,35,0,0.767,136.1,2.2,557.5,533.3
181,68,0,0.3982,553.8,61.2,734.1,494.6
181,38,0,0.9191,348.2,75.7,1249.1,1060.6
182,35,0,0.7553,157.4,2.2,584.1,536.0
182,38,0,0.7427,385.7,69.2,1298.2,1063.2
183,35,0,0.7518,171.7,2.1,600.4,536.5
183,38,0,0.9277,397.9,61.4,1318.9,1062.9
183,68,0,0.4143,600.9,54.6,775.5,474.6
184,35,0,0.6495,190.1,2.1,623.0,538.2
184,38,0,0.9401,405.1,56.8,1331.2,1061.8
184,68,0,0.3955,619.1,59.2,789.2,468.9
185,35,0,0.7874,212.7,2.0,649.1,538.3
185,38,0,0.9266,411.4,53.8,1342.2,1062.5
186,35,0,0.7869,228.3,2.1,667.0,539.1
186,38,0,0.9229,430.0,52.7,1361.9,1062.0
186,69,0,0.8814,1756.5,497.6,1894.9,1071.1
187,38,0,0.9346,456.7,53.2,1385.7,1062.3
187,69,0,0.9159,1724.2,493.4,1866.1,1071.3
188,38,0,0.6033,549.1,60.2,1449.4,1062.0
188,69,0,0.9351,1679.6,486.8,1829.1,1071.6
189,38,0,0.347,500.7,74.2,1393.0,1061.8
189,69,0,0.943,1634.2,471.3,1797.2,1071.2
190,38,0,0.3461,477.6,61.5,1385.0,1061.5
190,69,0,0.9487,1592.2,451.3,1774.2,1071.2
190,35,0,0.5095,277.2,3.9,712.7,533.9
191,38,0,0.4451,453.3,69.8,1348.2,1054.3
191,35,0,0.7841,290.3,4.3,723.5,531.1
192,38,0,0.9308,443.4,77.4,1335.3,1057.5
192,35,0,0.748,294.3,3.3,727.7,534.1
193,38,0,0.9064,427.7,81.5,1319.9,1059.3
193,35,0,0.8036,294.6,2.8,722.2,535.1
193,69,0,0.9015,1497.9,424.6,1716.4,1069.0
194,38,0,0.926,424.4,90.1,1316.3,1062.7
194,35,0,0.599,291.9,2.8,714.8,542.2
194,71,0,0.408,13.2,51.0,927.4,1061.4
194,69,0,0.9438,1433.6,429.0,1682.4,1069.1
195,38,0,0.8835,425.3,79.0,1324.0,1060.0
195,35,0,0.6548,309.4,2.8,739.1,565.9
195,69,0,0.9159,1364.8,444.0,1638.3,1067.9
196,38,0,0.8721,430.7,64.6,1321.6,1040.6
196,35,0,0.3712,347.5,3.5,746.8,547.2
196,69,0,0.896,1301.1,458.3,1585.0,1048.6
197,38,0,0.7146,436.7,51.8,1336.3,1042.5
197,69,0,0.8107,1250.5,481.0,1545.5,1056.4
198,38,0,0.3122,482.3,68.5,1365.9,1052.5
198,69,0,0.5361,1269.4,641.5,1500.5,1066.1
199,38,0,0.4655,423.7,56.3,1322.3,1056.9
199,69,0,0.379,1258.2,730.5,1448.6,1071.2
199,71,0,0.369,0.0,8.2,926.7,1051.6
200,38,0,0.5541,450.6,71.5,1345.4,1060.0
200,72,0,0.505,921.8,58.6,1156.2,471.9
201,38,0,0.6844,370.6,30.9,1290.1,1047.9
201,72,0,0.6378,939.3,73.7,1170.4,481.9
202,38,0,0.8414,341.2,20.5,1278.9,1056.3
203,38,0,0.6853,367.1,11.9,1296.0,1022.9
204,38,0,0.4578,531.6,13.3,1456.5,1026.4
204,71,0,0.8883,199.8,48.1,1078.0,1058.2
205,38,0,0.5956,678.3,15.5,1597.7,1024.3
205,71,0,0.6301,269.7,52.6,1105.9,1036.0
206,38,0,0.7204,813.1,26.0,1726.1,1023.8
206,71,0,0.9066,302.6,63.2,1127.7,1051.7
206,68,0,0.6095,1019.2,93.4,1132.2,349.0
207,38,0,0.5915,916.7,19.8,1844.3,1028.2
207,71,0,0.9187,325.2,76.7,1133.0,1058.7
207,68,0,0.6565,1033.5,104.8,1154.0,364.8
208,38,0,0.3858,994.5,10.9,1898.1,990.1
208,71,0,0.8425,349.4,88.7,1142.0,1059.9
208,68,0,0.4704,1049.1,111.6,1180.5,387.3
208,76,0,0.866,245.7,514.9,596.8,1039.2
209,38,0,0.5173,1044.4,9.8,1920.0,1025.1
209,71,0,0.8859,430.9,102.3,1228.5,1063.1
209,76,0,0.8901,198.0,532.6,552.2,1062.7
209,72,0,0.749,1039.8,116.3,1271.6,533.5
210,71,0,0.9531,471.2,109.6,1276.0,1064.7
210,76,0,0.8968,148.3,548.0,498.3,1072.3
210,72,0,0.7826,1068.8,116.2,1313.0,557.4
210,35,0,0.7153,267.2,4.0,700.6,580.1
211,71,0,0.9657,492.3,114.3,1306.5,1068.0
211,76,0,0.915,109.2,547.2,463.2,1074.5
211,72,0,0.8456,1088.7,115.5,1332.8,559.4
212,71,0,0.9534,508.1,120.3,1328.7,1070.7
212,76,0,0.9415,79.3,535.4,446.4,1074.2
212,72,0,0.8349,1102.6,112.0,1346.6,557.1
212,35,0,0.6958,284.6,4.1,720.7,579.6
213,71,0,0.9501,517.8,120.1,1347.4,1070.8
213,76,0,0.9522,47.8,520.9,429.5,1073.4
213,72,0,0.8299,1120.4,113.9,1361.3,556.6
213,35,0,0.5656,297.3,4.6,739.8,587.7
214,71,0,0.9494,522.1,118.2,1360.6,1069.6
214,76,0,0.9463,31.0,506.3,427.3,1073.0
214,72,0,0.817,1133.0,120.6,1370.7,560.7
214,35,0,0.6968,290.5,3.9,770.7,648.8
215,71,0,0.9513,520.6,116.3,1367.5,1068.5
215,76,0,0.924,12.3,493.5,419.8,1073.3
215,72,0,0.8249,1146.2,128.4,1380.2,565.7
215,35,0,0.6362,291.6,3.7,795.1,693.7
216,71,0,0.9618,518.9,112.0,1373.8,1066.0
216,76,0,0.9181,0.0,487.2,397.4,1072.4
216,72,0,0.7999,1157.9,135.9,1386.1,568.2
216,35,0,0.6931,294.9,3.5,804.5,717.2
217,71,0,0.9545,513.1,103.2,1379.1,1064.0
217,76,0,0.8787,0.0,516.6,360.2,1072.2
217,72,0,0.8075,1165.6,142.0,1388.2,569.1
217,35,0,0.6608,303.4,3.7,806.8,721.7
218,71,0,0.9484,504.6,96.1,1381.8,1064.7
218,76,0,0.4285,0.0,617.8,298.6,1071.2
218,72,0,0.8153,1169.2,144.6,1387.2,567.7
218,35,0,0.7591,311.6,4.0,808.9,724.8
219,71,0,0.9439,500.0,87.3,1386.9,1063.3
219,76,0,0.4825,0.0,720.1,230.4,1072.2
219,72,0,0.823,1169.3,148.1,1383.2,565.4
219,35,0,0.7443,320.5,3.3,812.3,726.4
220,71,0,0.9554,499.0,82.4,1392.5,1064.3
220,72,0,0.8534,1160.6,148.7,1374.4,563.8
220,35,0,0.6288,351.3,3.0,794.3,648.6
221,71,0,0.959,496.8,76.2,1396.5,1064.9
221,72,0,0.8485,1143.5,147.8,1361.1,562.1
221,35,0,0.6778,369.1,2.9,787.7,606.6
222,71,0,0.9531,487.8,66.7,1394.3,1064.4
222,72,0,0.8575,1127.8,146.4,1351.4,561.7
222,35,0,0.7199,350.7,2.6,812.1,675.6
223,71,0,0.951,476.2,62.9,1383.9,1064.2
223,72,0,0.8504,1114.8,145.6,1345.1,561.3
223,35,0,0.7742,347.6,2.5,817.8,696.5
224,71,0,0.9484,463.0,64.1,1366.8,1064.2
224,72,0,0.8044,1103.8,145.8,1341.7,562.9
224,35,0,0.653,366.2,2.3,790.5,627.1
225,71,0,0.9536,457.1,82.7,1344.0,1065.6
225,72,0,0.8026,1106.1,148.6,1347.1,565.8
225,35,0,0.8054,370.0,3.6,775.0,600.0
226,71,0,0.9427,447.1,90.2,1326.1,1066.9
226,72,0,0.826,1107.5,149.7,1351.0,565.1
226,35,0,0.6488,371.0,4.1,764.3,584.6
227,71,0,0.9513,438.7,88.0,1314.1,1064.3
227,72,0,0.8372,1109.5,147.8,1355.1,561.1
227,35,0,0.7915,377.6,3.9,763.0,573.5
228,71,0,0.9561,437.3,96.9,1301.8,1065.2
228,72,0,0.7876,1119.9,146.1,1367.3,558.9
228,35,0,0.5648,388.3,3.9,769.2,568.5
228,80,0,0.5296,904.5,46.0,1133.8,504.4
229,71,0,0.9591,428.8,107.3,1282.1,1065.5
229,72,0,0.5752,1129.1,147.7,1379.4,561.1
229,35,0,0.6171,404.2,4.8,783.7,567.9
229,80,0,0.7871,914.4,60.2,1144.8,520.5
230,71,0,0.9611,416.3,124.7,1255.3,1067.6
230,72,0,0.7893,1142.2,159.5,1393.0,569.9
230,35,0,0.8443,426.1,3.5,810.1,573.1
230,80,0,0.7392,917.0,70.1,1157.5,550.0
231,71,0,0.9566,400.6,130.8,1234.5,1068.7
231,72,0,0.7235,1161.8,163.9,1413.7,573.3
231,35,0,0.6499,457.5,3.7,842.5,570.0
231,80,0,0.8353,917.8,74.0,1167.1,567.9
232,71,0,0.9664,384.1,128.1,1217.5,1068.0
232,72,0,0.5738,1182.0,165.4,1433.5,570.9
232,80,0,0.8356,917.3,73.9,1171.9,571.0
232,81,0,0.3764,1176.2,163.7,1458.8,1058.8
233,71,0,0.9538,372.2,119.8,1210.4,1067.9
233,72,0,0.3994,1201.7,165.0,1454.0,570.4
233,80,0,0.8305,914.0,74.5,1175.5,573.0
233,81,0,0.5784,1196.0,164.4,1479.9,1063.5
234,71,0,0.9579,363.3,115.1,1203.0,1066.4
234,72,0,0.4931,1217.3,170.6,1470.5,575.8
234,80,0,0.829,904.7,82.0,1175.4,582.2
234,81,0,0.4807,1213.3,170.1,1496.3,1066.3
234,35,0,0.5959,572.4,1.5,868.1,413.0
235,71,0,0.9514,351.1,114.8,1189.9,1066.3
235,72,0,0.3445,1231.5,179.0,1484.8,584.1
235,80,0,0.7734,903.7,91.5,1183.5,592.3
235,81,0,0.3283,1227.1,179.8,1502.3,1052.0
235,35,0,0.4214,584.4,2.3,893.5,420.5
236,71,0,0.9622,337.4,113.9,1176.3,1067.4
236,72,0,0.4394,1244.1,181.3,1496.0,582.3
236,80,0,0.7864,911.8,94.4,1198.3,591.0
236,35,0,0.4626,603.7,2.5,920.0,423.4
237,71,0,0.9583,322.0,108.2,1162.9,1066.9
237,72,0,0.559,1265.9,173.2,1515.8,570.4
237,80,0,0.7656,927.6,83.8,1222.8,580.0
237,35,0,0.6428,622.5,1.8,949.9,432.3
238,71,0,0.9596,304.6,98.6,1148.9,1067.0
238,72,0,0.4264,1288.0,162.4,1538.2,559.2
238,80,0,0.7967,950.8,75.9,1250.9,567.2
238,35,0,0.6166,640.4,2.0,977.3,442.0
239,71,0,0.9461,292.9,97.0,1132.1,1066.3
239,72,0,0.513,1306.3,164.2,1554.9,557.1
239,80,0,0.7839,971.0,74.9,1277.3,565.0
239,35,0,0.6,660.3,2.2,1004.4,450.3
240,71,0,0.951,293.3,99.7,1124.9,1067.4
240,72,0,0.4879,1331.2,170.1,1581.3,564.5
240,80,0,0.7792,997.8,83.6,1309.1,572.2
240,35,0,0.5798,681.9,2.6,1035.4,462.9
241,71,0,0.9666,301.5,102.8,1125.2,1067.2
241,72,0,0.4642,1364.0,176.6,1614.4,571.7
241,80,0,0.8204,1029.9,93.4,1345.3,579.0
241,35,0,0.3864,713.9,3.4,1075.0,475.8
242,71,0,0.9543,320.5,98.5,1140.9,1065.5
242,72,0,0.486,1401.7,179.4,1651.3,573.2
242,80,0,0.7806,1065.6,94.5,1386.8,580.2
242,35,0,0.3318,751.5,3.7,1117.6,484.9
243,71,0,0.9461,340.7,101.2,1155.3,1066.5
243,72,0,0.5433,1440.5,176.9,1688.9,569.3
243,80,0,0.7353,1103.5,95.7,1427.0,576.6
243,35,0,0.3527,785.5,3.5,1157.8,495.1
244,71,0,0.9538,362.9,97.5,1173.5,1065.5
244,72,0,0.5348,1477.2,175.0,1724.6,565.2
244,80,0,0.7422,1141.3,94.9,1467.8,573.5
244,35,0,0.3284,818.2,3.4,1199.5,511.3
245,71,0,0.963,385.9,102.5,1186.1,1066.2
245,72,0,0.4999,1514.9,173.3,1760.5,561.4
245,80,0,0.765,1179.1,91.8,1509.6,570.5
245,35,0,0.7367,849.0,3.2,1243.5,534.8
246,71,0,0.9524,406.1,106.7,1196.8,1066.7
246,72,0,0.5384,1553.2,175.4,1797.9,561.8
246,80,0,0.7014,1215.6,95.0,1549.2,572.7
246,35,0,0.8256,878.9,3.2,1284.9,558.4
247,71,0,0.9502,426.9,118.2,1204.5,1068.6
247,72,0,0.5636,1591.3,177.3,1836.5,564.9
247,80,0,0.7246,1254.8,100.3,1589.8,574.9
247,35,0,0.8504,915.0,3.4,1324.7,571.0
248,71,0,0.9579,450.5,127.2,1215.5,1068.2
248,72,0,0.4332,1631.0,181.1,1875.9,568.2
248,80,0,0.7408,1296.0,106.0,1631.3,576.7
248,35,0,0.8908,951.9,4.3,1361.6,577.8
249,71,0,0.9371,496.1,135.9,1244.3,1067.4
249,72,0,0.5397,1673.3,182.9,1916.1,567.7
249,80,0,0.7821,1339.9,107.2,1677.4,576.3
249,35,0,0.9011,996.0,3.9,1404.2,580.9
249,85,0,0.8594,0.0,354.6,454.9,1067.5
250,71,0,0.9511,512.8,144.9,1249.9,1067.1
250,72,0,0.5784,1704.4,183.6,1920.0,567.4
250,80,0,0.7669,1381.9,107.7,1721.3,575.5
250,35,0,0.8988,1041.6,3.9,1448.2,583.5
250,85,0,0.8883,0.0,258.7,525.7,1067.8
251,71,0,0.9339,529.4,153.0,1258.8,1068.8
251,72,0,0.578,1733.2,183.6,1920.0,567.1
251,80,0,0.727,1424.5,107.3,1767.0,575.4
251,35,0,0.7422,1085.5,3.8,1491.3,588.1
251,85,0,0.913,0.0,183.8,583.9,1067.7
252,71,0,0.9502,551.4,155.4,1275.7,1069.1
252,72,0,0.4938,1765.1,181.5,1920.0,562.5
252,80,0,0.6693,1471.1,104.2,1816.7,573.0
252,35,0,0.6387,1133.5,3.5,1537.6,590.3
252,85,0,0.9102,0.0,128.9,623.0,1065.8
253,71,0,0.9428,568.4,145.2,1295.5,1067.1
253,80,0,0.7216,1521.5,97.5,1868.2,563.3
253,35,0,0.6745,1171.5,2.5,1602.2,638.9
253,85,0,0.7055,4.6,89.9,668.8,1062.9
254,71,0,0.937,601.2,133.1,1330.2,1064.9
254,80,0,0.8067,1569.3,88.6,1916.4,555.7
254,35,0,0.7213,1224.9,2.2,1663.8,661.8
254,85,0,0.7627,76.3,72.4,749.7,1049.0
255,71,0,0.9287,657.1,120.2,1386.5,1065.3
255,80,0,0.6556,1613.6,82.9,1920.0,552.4
255,35,0,0.7293,1293.4,1.8,1733.1,672.8
255,85,0,0.6465,208.7,79.0,873.0,1050.4
256,71,0,0.6647,657.7,113.6,1396.8,1065.1
256,80,0,0.558,1655.9,75.8,1920.0,549.4
256,35,0,0.8125,1368.3,2.1,1802.7,674.1
256,85,0,0.4644,321.6,110.7,965.0,1057.8
257,71,0,0.7492,731.8,107.0,1468.9,1064.7
257,35,0,0.7714,1448.0,2.6,1880.7,680.7
258,71,0,0.8835,794.5,104.8,1529.0,1065.2
258,35,0,0.6624,1520.9,3.4,1920.0,682.0
259,71,0,0.688,845.7,104.4,1578.9,1066.5
259,35,0,0.7313,1573.4,3.9,1920.0,686.7
259,88,0,0.5046,118.3,23.7,405.4,503.7
260,71,0,0.9505,889.4,96.8,1624.8,1065.4
260,35,0,0.7073,1618.7,5.4,1920.0,687.4
260,88,0,0.636,93.1,23.4,542.0,780.1
261,71,0,0.9481,919.9,89.4,1658.4,1064.9
261,35,0,0.6695,1659.6,5.8,1920.0,675.9
261,88,0,0.6987,114.0,21.3,617.1,879.0
262,71,0,0.8263,915.7,84.6,1648.2,1064.9
262,88,0,0.4917,153.2,19.8,666.9,908.1
262,81,0,0.4674,1527.0,265.4,1815.9,1069.2
263,71,0,0.9319,941.3,82.5,1674.8,1064.3
263,88,0,0.6455,194.8,19.5,701.3,910.0
263,81,0,0.8918,1579.9,255.2,1880.8,1067.4
264,71,0,0.9164,951.9,84.0,1685.0,1064.4
264,88,0,0.6093,228.3,18.2,722.2,903.7
264,81,0,0.8283,1623.1,238.3,1920.0,1064.5
265,71,0,0.9573,957.1,95.2,1685.1,1066.3
265,88,0,0.6534,256.9,19.2,737.0,898.5
265,81,0,0.8739,1640.6,227.4,1920.0,1067.8
266,71,0,0.9559,955.1,100.8,1681.7,1066.2
266,88,0,0.6953,282.9,21.1,749.6,894.5
266,81,0,0.6455,1660.3,252.4,1920.0,1069.2
267,71,0,0.9592,954.4,111.7,1677.4,1066.0
267,88,0,0.7249,302.0,18.9,757.2,890.6
267,81,0,0.7611,1693.6,442.1,1919.3,1070.2
268,71,0,0.9636,951.2,117.2,1676.4,1066.4
268,88,0,0.7391,319.1,22.0,760.3,886.9
268,81,0,0.8259,1716.9,579.0,1902.2,1070.4
269,71,0,0.9565,937.9,115.8,1670.7,1066.8
269,88,0,0.7371,332.0,22.4,760.4,881.3
269,81,0,0.4916,1757.6,638.5,1919.2,1069.0
269,93,0,0.4368,14.4,25.2,125.1,498.6
270,71,0,0.9514,921.1,109.2,1664.9,1066.4
270,88,0,0.6444,342.5,21.9,759.9,876.8
270,93,0,0.3518,6.3,18.8,118.2,496.8
271,71,0,0.9512,899.8,104.6,1653.3,1066.0
271,88,0,0.625,346.7,22.2,753.8,873.9
272,71,0,0.9526,880.3,105.7,1640.7,1067.4
272,88,0,0.7059,347.3,22.5,745.5,873.3
272,93,0,0.3518,19.1,23.5,132.1,498.7
273,71,0,0.9487,863.7,103.8,1633.4,1067.6
273,88,0,0.7838,348.5,22.3,738.5,872.7
273,93,0,0.3899,21.9,23.5,137.3,499.9
274,71,0,0.9511,854.9,95.0,1636.5,1066.0
274,88,0,0.6798,350.8,22.4,733.0,871.8
274,93,0,0.4437,19.5,24.8,136.6,500.5
275,71,0,0.9538,847.4,91.6,1638.3,1065.8
275,88,0,0.7448,353.1,21.3,729.2,871.1
275,93,0,0.3631,18.4,25.8,137.3,499.9
276,71,0,0.9521,834.4,96.0,1629.8,1066.5
276,88,0,0.7398,341.0,19.9,710.3,870.0
276,93,0,0.3438,11.0,32.6,128.6,498.0
277,71,0,0.968,809.8,101.8,1605.3,1064.9
277,88,0,0.7025,319.2,22.0,682.5,869.8
278,71,0,0.9639,770.6,117.6,1560.6,1065.8
278,88,0,0.6106,270.8,23.1,631.9,877.9
279,71,0,0.9416,722.7,135.8,1505.7,1067.7
279,88,0,0.6417,208.7,24.8,567.8,885.1
280,71,0,0.935,670.3,155.8,1441.5,1067.5
280,88,0,0.444,135.4,24.5,492.9,888.1
281,71,0,0.9335,610.4,167.5,1375.8,1068.2
282,71,0,0.9515,558.1,179.2,1317.1,1068.3
282,95,0,0.5745,1476.9,3.4,1854.8,583.9
283,71,0,0.9453,507.8,179.3,1268.9,1067.8
283,95,0,0.6537,1402.8,3.0,1781.3,584.3
283,97,0,0.4957,0.0,20.8,234.6,875.7
284,71,0,0.9593,462.1,170.3,1232.4,1067.9
284,95,0,0.6766,1322.3,3.1,1700.0,583.3
284,98,0,0.792,1662.8,102.8,1888.7,573.4
285,71,0,0.9584,421.6,158.8,1203.8,1070.5
285,95,0,0.5884,1226.9,2.3,1656.7,666.7
285,98,0,0.7224,1631.0,104.6,1859.3,574.5
286,71,0,0.9555,386.2,143.7,1180.8,1069.3
286,95,0,0.5357,1156.8,2.6,1603.4,698.3
286,98,0,0.6925,1578.7,106.8,1809.1,573.2
287,71,0,0.9516,348.8,127.1,1155.7,1066.7
287,95,0,0.671,1098.9,2.3,1544.6,702.3
287,98,0,0.6996,1519.5,108.2,1753.0,571.0
288,71,0,0.956,313.3,112.8,1132.3,1065.7
288,95,0,0.6705,1067.5,2.4,1467.5,630.4
288,98,0,0.6907,1459.4,105.6,1699.1,570.0
288,99,0,0.6403,1765.0,183.1,1898.7,563.0
289,71,0,0.9565,277.3,96.3,1108.9,1064.4
289,95,0,0.7251,1027.2,2.8,1405.8,597.1
289,98,0,0.7527,1402.5,104.7,1648.3,570.0
289,99,0,0.7154,1740.5,182.7,1876.4,563.1
290,71,0,0.9522,244.8,92.9,1080.5,1064.9
290,95,0,0.8713,982.2,2.9,1352.5,583.8
290,98,0,0.754,1349.4,107.1,1600.7,571.6
290,99,0,0.5898,1697.2,184.3,1836.3,565.3
291,71,0,0.9592,212.7,90.4,1052.0,1065.1
291,95,0,0.8984,943.5,2.7,1312.1,579.8
291,98,0,0.6805,1302.5,108.7,1560.6,573.8
291,99,0,0.6995,1651.3,188.2,1793.5,567.0
292,71,0,0.9609,196.6,89.7,1039.0,1065.4
292,95,0,0.9148,913.4,2.6,1282.5,579.8
292,98,0,0.7406,1266.7,111.4,1530.3,574.6
292,99,0,0.7033,1615.4,188.8,1762.4,568.4
293,71,0,0.9617,190.6,92.1,1035.1,1067.6
293,95,0,0.9141,895.3,2.7,1263.0,577.0
293,98,0,0.5554,1243.9,111.5,1513.3,574.0
293,99,0,0.5477,1594.2,190.1,1744.8,566.4
294,71,0,0.9587,193.3,90.8,1041.9,1067.0
294,95,0,0.9011,892.6,2.7,1259.8,575.6
294,98,0,0.6606,1234.4,108.7,1510.6,572.8
294,99,0,0.5892,1586.0,189.6,1741.6,564.8
295,71,0,0.9638,210.0,94.8,1059.2,1065.8
295,95,0,0.9001,902.8,2.6,1270.3,575.4
295,98,0,0.6199,1240.7,107.2,1522.2,570.3
295,99,0,0.5007,1593.0,189.1,1753.7,563.0
296,71,0,0.9754,232.8,105.2,1080.4,1067.1
296,95,0,0.8918,920.7,2.5,1287.8,574.1
296,98,0,0.58,1256.0,109.3,1541.1,569.3
296,99,0,0.5713,1606.6,189.3,1772.2,561.5
297,71,0,0.9708,257.3,113.5,1105.4,1068.6
297,95,0,0.8829,945.6,2.2,1313.3,574.7
297,98,0,0.6173,1277.4,107.4,1567.9,568.0
297,99,0,0.4677,1625.5,186.2,1797.0,559.0
298,71,0,0.9639,281.5,114.8,1135.4,1068.8
298,95,0,0.6265,977.5,2.4,1342.5,569.8
298,98,0,0.6925,1306.8,105.9,1601.3,564.4
298,99,0,0.5903,1652.5,181.8,1830.0,555.4
299,71,0,0.9639,302.8,102.5,1170.3,1067.6
299,95,0,0.6269,989.3,2.2,1393.8,639.9
299,98,0,0.69,1335.0,102.6,1633.0,559.0
299,99,0,0.6602,1679.4,178.1,1862.0,552.2
299,97,0,0.619,14.4,173.0,293.4,1068.3
300,71,0,0.9439,325.0,87.8,1205.1,1065.8
300,95,0,0.5898,1030.2,2.6,1410.5,601.1
300,98,0,0.7341,1364.8,99.9,1666.0,554.8
300,99,0,0.723,1702.5,177.7,1887.7,549.3
300,97,0,0.7964,0.0,129.1,256.1,1068.1
301,71,0,0.9566,340.3,84.8,1225.1,1066.1
301,95,0,0.7089,1063.8,3.0,1432.3,582.1
301,98,0,0.6908,1389.9,99.1,1695.3,554.7
301,99,0,0.7023,1719.7,177.4,1905.9,548.6
301,97,0,0.6645,0.0,98.0,282.1,1068.5
302,71,0,0.9624,350.7,67.9,1248.7,1065.4
302,95,0,0.5781,1070.0,2.6,1475.6,649.3
302,98,0,0.6471,1413.6,100.5,1721.6,554.1
302,99,0,0.656,1731.8,177.4,1917.5,548.3
302,97,0,0.7068,33.2,82.8,341.6,1069.9
303,71,0,0.9552,361.1,65.9,1262.5,1065.5
303,95,0,0.7325,1084.9,2.4,1498.8,670.5
303,98,0,0.7212,1432.0,97.9,1743.9,553.0
303,99,0,0.636,1744.7,176.1,1920.0,545.8
303,97,0,0.8953,58.7,72.1,389.0,1068.5
304,71,0,0.9551,369.4,58.9,1279.3,1065.4
304,95,0,0.5702,1101.1,2.5,1517.1,682.5
304,98,0,0.6902,1447.0,98.1,1761.3,552.0
304,99,0,0.5562,1755.0,174.6,1920.0,543.1
304,97,0,0.8802,90.4,70.2,441.1,1063.5
305,71,0,0.9494,375.8,50.4,1276.2,1041.6
305,95,0,0.7605,1118.2,2.8,1530.1,683.2
305,98,0,0.7259,1459.4,100.7,1774.1,550.6
305,99,0,0.5282,1760.2,175.0,1920.0,544.5
305,97,0,0.5903,192.8,78.9,506.3,928.2
306,71,0,0.952,369.8,56.0,1279.9,1054.9
306,95,0,0.6811,1134.3,2.8,1538.9,677.0
306,98,0,0.7199,1468.7,103.5,1786.4,553.7
306,99,0,0.6498,1768.1,180.8,1920.0,549.5
307,71,0,0.9445,376.3,64.4,1285.7,1060.5
307,95,0,0.8208,1146.6,2.5,1550.2,680.9
307,98,0,0.7423,1478.8,111.1,1797.8,558.4
307,99,0,0.5078,1775.7,187.2,1920.0,554.1
308,71,0,0.9038,396.2,82.8,1293.9,1063.6
308,95,0,0.7833,1159.4,2.6,1561.2,683.2
308,98,0,0.6658,1486.9,116.6,1807.0,561.7
308,99,0,0.571,1781.3,191.3,1920.0,556.5
308,97,0,0.4505,118.1,17.5,500.4,984.9
309,71,0,0.923,426.7,83.2,1319.9,1064.3
309,95,0,0.7481,1171.3,2.6,1571.6,686.1
309,98,0,0.6777,1496.8,117.3,1817.2,559.4
309,99,0,0.5685,1789.5,191.0,1920.0,554.6
310,71,0,0.9179,472.2,97.8,1346.0,1066.5
310,95,0,0.8198,1185.3,2.7,1581.5,684.1
310,98,0,0.6751,1506.4,115.5,1828.0,556.4
310,99,0,0.6456,1797.1,188.4,1920.0,552.0
310,105,0,0.7558,792.1,95.4,1064.2,474.5
310,97,0,0.7495,132.2,11.1,572.5,1028.8
311,71,0,0.8189,494.9,115.4,1348.4,1066.0
311,95,0,0.7876,1204.7,2.7,1595.5,679.0
311,98,0,0.6931,1520.5,112.5,1842.8,552.2
311,105,0,0.8132,847.0,91.2,1132.8,487.2
311,97,0,0.7122,157.6,9.0,650.4,1042.3
312,71,0,0.6183,284.5,103.2,1175.7,1065.7
312,95,0,0.7938,1227.6,3.2,1612.2,673.4
312,98,0,0.7501,1538.1,114.6,1859.9,552.3
312,105,0,0.7452,910.2,97.9,1233.5,543.7
313,71,0,0.8052,325.2,60.2,1261.4,1062.6
313,95,0,0.7425,1262.6,3.4,1639.1,667.0
313,98,0,0.7342,1559.5,114.2,1882.1,550.2
313,105,0,0.739,965.3,110.9,1357.5,654.2
314,71,0,0.7658,398.7,44.4,1342.0,1061.1
314,95,0,0.8277,1314.8,3.2,1652.1,593.9
314,98,0,0.7575,1585.9,116.2,1908.1,550.7
314,105,0,0.6896,1020.6,130.9,1491.9,790.6
314,110,0,0.6081,15.8,35.9,136.4,496.4
315,71,0,0.9012,436.5,100.4,1337.4,1062.7
315,95,0,0.839,1362.7,2.7,1684.4,564.1
315,98,0,0.8251,1610.6,120.5,1920.0,550.3
315,105,0,0.8415,1058.9,142.7,1642.8,975.8
315,110,0,0.6771,53.1,33.8,141.9,361.8
316,71,0,0.4066,477.5,131.7,1363.5,1064.6
316,98,0,0.7071,1636.6,122.8,1920.0,549.8
316,105,0,0.7396,1138.1,124.7,1749.3,1009.9
316,113,0,0.5689,0.0,245.6,392.9,1068.2
316,97,0,0.6129,430.6,130.8,877.8,1064.1
317,98,0,0.5481,1658.6,122.7,1920.0,550.2
317,105,0,0.5429,1231.0,85.7,1891.6,1056.0
317,113,0,0.8279,48.4,250.3,445.3,1068.7
317,97,0,0.9168,492.9,153.7,932.0,1066.2
318,113,0,0.8384,169.9,259.3,565.2,1068.7
318,97,0,0.9436,559.3,171.1,1004.8,1067.4
318,116,32,0.8368,729.0,866.9,895.9,1045.2
318,117,0,0.7677,101.6,42.7,355.0,496.4
318,95,0,0.5492,1468.9,6.1,1834.0,629.6
319,113,0,0.8434,281.9,272.4,672.0,1067.8
319,97,0,0.9368,620.0,181.6,1077.6,1067.2
319,116,32,0.7988,746.5,869.7,911.2,1045.7
319,117,0,0.618,98.4,45.7,482.7,739.0
319,105,0,0.537,1212.2,67.8,1915.8,1080.0
320,113,0,0.3219,394.0,315.8,757.8,1066.5
320,116,32,0.6665,764.9,861.7,929.3,1037.5
320,117,0,0.5887,143.6,50.4,570.6,828.5
320,105,0,0.4062,1264.5,63.9,1920.0,1065.4
320,71,0,0.9432,527.1,175.8,1354.8,1068.0
321,116,32,0.7704,782.6,848.9,945.1,1022.9
321,117,0,0.5595,206.6,54.4,642.1,858.3
321,105,0,0.4435,1291.2,43.3,1920.0,1054.6
321,71,0,0.9445,574.7,178.1,1391.1,1067.2
322,117,0,0.5207,280.2,58.4,707.1,858.1
322,105,0,0.4381,1337.2,38.8,1920.0,1033.5
322,71,0,0.9535,598.0,169.1,1413.0,1067.1
323,71,0,0.9581,608.1,154.9,1423.3,1066.7
323,116,32,0.7575,799.8,804.9,960.9,978.8
324,71,0,0.9558,616.3,143.4,1430.6,1068.3
324,125,0,0.735,462.2,60.0,727.3,489.8
324,126,0,0.7899,1061.5,234.2,1647.0,1067.1
325,71,0,0.9591,625.4,133.9,1437.1,1068.7
325,125,0,0.6242,507.8,58.1,770.1,484.6
325,126,0,0.8161,1140.1,222.4,1732.0,1065.6
326,71,0,0.9689,633.6,131.1,1438.6,1068.9
326,125,0,0.4274,553.9,55.5,808.4,474.0
326,126,0,0.6555,1224.8,214.7,1821.0,1063.0
326,127,0,0.5191,26.2,48.6,199.0,487.9
327,71,0,0.9673,648.7,141.7,1440.4,1069.5
327,126,0,0.6895,1294.2,214.5,1893.7,1065.5
327,127,0,0.6007,80.5,50.9,253.3,484.1
328,71,0,0.9651,663.0,149.2,1445.1,1068.4
328,126,0,0.6871,1364.5,217.7,1920.0,1065.7
328,127,0,0.5044,148.3,54.6,322.0,481.9
328,116,32,0.3892,835.3,758.2,988.2,924.4
329,71,0,0.9563,675.0,156.4,1449.8,1068.6
329,126,0,0.6759,1458.5,225.7,1920.0,1064.8
329,127,0,0.5809,224.5,61.7,399.7,480.8
330,71,0,0.9606,683.5,159.8,1455.4,1069.4
330,126,0,0.6934,1515.6,263.6,1920.0,1065.8
330,127,0,0.641,303.0,68.7,481.5,480.5
330,131,0,0.6328,31.9,247.8,221.2,764.3
331,71,0,0.9539,693.7,163.3,1462.7,1070.0
331,127,0,0.651,366.9,80.6,547.1,482.5
331,131,0,0.4718,66.1,248.0,257.5,762.4
331,132,0,0.7689,889.0,83.8,1134.2,427.1
332,71,0,0.9385,704.7,167.6,1469.6,1067.3
332,127,0,0.642,428.5,91.6,612.1,485.3
332,131,0,0.3947,125.4,243.8,321.9,758.1
332,132,0,0.7962,935.5,92.6,1177.1,431.1
333,71,0,0.9278,713.2,174.2,1474.5,1066.7
333,127,0,0.6093,478.9,101.8,665.5,488.2
333,131,0,0.6463,182.7,261.8,377.2,757.1
333,132,0,0.7514,982.8,104.5,1221.6,439.1
333,138,0,0.4841,23.7,55.3,216.4,338.0
334,71,0,0.9388,721.7,182.9,1479.1,1066.5
334,127,0,0.6541,524.4,109.7,713.6,489.4
334,131,0,0.6263,239.6,265.5,436.7,753.4
334,132,0,0.767,1030.7,115.1,1265.5,444.8
334,138,0,0.5623,32.3,65.1,221.4,341.8
334,139,0,0.5441,1248.3,1.5,1523.6,153.1
334,140,0,0.4031,1487.6,2.3,1764.0,184.6
335,71,0,0.9438,733.0,191.0,1486.6,1065.0
335,127,0,0.6156,560.0,116.9,749.9,488.6
335,131,0,0.7056,295.0,274.8,491.3,746.4
335,132,0,0.7754,1073.2,121.4,1304.4,447.8
335,138,0,0.6746,78.1,74.6,263.0,343.9
335,139,0,0.5122,1268.4,1.4,1551.2,157.4
335,140,0,0.5088,1503.3,2.2,1783.6,187.4
336,71,0,0.9567,747.3,208.7,1493.4,1067.5
336,127,0,0.6203,594.6,122.1,785.3,485.8
336,131,0,0.7283,336.8,274.1,535.9,738.6
336,132,0,0.7703,1095.8,124.7,1323.1,447.0
336,138,0,0.6152,125.6,79.8,308.5,344.6
336,139,0,0.6236,1285.3,1.4,1573.1,160.7
336,140,0,0.4266,1519.7,2.3,1804.1,190.9
336,143,0,0.7838,15.7,867.3,152.4,1077.3
336,144,0,0.7529,16.5,549.2,99.6,920.3
337,71,0,0.955,767.2,227.8,1502.9,1067.8
337,127,0,0.6412,624.0,124.7,817.2,482.8
337,131,0,0.78,373.8,276.5,573.4,728.6
337,132,0,0.791,1110.6,128.0,1334.8,449.3
337,138,0,0.6778,165.0,83.6,345.4,343.3
337,139,0,0.5554,1297.8,2.1,1588.8,164.0
337,140,0,0.3996,1525.0,2.2,1811.5,193.2
337,143,0,0.8552,28.1,854.2,174.8,1077.5
337,144,0,0.6193,32.4,540.0,116.5,909.1
338,71,0,0.9574,786.1,249.0,1509.2,1068.3
338,127,0,0.6059,639.9,125.5,835.0,477.5
338,131,0,0.8096,395.5,270.3,597.7,716.5
338,132,0,0.7959,1117.9,128.9,1342.9,456.5
338,138,0,0.6073,193.8,86.0,370.7,338.8
338,139,0,0.5036,1299.0,1.5,1588.9,164.0
338,140,0,0.4867,1524.4,2.3,1809.1,193.4
338,143,0,0.8064,40.4,838.4,199.4,1077.7
338,144,0,0.6058,46.9,531.2,132.4,894.4
339,71,0,0.9566,800.5,271.6,1508.6,1069.2
339,127,0,0.5836,645.6,125.7,841.0,470.0
339,131,0,0.7847,403.7,262.0,609.8,705.3
339,132,0,0.8,1112.0,129.7,1334.4,457.9
339,138,0,0.5927,210.6,88.3,385.0,335.5
339,139,0,0.6021,1291.7,1.6,1579.4,164.3
339,140,0,0.6016,1513.8,2.2,1791.1,189.6
339,143,0,0.7796,51.2,824.6,221.5,1078.2
339,144,0,0.6863,53.8,523.4,142.0,880.3
339,148,0,0.3742,541.6,2.0,763.5,244.8
340,71,0,0.9529,804.8,287.3,1501.5,1069.9
340,127,0,0.6451,641.9,129.3,837.4,466.9
340,131,0,0.7969,406.5,259.3,615.0,698.3
340,132,0,0.7933,1104.0,132.8,1320.6,457.2
340,138,0,0.6748,217.2,91.5,390.4,334.9
340,139,0,0.6936,1275.4,1.5,1565.5,167.3
340,140,0,0.5603,1494.0,2.4,1779.1,197.6
340,143,0,0.7966,57.1,815.9,235.0,1077.9
340,144,0,0.7601,56.6,519.3,147.9,868.2
340,148,0,0.4943,541.5,2.4,763.0,245.0
340,150,0,0.3877,820.8,207.3,946.7,456.3
340,151,0,0.6541,497.9,1004.8,619.0,1080.0
341,71,0,0.954,794.4,298.6,1481.7,1070.2
341,127,0,0.618,632.9,136.6,828.5,469.3
341,131,0,0.7747,402.9,263.9,613.2,696.3
341,132,0,0.8137,1094.0,139.4,1305.3,461.2
341,138,0,0.7107,220.3,99.5,391.4,338.4
341,139,0,0.5522,1251.8,1.7,1548.2,173.1
341,140,0,0.6092,1471.9,2.4,1757.9,201.2
341,143,0,0.7881,59.7,812.0,242.0,1078.0
341,144,0,0.6051,56.5,520.2,152.1,862.7
341,148,0,0.5128,540.6,2.8,765.6,250.0
341,151,0,0.6055,489.7,998.4,621.1,1080.0
341,154,0,0.672,1500.4,1029.7,1590.3,1080.0
342,71,0,0.9501,768.4,300.0,1454.2,1070.5
342,127,0,0.632,623.6,146.5,819.6,474.7
342,131,0,0.7393,397.5,271.2,609.1,696.8
342,132,0,0.8141,1079.7,149.6,1283.8,465.1
342,138,0,0.7124,219.2,109.8,389.1,345.4
342,139,0,0.7104,1224.6,1.5,1533.6,183.3
342,140,0,0.5797,1439.5,2.6,1733.3,209.9
342,143,0,0.784,59.6,810.1,244.7,1077.9
342,144,0,0.6332,55.0,524.6,155.1,860.6
342,148,0,0.3945,531.0,4.5,761.4,259.0
342,151,0,0.5618,480.7,994.7,618.1,1080.0
342,154,0,0.6217,1479.9,1024.6,1578.5,1080.0
342,156,0,0.8223,1835.3,916.5,1909.7,1078.7
342,157,0,0.3545,2.1,216.6,149.7,521.3
343,71,0,0.9511,731.0,290.2,1424.5,1070.7
343,127,0,0.5256,612.5,155.9,808.2,478.6
343,131,0,0.7088,387.4,279.3,600.0,698.4
343,132,0,0.8239,1060.2,159.4,1257.9,467.9
343,138,0,0.7033,215.5,119.5,383.9,351.2
343,139,0,0.7523,1198.6,1.9,1515.7,192.3
343,140,0,0.6945,1408.0,2.3,1706.4,215.8
343,143,0,0.7824,56.2,808.1,243.9,1077.6
343,144,0,0.6973,51.1,527.4,156.2,859.2
343,148,0,0.3229,521.5,12.4,751.8,268.4
343,151,0,0.6711,471.4,990.0,616.1,1080.0
343,154,0,0.6463,1455.4,1018.3,1563.9,1079.9
343,156,0,0.8187,1821.9,913.5,1898.7,1079.0
343,158,0,0.3926,0.0,2.2,151.0,286.6
344,71,0,0.9522,700.5,270.0,1413.5,1068.9
344,132,0,0.8419,1042.6,164.4,1234.8,466.8
344,139,0,0.7125,1178.1,1.9,1495.3,196.8
344,140,0,0.6711,1382.8,2.8,1682.0,220.6
344,143,0,0.823,49.8,803.6,240.5,1076.1
344,144,0,0.5521,44.7,523.0,155.6,854.9
344,148,0,0.5629,525.3,16.7,710.9,219.2
344,151,0,0.539,455.0,984.4,607.6,1080.0
344,154,0,0.6234,1438.1,1008.8,1562.6,1080.0
344,156,0,0.8598,1805.7,906.3,1887.8,1079.0
344,158,0,0.4211,7.9,2.0,130.7,227.0
345,71,0,0.9409,674.7,249.2,1414.4,1067.7
345,132,0,0.5977,1030.9,163.9,1220.0,461.1
345,139,0,0.4548,1172.5,1.6,1443.1,169.1
345,143,0,0.778,40.9,798.4,235.1,1074.8
345,144,0,0.6306,38.6,519.5,154.7,850.6
345,148,0,0.3406,501.8,16.0,718.2,254.1
345,151,0,0.606,439.6,977.4,601.7,1080.0
345,154,0,0.707,1423.9,1002.2,1558.9,1080.0
345,156,0,0.7927,1789.1,885.7,1883.4,1078.7
345,158,0,0.3589,0.0,1.9,138.8,276.5
345,157,0,0.4757,0.0,229.6,165.2,619.8
345,131,0,0.7466,366.5,277.5,580.5,690.9
345,138,0,0.7051,200.8,125.0,366.7,351.3
346,71,0,0.9509,663.6,236.5,1433.2,1067.1
346,132,0,0.8122,1018.1,161.5,1205.7,458.9
346,139,0,0.7332,1158.6,1.9,1449.3,185.6
346,143,0,0.7556,34.8,793.4,231.8,1073.4
346,144,0,0.4888,34.4,514.4,155.0,843.9
346,148,0,0.3771,493.1,13.8,714.7,259.4
346,151,0,0.6784,440.6,971.5,612.1,1080.0
346,154,0,0.7327,1412.0,993.7,1559.6,1079.8
346,156,0,0.8183,1778.0,872.2,1882.1,1078.2
346,158,0,0.3191,0.0,2.1,140.7,286.6
346,163,0,0.6159,550.0,153.1,774.9,685.2
346,166,0,0.3296,24.0,967.4,196.7,1080.0
346,157,0,0.4181,0.0,232.4,163.9,624.6
346,131,0,0.7291,355.3,273.4,572.6,685.6
346,138,0,0.694,193.3,121.5,361.2,349.1
346,140,0,0.6576,1350.7,3.3,1644.5,220.2
347,71,0,0.9166,644.5,229.2,1447.5,1067.9
347,132,0,0.8242,1012.4,158.6,1198.5,455.9
347,139,0,0.7391,1155.2,2.2,1444.1,188.0
347,143,0,0.7708,31.5,788.1,229.6,1069.1
347,144,0,0.5723,30.7,511.9,155.1,838.3
347,148,0,0.4418,490.8,10.7,712.7,258.4
347,151,0,0.6613,421.5,962.9,603.0,1079.8
347,154,0,0.7724,1405.6,987.0,1562.3,1079.7
347,156,0,0.8084,1771.0,863.5,1883.0,1078.0
347,158,0,0.345,0.0,2.2,140.4,288.5
347,163,0,0.5086,574.2,149.6,730.1,515.6
347,166,0,0.348,18.9,961.4,200.4,1080.0
347,131,0,0.7173,350.1,270.6,570.2,681.4
347,138,0,0.7066,189.5,117.5,358.3,345.0
347,140,0,0.5938,1350.7,3.2,1634.1,215.9
348,71,0,0.9182,614.7,222.7,1450.6,1068.7
348,132,0,0.7602,1010.0,155.7,1195.0,453.3
348,139,0,0.7523,1158.0,1.8,1439.6,185.8
348,143,0,0.7823,32.1,782.3,228.5,1059.8
348,144,0,0.6648,27.7,507.6,158.3,838.2
348,148,0,0.5324,491.6,7.3,712.3,255.9
348,154,0,0.798,1402.6,980.0,1567.9,1079.7
348,156,0,0.8209,1766.1,855.1,1886.0,1077.6
348,158,0,0.3481,0.0,2.2,139.8,288.5
348,163,0,0.5438,575.7,146.1,710.0,458.4
348,166,0,0.5958,24.7,954.7,216.3,1080.0
348,131,0,0.7737,348.1,264.6,572.3,677.9
348,138,0,0.6968,188.7,112.6,358.0,339.7
348,140,0,0.5891,1348.2,2.8,1622.3,210.6
349,71,0,0.9424,574.2,222.2,1425.4,1069.2
349,132,0,0.5501,994.6,151.7,1212.3,511.4
349,139,0,0.7665,1163.8,1.8,1437.7,183.4
349,143,0,0.7366,34.7,777.1,230.9,1053.1
349,144,0,0.6233,26.7,506.1,161.6,835.1
349,148,0,0.5066,496.0,6.5,713.6,253.8
349,154,0,0.7789,1401.6,974.9,1572.6,1079.6
349,156,0,0.8444,1763.8,850.8,1889.8,1077.7
349,163,0,0.5815,573.2,144.1,705.1,448.5
349,166,0,0.539,30.1,950.6,228.1,1080.0
349,131,0,0.7555,348.0,260.8,574.9,674.1
349,138,0,0.7345,190.4,109.9,360.0,336.1
349,140,0,0.6612,1349.6,2.7,1618.2,207.8
349,168,32,0.6177,569.8,1013.0,767.4,1080.0
350,71,0,0.9383,515.7,224.0,1378.3,1070.1
350,132,0,0.7029,988.8,152.3,1224.8,553.6
350,139,0,0.813,1170.4,1.7,1440.6,183.7
350,143,0,0.7449,40.4,775.7,237.6,1052.7
350,144,0,0.5823,27.9,506.8,168.3,837.8
350,154,0,0.7887,1408.2,973.0,1579.5,1079.6
350,156,0,0.8229,1765.7,855.7,1892.9,1078.3
350,163,0,0.726,572.3,143.9,705.3,449.3
350,166,0,0.5153,37.9,950.1,236.2,1080.0
350,131,0,0.6284,350.2,260.5,579.4,673.0
350,138,0,0.7485,195.1,109.8,365.1,335.7
350,140,0,0.5581,1352.0,2.5,1620.1,208.7
350,171,32,0.4059,781.4,647.2,902.4,767.4
350,151,0,0.5108,444.5,952.4,630.5,1077.6
350,158,0,0.3535,0.0,2.6,143.6,289.6
351,71,0,0.9529,448.2,226.5,1317.2,1071.6
351,132,0,0.7977,984.6,154.0,1245.1,613.2
351,139,0,0.7679,1178.4,1.6,1448.0,186.1
351,143,0,0.7886,49.5,778.8,246.2,1054.1
351,144,0,0.5603,35.7,510.1,179.5,838.7
351,154,0,0.799,1421.7,974.1,1588.8,1079.7
351,156,0,0.8152,1770.4,864.1,1896.0,1078.1
351,163,0,0.6676,579.7,147.5,714.0,454.4
351,166,0,0.5021,49.7,952.1,244.8,1080.0
351,131,0,0.6599,357.1,265.3,588.4,676.8
351,138,0,0.718,204.0,113.2,374.4,338.7
351,140,0,0.5907,1366.4,2.6,1635.9,213.3
351,172,0,0.5133,1022.5,931.3,1117.0,1078.7
351,151,0,0.6943,447.6,956.1,625.2,1078.3
351,148,0,0.477,509.0,7.4,728.2,259.6
352,71,0,0.9509,395.0,229.5,1259.4,1069.0
352,132,0,0.8486,991.4,155.7,1261.1,648.7
352,139,0,0.7753,1191.1,1.6,1458.4,187.1
352,143,0,0.7729,61.3,779.2,259.4,1055.9
352,144,0,0.5611,47.7,512.6,193.6,836.1
352,154,0,0.8013,1437.4,975.3,1601.0,1079.7
352,156,0,0.8453,1777.4,868.3,1902.6,1077.8
352,163,0,0.5593,591.7,148.8,726.0,453.6
352,166,0,0.4875,73.1,952.4,266.3,1080.0
352,131,0,0.7099,368.3,266.1,600.6,674.9
352,138,0,0.7574,215.7,114.6,386.4,339.7
352,140,0,0.6424,1381.0,2.4,1647.2,213.4
352,172,0,0.4728,1020.8,930.4,1115.6,1078.2
352,151,0,0.6739,455.5,955.7,630.7,1078.7
352,148,0,0.368,522.9,9.2,736.7,258.2
352,171,32,0.3151,772.7,646.6,893.7,767.1
352,158,0,0.3927,3.6,2.8,156.7,290.7
353,71,0,0.9564,362.1,230.0,1223.9,1068.6
353,132,0,0.8343,1007.0,151.2,1275.2,659.2
353,139,0,0.7159,1207.9,1.5,1467.2,182.6
353,143,0,0.7543,78.9,774.6,276.0,1049.2
353,144,0,0.5127,63.1,506.7,213.8,832.8
353,154,0,0.8061,1458.6,970.5,1626.8,1079.6
353,156,0,0.8576,1782.6,854.2,1915.3,1077.2
353,166,0,0.6199,85.8,947.1,286.6,1080.0
353,131,0,0.6749,385.0,269.1,616.2,671.3
353,138,0,0.6995,232.1,110.1,403.7,335.8
353,140,0,0.5328,1407.0,3.1,1664.3,210.1
353,151,0,0.7375,465.2,952.4,642.6,1078.7
353,148,0,0.428,538.7,8.0,751.6,257.8
353,171,32,0.5984,772.3,640.8,895.2,763.6
354,71,0,0.9605,355.9,226.7,1216.4,1068.4
354,132,0,0.8348,1032.7,145.7,1294.5,658.1
354,139,0,0.7148,1239.7,1.6,1487.5,176.0
354,143,0,0.7489,105.1,768.7,300.1,1039.6
354,144,0,0.5679,85.0,501.0,241.8,833.6
354,154,0,0.7893,1483.6,964.5,1657.4,1079.4
354,156,0,0.8095,1796.5,856.6,1920.0,1076.0
354,166,0,0.6479,104.8,938.8,316.4,1079.2
354,131,0,0.5625,402.2,259.7,638.7,665.7
354,138,0,0.7128,255.3,103.5,427.1,329.0
354,140,0,0.5213,1435.2,2.4,1680.2,200.4
354,151,0,0.699,482.9,944.8,666.9,1078.4
354,148,0,0.4589,562.9,5.8,769.0,248.3
354,171,32,0.6516,780.4,635.5,902.4,757.8
354,178,0,0.7376,0.0,786.4,131.8,1074.7
354,158,0,0.4038,25.6,2.9,177.6,277.0
355,71,0,0.9572,368.7,220.9,1228.1,1067.2
355,132,0,0.8377,1066.8,141.1,1319.8,651.9
355,139,0,0.8033,1278.3,1.7,1513.9,168.0
355,143,0,0.7153,137.4,761.5,331.1,1029.7
355,144,0,0.5738,114.0,491.6,274.9,826.6
355,154,0,0.7978,1513.5,958.2,1693.7,1079.5
355,156,0,0.8384,1813.7,856.7,1920.0,1077.5
355,166,0,0.6837,130.0,929.7,352.9,1078.2
355,131,0,0.4585,432.3,254.9,667.5,656.7
355,138,0,0.6938,285.9,96.2,458.1,321.7
355,140,0,0.5318,1476.3,2.1,1710.4,193.0
355,151,0,0.7369,508.5,936.6,700.3,1078.8
355,148,0,0.4147,595.3,3.8,795.4,238.8
355,171,32,0.7325,794.6,629.9,914.6,750.3
355,178,0,0.8049,8.0,769.6,150.1,1074.8
356,71,0,0.9599,394.2,216.2,1253.4,1068.2
356,132,0,0.8639,1107.2,133.5,1353.6,645.0
356,139,0,0.5881,1321.1,1.6,1546.0,160.0
356,143,0,0.717,173.7,753.8,368.1,1022.2
356,144,0,0.6226,143.1,475.4,318.7,840.1
356,154,0,0.7493,1550.9,952.2,1736.8,1079.4
356,166,0,0.7068,160.5,921.6,394.0,1078.0
356,131,0,0.3497,443.1,254.4,688.5,668.6
356,138,0,0.6624,322.3,89.6,494.1,314.5
356,140,0,0.5199,1520.1,2.2,1743.2,184.8
356,151,0,0.767,539.4,929.6,736.8,1078.7
356,148,0,0.4201,635.7,2.5,828.1,226.2
356,178,0,0.8262,24.1,758.2,173.2,1075.3
357,71,0,0.9545,426.4,207.7,1290.1,1070.3
357,132,0,0.8639,1151.7,125.2,1391.3,636.3
357,139,0,0.6364,1368.8,1.6,1584.8,152.9
357,143,0,0.6628,215.8,747.4,410.1,1014.9
357,144,0,0.605,182.9,464.7,361.8,834.5
357,154,0,0.6944,1590.5,945.9,1781.9,1079.4
357,166,0,0.5926,197.6,913.0,441.5,1078.2
357,138,0,0.591,362.5,82.2,534.3,307.4
357,140,0,0.3695,1566.8,2.5,1782.0,178.6
357,151,0,0.7212,576.1,920.8,780.6,1078.6
357,148,0,0.4634,682.9,1.9,865.1,210.5
357,178,0,0.7685,57.7,749.5,212.4,1074.7
357,157,0,0.4211,0.0,401.1,156.7,835.1
357,171,32,0.4785,833.8,620.6,954.3,741.7
358,71,0,0.9546,461.7,202.8,1326.6,1071.8
358,132,0,0.8579,1197.0,118.7,1430.1,628.2
358,139,0,0.673,1417.4,1.6,1623.3,144.4
358,143,0,0.6992,257.1,739.9,450.5,1005.5
358,144,0,0.6388,229.4,462.3,400.3,811.3
358,154,0,0.6358,1633.6,938.5,1831.4,1079.4
358,166,0,0.6647,237.4,906.1,487.8,1078.1
358,138,0,0.7424,405.6,74.8,577.2,299.5
358,140,0,0.4272,1614.5,2.1,1819.6,168.9
358,151,0,0.7528,613.1,913.8,822.1,1078.8
358,148,0,0.4865,727.2,1.3,902.7,199.1
358,178,0,0.7922,96.4,741.9,256.4,1073.5
358,184,0,0.4615,177.0,221.5,420.9,616.7
358,157,0,0.7,0.0,404.7,166.8,834.7
358,171,32,0.6957,853.9,615.3,973.8,736.3
358,131,0,0.4947,503.5,248.6,738.2,643.0
359,71,0,0.9603,489.7,193.6,1357.9,1072.2
359,132,0,0.8598,1234.7,111.4,1462.6,620.5
359,139,0,0.7965,1459.1,1.3,1657.3,136.8
359,143,0,0.7297,294.1,733.5,487.8,998.8
359,144,0,0.6219,265.3,450.0,436.0,795.4
359,154,0,0.7107,1678.2,930.9,1884.2,1079.5
359,166,0,0.7258,277.5,900.3,531.5,1078.7
359,138,0,0.678,441.6,66.9,613.9,291.7
359,140,0,0.4659,1656.0,1.7,1852.5,159.7
359,151,0,0.7669,644.5,905.7,858.4,1078.5
359,148,0,0.532,763.1,1.4,935.5,191.9
359,178,0,0.7366,129.0,733.1,294.6,1071.9
359,184,0,0.4479,208.2,216.8,452.9,613.3
359,157,0,0.4901,4.3,405.6,188.5,831.4
359,185,0,0.5258,864.5,103.9,1015.7,352.8
360,71,0,0.9655,518.9,186.9,1382.3,1068.6
360,132,0,0.8725,1268.1,107.8,1490.5,614.3
360,139,0,0.7957,1492.0,1.1,1684.5,130.6
360,143,0,0.758,323.4,727.3,518.0,993.4
360,144,0,0.6296,297.5,448.1,467.0,788.4
360,154,0,0.8055,1709.4,925.6,1918.4,1079.5
360,166,0,0.7391,309.3,895.0,564.6,1078.5
360,138,0,0.7507,470.2,60.7,643.2,285.8
360,140,0,0.58,1689.4,1.3,1879.9,151.9
360,151,0,0.7112,666.8,900.1,880.2,1078.1
360,148,0,0.4942,794.4,1.4,962.1,182.4
360,178,0,0.7854,155.6,726.7,326.3,1071.8
360,184,0,0.5424,237.2,213.2,483.2,611.6
360,157,0,0.5886,32.5,402.4,214.8,827.2
360,185,0,0.6249,878.8,98.7,1036.1,356.9
360,171,32,0.3286,868.9,604.3,989.2,726.6
361,71,0,0.9678,540.5,181.3,1398.9,1068.3
361,132,0,0.857,1293.5,103.4,1511.9,609.8
361,139,0,0.6553,1516.6,0.9,1706.7,126.7
361,143,0,0.7502,345.7,719.9,542.4,989.0
361,144,0,0.6385,318.1,438.3,492.7,786.8
361,154,0,0.8444,1733.2,921.7,1920.0,1079.7
361,166,0,0.6753,334.5,891.7,587.9,1078.3
361,138,0,0.7808,493.1,56.2,667.0,282.3
361,151,0,0.566,680.4,892.1,894.0,1077.8
361,148,0,0.3866,818.5,1.7,986.0,177.8
361,178,0,0.7267,177.2,722.6,351.4,1070.3
361,184,0,0.3437,261.9,211.5,509.6,612.9
361,157,0,0.5808,55.3,397.3,236.5,823.0
361,185,0,0.7046,890.2,94.4,1052.9,360.0
361,191,0,0.5605,1054.3,167.4,1200.3,389.1
361,171,32,0.3205,867.8,599.3,987.4,722.0
362,71,0,0.9658,559.8,179.6,1403.9,1067.0
362,132,0,0.8561,1313.0,98.7,1528.2,606.2
362,139,0,0.7704,1534.6,0.9,1724.2,124.3
362,143,0,0.7638,362.7,718.1,559.4,986.9
362,144,0,0.6821,339.5,440.4,510.5,777.9
362,154,0,0.8484,1747.5,916.3,1920.0,1079.6
362,166,0,0.7167,354.1,890.1,603.9,1078.9
362,138,0,0.7967,509.7,53.7,683.2,279.3
362,148,0,0.4276,831.8,1.6,1003.3,178.3
362,178,0,0.746,194.2,720.1,371.7,1069.7
362,184,0,0.3704,279.9,211.0,527.8,613.3
362,157,0,0.6149,73.7,394.4,253.6,820.1
362,185,0,0.7405,900.3,90.7,1069.5,365.6
362,191,0,0.5862,1065.3,160.5,1215.3,388.1
362,171,32,0.6141,858.7,595.8,977.4,718.6
362,194,0,0.7202,1344.7,884.6,1473.7,1077.6
362,140,0,0.4353,1721.7,1.5,1902.3,145.1
363,71,0,0.9605,575.1,180.9,1400.5,1068.6
363,132,0,0.8701,1326.6,95.0,1539.0,604.5
363,139,0,0.749,1545.6,0.9,1736.6,123.4
363,143,0,0.7463,374.0,718.9,570.7,987.5
363,144,0,0.7384,353.5,441.7,523.7,773.8
363,154,0,0.8572,1759.1,915.5,1920.0,1079.8
363,166,0,0.6509,369.0,890.1,612.7,1079.0
363,138,0,0.805,521.6,52.5,695.4,278.3
363,178,0,0.7351,205.3,720.1,385.4,1070.2
363,184,0,0.4222,289.2,210.5,538.1,614.9
363,157,0,0.6098,87.7,392.7,266.1,817.5
363,185,0,0.7371,908.8,90.9,1086.9,379.4
363,191,0,0.5491,1074.7,156.1,1227.9,388.9
363,171,32,0.6809,844.9,595.2,962.9,718.4
363,194,0,0.7373,1366.6,884.8,1495.1,1076.8
363,197,0,0.5878,4.0,387.4,106.8,806.5
363,140,0,0.416,1729.8,0.9,1910.8,145.4
364,71,0,0.9546,589.2,188.1,1387.5,1069.5
364,132,0,0.8701,1338.3,92.6,1548.2,603.3
364,139,0,0.7077,1554.5,0.8,1747.5,122.8
364,143,0,0.7477,384.6,720.3,580.1,986.8
364,144,0,0.701,364.7,443.5,536.2,774.1
364,154,0,0.852,1770.3,917.2,1920.0,1079.7
364,166,0,0.7129,382.3,890.1,620.5,1079.0
364,138,0,0.8112,531.7,52.3,705.8,278.6
364,178,0,0.7551,212.9,719.3,396.6,1072.4
364,184,0,0.4614,300.3,212.9,547.9,616.6
364,157,0,0.4978,99.1,387.1,278.3,816.9
364,185,0,0.7975,913.3,89.7,1100.1,391.8
364,191,0,0.5366,1086.3,154.3,1241.3,389.8
364,171,32,0.4942,833.0,600.7,948.9,723.1
364,194,0,0.7707,1395.6,886.4,1523.4,1077.2
364,197,0,0.5676,9.1,386.5,113.7,811.4
364,140,0,0.4032,1739.1,0.8,1919.6,145.5
364,199,0,0.5532,332.3,968.6,434.2,1079.7
364,201,0,0.8309,1252.5,873.8,1363.3,1077.6
365,71,0,0.9509,596.9,195.5,1367.3,1068.3
365,132,0,0.8483,1352.1,91.8,1559.2,602.7
365,139,0,0.7024,1565.8,0.8,1760.4,122.3
365,143,0,0.785,396.2,720.2,592.4,987.9
365,144,0,0.6506,376.3,446.6,548.8,775.5
365,154,0,0.8494,1781.8,917.2,1920.0,1079.6
365,166,0,0.655,396.1,890.0,629.0,1078.9
365,138,0,0.8218,544.0,52.4,718.0,278.3
365,178,0,0.7631,224.9,719.9,410.4,1072.1
365,184,0,0.3539,316.1,213.2,560.4,613.8
365,157,0,0.6303,111.6,385.3,289.9,815.0
365,185,0,0.8087,920.4,90.7,1110.9,397.4
365,191,0,0.5838,1100.4,154.2,1255.9,389.8
365,194,0,0.8224,1416.3,888.7,1543.6,1077.6
365,140,0,0.3781,1748.5,0.7,1920.0,144.7
365,199,0,0.521,346.3,966.7,450.1,1079.9
365,201,0,0.813,1280.6,873.1,1392.5,1078.4
366,71,0,0.951,593.3,199.9,1339.1,1068.5
366,132,0,0.8594,1368.1,90.2,1572.7,601.7
366,139,0,0.71,1581.7,1.0,1776.0,120.7
366,143,0,0.7864,410.0,719.1,608.6,990.7
366,144,0,0.6157,389.4,449.0,562.5,775.6
366,154,0,0.8355,1794.7,916.3,1920.0,1079.8
366,166,0,0.6725,411.4,888.9,640.6,1079.0
366,138,0,0.8016,557.4,51.5,730.9,277.4
366,178,0,0.7539,238.4,718.5,425.7,1070.3
366,184,0,0.3449,333.8,212.2,575.8,611.7
366,157,0,0.6355,127.4,386.0,304.4,814.4
366,185,0,0.7814,928.2,88.1,1122.3,398.4
366,191,0,0.5913,1118.0,152.5,1274.6,388.6
366,194,0,0.7282,1441.6,889.9,1569.5,1077.4
366,140,0,0.3737,1765.7,1.1,1920.0,133.0
366,199,0,0.4796,361.4,966.2,465.7,1079.9
366,201,0,0.7412,1302.5,869.6,1416.5,1078.6
366,203,0,0.5596,1161.6,838.1,1303.9,1077.8
366,148,0,0.4725,874.4,1.1,1059.7,189.6
366,197,0,0.3517,22.3,380.8,128.8,805.6
367,71,0,0.9486,587.9,199.4,1312.8,1069.2
367,132,0,0.87,1385.7,90.0,1587.3,600.0
367,139,0,0.7302,1599.9,1.1,1793.6,119.1
367,143,0,0.8077,426.6,716.9,625.7,989.7
367,144,0,0.6525,402.8,446.7,577.3,775.2
367,154,0,0.7501,1809.2,915.6,1920.0,1079.4
367,166,0,0.7007,428.4,887.4,655.0,1078.8
367,138,0,0.8122,573.0,50.1,746.1,276.2
367,178,0,0.7828,252.1,716.8,442.4,1071.4
367,157,0,0.5956,146.7,385.4,322.3,812.6
367,185,0,0.7997,944.0,86.9,1139.4,397.4
367,191,0,0.5988,1132.4,150.0,1290.5,387.8
367,194,0,0.6475,1495.0,888.8,1629.5,1077.4
367,140,0,0.5222,1783.6,0.5,1920.0,114.6
367,199,0,0.5418,377.4,965.2,482.3,1079.8
367,201,0,0.7816,1321.8,868.7,1436.6,1078.6
367,203,0,0.5596,1159.3,782.6,1334.4,1077.2
367,148,0,0.4793,888.2,1.0,1076.9,191.1
367,197,0,0.5249,29.9,380.7,138.9,803.8
368,71,0,0.9465,583.0,192.1,1292.2,1069.7
368,132,0,0.8394,1405.8,90.5,1604.5,598.3
368,139,0,0.742,1620.7,1.1,1813.9,117.6
368,143,0,0.7938,445.6,715.2,645.3,989.3
368,144,0,0.6312,432.8,444.5,618.2,785.6
368,166,0,0.6527,446.0,884.2,671.6,1078.9
368,138,0,0.8036,591.0,48.2,763.8,274.8
368,178,0,0.7746,270.2,716.3,462.6,1072.0
368,157,0,0.5517,168.0,385.0,341.8,810.0
368,185,0,0.8094,963.4,85.2,1160.2,396.3
368,191,0,0.6196,1152.6,148.2,1311.4,385.6
368,194,0,0.8283,1528.4,886.9,1670.1,1077.5
368,140,0,0.4675,1799.3,0.5,1920.0,104.6
368,199,0,0.4454,397.9,962.6,505.0,1079.7
368,201,0,0.794,1341.8,867.3,1457.8,1078.8
368,203,0,0.4354,1166.0,769.6,1349.6,1077.0
368,148,0,0.3847,907.5,1.4,1096.3,189.8
368,197,0,0.7524,37.4,381.1,150.4,803.1
368,184,0,0.334,372.0,205.0,610.3,601.2
369,71,0,0.9529,579.7,179.8,1276.1,1069.7
369,132,0,0.8533,1429.4,87.3,1626.4,595.4
369,139,0,0.7496,1643.7,1.2,1835.9,115.5
369,143,0,0.7807,466.5,712.3,668.5,990.4
369,144,0,0.5058,459.3,446.5,649.8,789.3
369,166,0,0.6013,467.0,880.8,692.4,1078.9
369,138,0,0.7915,611.8,45.6,782.5,270.9
369,178,0,0.7763,290.7,714.1,485.4,1072.2
369,157,0,0.6157,191.1,383.8,363.1,805.9
369,185,0,0.8048,984.9,82.7,1183.1,394.2
369,191,0,0.602,1168.2,146.4,1326.7,384.1
369,194,0,0.7734,1558.3,884.1,1706.7,1077.2
369,140,0,0.3005,1809.5,0.4,1920.0,98.6
369,199,0,0.4508,417.8,960.2,526.5,1079.7
369,201,0,0.7591,1362.7,864.2,1480.7,1078.7
369,203,0,0.5316,1186.8,778.3,1366.9,1076.6
369,148,0,0.3226,930.1,1.1,1117.7,186.2
369,197,0,0.6639,46.2,377.7,165.5,800.6
369,208,0,0.607,9.1,223.9,146.4,418.8
369,184,0,0.3647,400.5,203.7,634.5,595.2
370,71,0,0.9258,579.2,165.7,1263.7,1069.0
370,132,0,0.8548,1453.0,82.6,1648.8,591.8
370,139,0,0.7304,1669.7,1.2,1858.7,111.8
370,143,0,0.7972,491.6,707.5,692.9,985.7
370,144,0,0.474,473.1,445.1,656.3,774.3
370,166,0,0.6175,491.1,877.3,716.1,1078.8
370,138,0,0.7876,636.0,43.5,803.3,266.3
370,178,0,0.7556,314.4,711.0,512.0,1073.0
370,157,0,0.5766,217.3,382.0,387.5,800.8
370,185,0,0.8146,1008.7,80.4,1207.4,391.2
370,191,0,0.5713,1191.6,142.9,1350.4,381.2
370,194,0,0.8133,1586.1,879.7,1742.0,1076.9
370,201,0,0.769,1386.3,860.0,1506.8,1078.4
370,203,0,0.3693,1212.2,811.6,1376.8,1077.6
370,197,0,0.5679,56.2,375.6,183.0,796.4
370,208,0,0.6026,19.8,219.3,159.2,416.1
370,184,0,0.5248,431.3,205.6,659.8,588.3
371,71,0,0.9432,585.7,155.9,1255.8,1068.7
371,132,0,0.8639,1479.0,81.4,1671.6,585.8
371,139,0,0.6063,1701.8,1.1,1885.1,107.3
371,143,0,0.785,521.5,702.5,718.5,974.8
371,144,0,0.46,495.8,436.1,678.5,764.6
371,166,0,0.595,514.3,870.9,740.1,1078.1
371,138,0,0.7488,665.7,40.0,828.2,256.5
371,178,0,0.7262,341.5,704.9,541.5,1071.2
371,157,0,0.6596,246.0,375.1,415.7,794.2
371,185,0,0.7934,1034.0,76.9,1232.5,386.4
371,191,0,0.6804,1213.7,138.1,1372.1,376.1
371,194,0,0.8271,1612.4,871.3,1777.5,1076.6
371,201,0,0.733,1408.0,852.5,1532.6,1078.2
371,203,0,0.4432,1244.9,791.5,1421.9,1076.6
371,197,0,0.7605,69.3,368.9,205.2,788.5
371,208,0,0.6302,36.9,216.8,175.6,409.2
371,184,0,0.4537,466.3,206.4,689.6,580.6
372,71,0,0.952,593.4,145.1,1251.1,1069.0
372,132,0,0.8473,1505.6,75.6,1696.1,577.7
372,139,0,0.443,1731.7,0.9,1907.4,101.5
372,143,0,0.7427,552.1,693.8,747.5,964.4
372,144,0,0.5251,525.0,430.2,703.5,750.1
372,166,0,0.5748,537.9,863.3,765.0,1077.5
372,138,0,0.5775,713.0,35.3,842.9,202.0
372,178,0,0.7506,371.9,697.5,571.8,1063.6
372,157,0,0.6216,277.9,366.0,445.9,782.7
372,185,0,0.698,1060.1,72.5,1258.5,381.0
372,191,0,0.6245,1240.0,133.2,1397.8,370.1
372,194,0,0.8339,1642.2,860.2,1818.7,1076.2
372,201,0,0.7872,1431.6,844.2,1559.9,1077.5
372,203,0,0.511,1271.5,778.5,1456.4,1076.4
372,197,0,0.6654,92.8,358.9,238.6,779.6
372,208,0,0.6216,65.3,212.8,204.3,401.3
372,184,0,0.3877,507.8,208.8,725.2,572.0
372,211,0,0.5336,125.2,879.9,324.2,1075.3
372,212,0,0.5366,918.0,199.2,1080.3,363.7
373,71,0,0.9515,603.4,133.2,1249.8,1068.8
373,132,0,0.8361,1531.3,70.1,1720.0,569.4
373,143,0,0.6908,575.8,685.4,773.6,963.1
373,144,0,0.5622,555.1,425.0,730.9,739.4
373,166,0,0.6024,562.0,853.3,790.6,1076.3
373,138,0,0.4451,757.3,30.4,859.9,157.9
373,178,0,0.6678,403.6,687.5,603.0,1052.5
373,157,0,0.5961,311.8,359.1,478.2,773.6
373,185,0,0.5758,1086.7,68.4,1283.9,374.4
373,191,0,0.5919,1272.2,127.2,1431.5,363.5
373,194,0,0.8502,1667.4,848.7,1855.2,1075.8
373,201,0,0.8159,1453.9,834.7,1586.4,1077.2
373,203,0,0.5691,1283.3,767.8,1477.0,1077.1
373,197,0,0.7788,122.6,351.2,277.0,772.0
373,208,0,0.6016,97.5,206.9,239.3,394.7
373,212,0,0.6684,930.8,192.1,1106.7,370.5
374,71,0,0.953,609.9,125.3,1244.5,1068.4
374,132,0,0.8456,1555.0,69.0,1740.9,562.9
374,143,0,0.4745,608.0,678.9,781.1,922.9
374,144,0,0.5707,584.2,421.0,759.0,733.8
374,178,0,0.7115,433.8,679.0,632.8,1044.1
374,157,0,0.6084,343.8,352.6,508.2,763.0
374,185,0,0.6103,1113.3,63.6,1310.2,368.3
374,191,0,0.6154,1300.0,123.5,1459.5,357.6
374,194,0,0.8737,1691.1,837.8,1889.2,1075.4
374,201,0,0.8269,1475.2,825.4,1611.0,1076.3
374,203,0,0.6469,1302.3,758.6,1502.6,1077.0
374,197,0,0.7938,151.7,344.9,312.6,761.0
374,208,0,0.6346,128.6,197.6,276.0,388.5
374,212,0,0.6524,946.4,186.0,1128.5,370.4
374,214,0,0.7109,11.4,374.3,110.1,760.7
374,215,0,0.6943,1150.3,816.6,1294.8,1077.6
374,216,0,0.4778,12.6,727.4,130.5,984.6
375,71,0,0.9441,617.2,118.6,1241.6,1069.1
375,132,0,0.8221,1578.2,66.2,1762.0,556.2
375,143,0,0.6447,640.8,672.2,780.7,869.9
375,144,0,0.3604,610.6,420.0,778.2,721.2
375,178,0,0.745,464.2,672.4,660.6,1032.9
375,157,0,0.6126,376.2,347.7,537.9,752.8
375,185,0,0.5885,1139.5,60.5,1336.3,364.1
375,191,0,0.4433,1326.6,121.3,1486.9,353.5
375,194,0,0.8914,1711.2,828.5,1917.9,1075.9
375,201,0,0.8189,1495.5,817.2,1634.2,1076.1
375,203,0,0.6226,1315.6,758.9,1518.7,1077.1
375,197,0,0.7252,183.3,341.4,350.0,753.7
375,208,0,0.609,160.6,196.5,308.2,382.5
375,212,0,0.4557,966.7,181.8,1150.5,367.1
375,214,0,0.7898,26.7,370.7,126.5,756.7
375,215,0,0.7115,1153.1,797.9,1308.5,1076.9
375,216,0,0.4876,34.5,718.1,152.2,972.4
375,217,0,0.5019,245.0,845.1,425.4,1075.3
375,218,0,0.6456,12.0,67.0,73.8,385.0
376,71,0,0.9578,627.8,112.2,1242.1,1066.3
376,132,0,0.8106,1599.1,63.0,1781.5,550.5
376,178,0,0.6621,493.4,666.1,690.2,1027.8
376,157,0,0.6689,408.2,344.2,568.0,745.9
376,185,0,0.557,1128.2,57.8,1402.7,495.0
376,191,0,0.6086,1340.6,119.6,1497.8,348.6
376,194,0,0.9112,1725.6,821.1,1920.0,1075.6
376,201,0,0.8295,1514.3,809.3,1655.7,1076.5
376,203,0,0.6311,1339.7,752.7,1546.8,1077.2
376,197,0,0.693,213.2,338.4,385.0,746.4
376,208,0,0.6555,191.2,193.4,343.2,380.3
376,212,0,0.5669,936.2,178.3,1225.6,475.1
376,214,0,0.7496,56.7,365.4,158.0,749.9
376,215,0,0.7429,1160.0,783.3,1325.2,1076.6
376,216,0,0.3803,66.8,710.3,184.3,961.0
376,217,0,0.5096,280.9,841.7,462.7,1074.1
376,218,0,0.5765,26.8,63.0,90.3,383.4
376,220,0,0.6566,835.4,23.9,979.7,238.1
376,166,32,0.8756,612.6,900.4,799.1,1077.1
377,71,0,0.9477,638.1,107.4,1245.9,1065.2
377,132,0,0.8201,1620.6,61.0,1801.6,546.2
377,178,0,0.6566,522.8,660.4,712.5,1010.1
377,157,0,0.5759,439.6,341.8,597.5,739.7
377,185,0,0.6046,1171.1,56.8,1401.3,421.6
377,191,0,0.6212,1361.2,119.3,1516.0,345.7
377,194,0,0.8883,1737.7,814.7,1920.0,1075.2
377,201,0,0.7913,1533.2,801.4,1676.8,1076.3
377,203,0,0.7296,1371.8,767.8,1569.6,1077.4
377,197,0,0.7791,243.6,337.1,419.2,739.1
377,208,0,0.6431,221.9,190.0,377.6,377.1
377,212,0,0.4845,937.8,176.3,1265.6,519.5
377,214,0,0.7721,91.3,362.5,193.6,743.1
377,215,0,0.7335,1177.0,771.0,1350.9,1076.0
377,217,0,0.471,337.0,833.8,525.4,1074.0
377,218,0,0.5295,43.8,60.0,110.2,381.1
377,220,0,0.7463,858.1,24.1,1003.8,240.7
377,166,32,0.939,616.5,890.9,814.4,1077.1
378,71,0,0.9449,639.9,105.1,1246.6,1066.8
378,132,0,0.8227,1642.4,65.9,1820.2,542.3
378,178,0,0.3653,553.6,656.3,719.1,962.0
378,157,0,0.5634,487.5,338.1,649.4,734.0
378,185,0,0.5864,1207.5,58.7,1411.5,380.2
378,191,0,0.5963,1383.9,119.8,1536.3,343.3
378,194,0,0.8786,1749.0,808.5,1920.0,1074.4
378,201,0,0.8202,1551.4,795.9,1696.4,1076.8
378,203,0,0.7518,1398.5,771.9,1593.5,1077.8
378,197,0,0.7648,275.2,335.3,454.7,733.5
378,208,0,0.575,254.2,190.1,411.8,375.1
378,212,0,0.5186,952.3,175.5,1297.2,545.0
378,214,0,0.7158,127.4,360.7,231.0,736.7
378,215,0,0.7652,1195.6,758.2,1379.1,1076.0
378,217,0,0.5147,379.7,834.6,568.2,1074.4
378,220,0,0.7748,884.0,26.7,1027.9,240.9
378,166,32,0.9379,624.9,882.8,831.7,1077.2
378,223,0,0.7841,16.1,334.8,91.0,739.5
378,224,0,0.483,1095.6,816.8,1209.0,1074.7
378,216,0,0.5551,134.4,698.9,252.1,944.9
379,71,0,0.9502,639.4,104.9,1246.8,1066.7
379,132,0,0.7829,1661.6,65.3,1838.3,539.4
379,157,0,0.4121,523.6,336.8,688.9,730.7
379,185,0,0.5655,1234.7,60.4,1428.5,364.6
379,191,0,0.5675,1407.5,121.4,1557.9,342.3
379,194,0,0.8414,1761.1,803.7,1920.0,1072.4
379,201,0,0.8055,1570.5,790.9,1715.9,1076.4
379,203,0,0.7911,1414.1,742.4,1624.1,1077.5
379,197,0,0.7332,306.4,334.9,489.9,729.8
379,208,0,0.643,284.7,186.0,448.7,375.0
379,212,0,0.5418,975.7,173.9,1322.2,554.2
379,214,0,0.7056,163.0,360.5,268.1,731.9
379,215,0,0.7728,1214.2,752.0,1404.2,1076.6
379,217,0,0.3696,418.3,832.0,608.1,1073.0
379,220,0,0.7863,908.1,29.1,1050.9,241.5
379,166,32,0.9644,637.6,881.3,846.2,1077.0
379,223,0,0.8174,31.8,334.2,107.3,733.9
379,227,0,0.5695,37.9,65.5,211.2,379.8
379,216,0,0.5584,171.3,693.5,291.1,939.0
380,71,0,0.9509,640.2,108.2,1248.5,1064.6
380,132,0,0.8158,1679.7,68.0,1854.8,538.0
380,157,0,0.7372,540.4,337.6,703.0,728.1
380,185,0,0.5525,1259.9,65.5,1448.7,360.6
380,191,0,0.4647,1430.5,125.8,1579.0,343.3
380,194,0,0.6771,1775.1,803.2,1920.0,1068.3
380,201,0,0.7934,1588.8,787.2,1733.4,1075.1
380,203,0,0.784,1435.4,739.0,1644.2,1077.2
380,197,0,0.7501,338.4,336.2,524.1,726.1
380,208,0,0.6661,318.1,190.7,483.2,377.3
380,212,0,0.6647,1000.2,174.7,1338.7,555.1
380,214,0,0.7422,198.1,362.3,304.9,729.1
380,215,0,0.7702,1241.0,746.0,1434.5,1074.5
380,217,0,0.4098,451.5,829.1,643.5,1074.8
380,220,0,0.7886,933.0,34.8,1074.8,245.2
380,166,32,0.9287,656.1,891.0,857.0,1077.6
380,223,0,0.7944,50.7,336.6,128.1,730.0
380,227,0,0.4883,70.3,72.1,241.4,381.2
380,216,0,0.5861,205.4,690.9,326.4,933.9
380,229,0,0.5377,18.7,675.9,116.2,1054.6
381,71,0,0.9546,649.9,112.4,1264.0,1064.7
381,132,0,0.7975,1697.2,75.3,1869.8,538.0
381,157,0,0.7459,567.0,343.1,724.3,723.1
381,185,0,0.5783,1281.6,73.1,1466.3,360.6
381,191,0,0.4826,1448.7,132.0,1595.2,347.1
381,194,0,0.7019,1796.7,826.7,1920.0,1062.9
381,201,0,0.8338,1605.9,784.9,1749.0,1074.1
381,203,0,0.7814,1457.4,746.4,1659.2,1077.4
381,197,0,0.7844,370.2,336.9,558.1,723.5
381,208,0,0.6835,348.0,187.0,520.8,380.3
381,212,0,0.5307,1026.9,180.5,1354.1,556.8
381,214,0,0.7537,232.5,365.5,340.8,726.9
381,215,0,0.7879,1271.1,746.3,1465.2,1075.2
381,220,0,0.8013,957.6,42.6,1097.7,249.8
381,166,32,0.8773,682.8,916.5,861.7,1078.2
381,223,0,0.7959,80.7,339.6,161.0,728.2
381,227,0,0.4352,109.3,79.3,278.8,383.8
381,216,0,0.6123,241.8,689.5,363.3,928.4
381,229,0,0.6906,33.5,674.4,131.4,1049.2
382,71,0,0.9522,664.4,118.5,1286.2,1065.7
382,132,0,0.7816,1711.4,80.1,1882.2,538.9
382,157,0,0.684,596.4,347.2,748.8,717.9
382,185,0,0.5396,1301.9,80.2,1484.2,363.1
382,191,0,0.5227,1467.4,139.0,1611.1,350.3
382,194,0,0.7216,1812.1,838.0,1920.0,1056.2
382,201,0,0.8148,1622.0,781.7,1764.1,1073.0
382,203,0,0.8142,1477.6,753.3,1673.1,1077.5
382,197,0,0.7341,403.4,338.2,592.9,722.1
382,208,0,0.6902,379.9,189.7,554.3,382.8
382,212,0,0.6993,1051.2,187.4,1367.5,559.1
382,214,0,0.7251,266.7,370.1,376.1,724.9
382,215,0,0.6825,1293.8,741.0,1490.3,1074.3
382,220,0,0.807,980.5,50.5,1119.3,254.5
382,223,0,0.768,116.2,343.4,199.5,725.8
382,227,0,0.4658,145.6,87.2,313.8,386.8
382,216,0,0.6633,276.8,687.6,398.7,922.3
382,229,0,0.561,62.9,671.9,162.3,1043.0
382,158,0,0.4581,92.3,1.7,247.0,261.4
383,71,0,0.9571,670.5,123.9,1298.8,1065.8
383,132,0,0.8056,1724.6,85.9,1893.0,538.6
383,157,0,0.6518,626.4,351.0,772.4,708.4
383,185,0,0.5974,1322.5,87.9,1501.9,365.0
383,191,0,0.4093,1485.8,144.8,1627.6,353.0
383,194,0,0.7221,1824.8,841.7,1920.0,1047.0
383,201,0,0.7544,1635.8,777.4,1776.3,1069.4
383,203,0,0.8092,1494.0,752.1,1686.1,1074.1
383,197,0,0.7347,435.0,340.0,625.2,719.4
383,208,0,0.5703,410.9,191.3,587.4,385.4
383,212,0,0.7289,1077.9,193.6,1382.1,558.3
383,214,0,0.745,300.8,372.6,411.5,721.7
383,215,0,0.6578,1309.9,740.0,1506.3,1072.4
383,220,0,0.7731,1003.8,58.2,1141.3,258.8
383,223,0,0.7922,151.5,346.3,237.9,722.2
383,227,0,0.3926,185.4,94.5,352.3,389.6
383,216,0,0.6657,311.2,685.3,433.4,915.6
383,229,0,0.6215,98.5,668.9,200.5,1036.2
383,158,0,0.3405,114.3,1.9,274.7,264.5
384,71,0,0.9039,704.4,127.3,1332.0,1066.4
384,132,0,0.8049,1735.6,90.6,1901.9,538.1
384,157,0,0.6345,659.3,353.3,790.2,672.4
384,185,0,0.4553,1341.2,94.2,1518.6,366.6
384,191,0,0.5198,1500.0,151.6,1639.8,357.6
384,194,0,0.5501,1835.8,841.0,1920.0,1037.7
384,201,0,0.745,1648.7,772.1,1787.1,1064.2
384,203,0,0.7924,1509.9,750.6,1697.1,1068.0
384,197,0,0.7911,468.1,343.6,655.5,712.5
384,208,0,0.6691,443.8,194.9,619.7,387.3
384,212,0,0.7627,1103.4,197.9,1397.1,557.6
384,214,0,0.7423,336.3,374.9,447.6,715.5
384,215,0,0.7954,1330.2,734.2,1526.0,1066.3
384,220,0,0.7113,1026.5,64.6,1163.6,263.4
384,223,0,0.7596,187.9,348.1,277.3,715.8
384,227,0,0.4691,223.2,101.2,388.7,391.6
384,216,0,0.7181,344.3,681.6,467.3,908.4
384,158,0,0.3668,146.6,1.9,311.3,267.1
384,233,0,0.657,14.8,355.6,80.7,732.3
385,71,0,0.945,689.7,128.6,1321.6,1065.7
385,132,0,0.8194,1744.8,97.2,1908.3,537.5
385,157,0,0.4387,699.4,354.4,806.3,608.0
385,185,0,0.4958,1358.2,100.7,1533.5,368.0
385,191,0,0.4991,1514.1,157.8,1649.4,357.4
385,201,0,0.7671,1660.1,766.4,1794.5,1053.6
385,203,0,0.7861,1520.2,725.9,1712.3,1057.3
385,197,0,0.4413,494.2,347.7,680.0,711.0
385,208,0,0.5932,475.2,197.3,650.4,387.9
385,212,0,0.7458,1128.5,201.5,1412.4,555.7
385,214,0,0.7769,371.1,376.4,483.5,710.1
385,215,0,0.8134,1339.3,733.2,1532.0,1056.0
385,220,0,0.793,1048.9,71.3,1183.4,265.1
385,223,0,0.8379,224.2,350.7,316.5,710.1
385,227,0,0.4196,257.4,108.0,421.6,392.5
385,216,0,0.6767,381.1,677.7,503.7,900.0
385,233,0,0.717,34.1,356.9,100.3,726.7
385,229,0,0.6125,191.1,660.5,292.6,1014.3
386,71,0,0.9257,667.1,127.2,1307.0,1068.6
386,132,0,0.8134,1751.1,103.4,1911.4,535.1
386,157,0,0.3582,716.1,354.5,837.0,643.1
386,185,0,0.4493,1370.9,106.1,1543.4,368.2
386,191,0,0.437,1525.4,161.4,1658.7,358.3
386,201,0,0.7713,1670.3,759.0,1799.3,1037.9
386,203,0,0.784,1531.4,717.2,1718.4,1044.5
386,212,0,0.7235,1150.2,205.6,1423.0,552.7
386,214,0,0.6682,406.2,376.5,520.3,704.0
386,215,0,0.7116,1350.0,730.3,1538.9,1042.1
386,220,0,0.7454,1069.1,77.5,1201.6,267.2
386,223,0,0.7346,258.4,351.2,354.0,704.2
386,227,0,0.4874,295.4,113.9,457.6,392.6
386,216,0,0.6574,414.1,672.0,536.4,890.3
386,233,0,0.6568,66.5,356.7,134.9,721.0
386,236,0,0.5706,1237.5,764.0,1377.7,1029.1
386,229,0,0.4621,229.1,655.2,331.5,1000.6
387,71,0,0.9116,652.9,125.6,1295.7,1069.1
387,132,0,0.8099,1754.4,108.2,1911.7,531.9
387,157,0,0.3453,738.7,353.1,855.8,632.6
387,185,0,0.5818,1351.2,111.4,1589.6,485.5
387,191,0,0.4503,1533.8,164.7,1663.9,357.5
387,201,0,0.7935,1675.7,751.0,1800.2,1023.0
387,203,0,0.7676,1542.7,717.3,1719.1,1029.5
387,212,0,0.7675,1169.1,209.3,1431.2,549.3
387,214,0,0.685,435.8,376.7,551.2,698.0
387,215,0,0.8294,1358.5,715.2,1549.3,1027.6
387,220,0,0.7454,1085.5,82.7,1216.9,269.8
387,223,0,0.703,289.0,351.8,387.6,698.0
387,216,0,0.6358,441.5,665.5,563.4,878.6
387,233,0,0.6449,97.1,356.8,167.6,711.7
387,236,0,0.5126,1249.5,759.4,1388.9,1023.2
387,229,0,0.5199,264.0,650.6,367.9,988.5
387,239,0,0.37,1873.5,816.6,1918.8,997.3
387,197,0,0.5507,557.0,350.5,737.4,698.6
388,71,0,0.9481,674.4,128.3,1307.8,1070.2
388,132,0,0.8248,1755.1,114.4,1908.8,528.9
388,185,0,0.5361,1353.2,116.9,1604.2,523.3
388,191,0,0.4169,1544.3,169.6,1672.9,358.3
388,201,0,0.6919,1678.4,743.7,1798.9,1009.4
388,203,0,0.7453,1549.6,713.7,1718.6,1015.8
388,212,0,0.7611,1185.9,214.5,1437.1,546.4
388,214,0,0.6652,463.0,377.3,579.0,690.8
388,215,0,0.7411,1366.4,705.8,1555.9,1014.2
388,220,0,0.7171,1100.5,90.0,1229.6,272.9
388,223,0,0.724,318.4,352.8,420.0,692.5
388,216,0,0.6199,470.2,660.1,591.4,868.4
388,233,0,0.5837,135.3,358.6,208.7,705.5
388,236,0,0.6929,1261.9,752.4,1398.6,1011.5
388,229,0,0.4237,292.6,645.2,398.0,976.8
388,239,0,0.3319,1873.4,805.0,1918.7,985.4
388,197,0,0.5557,582.9,350.8,762.4,693.5
388,208,0,0.6924,566.4,216.3,725.3,387.8
389,71,0,0.9584,685.8,131.2,1306.1,1070.9
389,132,0,0.8142,1753.3,121.9,1903.5,526.7
389,185,0,0.5281,1360.1,123.7,1609.7,539.4
389,191,0,0.3626,1544.7,175.5,1669.4,358.7
389,201,0,0.7679,1678.5,737.2,1795.5,997.4
389,203,0,0.787,1551.4,695.9,1720.6,1002.9
389,212,0,0.7651,1199.7,220.1,1441.0,544.3
389,214,0,0.7331,486.5,378.8,603.1,686.8
389,215,0,0.8143,1372.7,696.2,1561.6,1002.5
389,220,0,0.6699,1111.9,97.5,1238.6,275.9
389,223,0,0.7175,345.7,355.1,449.9,688.7
389,216,0,0.5503,493.7,656.6,614.7,860.6
389,233,0,0.6161,165.7,360.2,242.4,701.6
389,236,0,0.7739,1270.8,747.3,1403.9,999.6
389,229,0,0.4739,320.8,640.8,427.6,965.9
389,197,0,0.7153,606.8,353.2,784.1,689.1
389,208,0,0.5704,592.1,228.4,743.3,389.9
389,227,0,0.3336,380.2,97.3,553.2,394.9
390,71,0,0.9581,692.7,135.3,1297.4,1070.7
390,132,0,0.7784,1749.0,128.8,1896.0,524.9
390,185,0,0.5076,1366.0,131.1,1607.9,544.9
390,191,0,0.4531,1548.9,182.9,1671.6,361.3
390,201,0,0.7536,1676.3,730.7,1790.4,986.6
390,203,0,0.8096,1552.5,683.8,1719.5,991.2
390,212,0,0.7496,1210.0,226.2,1441.8,542.7
390,214,0,0.671,507.6,381.4,624.0,682.7
390,215,0,0.8002,1376.4,687.9,1563.7,990.6
390,220,0,0.6078,1121.3,105.0,1246.7,280.5
390,223,0,0.6714,371.4,357.4,477.3,684.1
390,216,0,0.4795,518.4,652.0,638.3,851.7
390,233,0,0.5955,194.1,362.5,274.5,699.0
390,236,0,0.7644,1276.4,741.6,1406.5,988.5
390,229,0,0.5572,347.9,637.9,455.0,955.3
390,197,0,0.6936,627.5,355.0,802.6,685.2
390,208,0,0.5199,616.0,240.4,760.0,392.1
390,245,0,0.4606,895.4,1.3,1080.9,181.0
390,227,0,0.3251,413.2,125.1,572.2,396.4
391,71,0,0.9494,697.7,143.4,1283.6,1070.3
391,132,0,0.7883,1744.7,138.2,1888.5,525.3
391,185,0,0.5073,1370.6,138.8,1602.8,546.8
391,191,0,0.5033,1550.9,189.9,1672.3,364.0
391,201,0,0.7245,1674.0,725.9,1784.0,974.3
391,203,0,0.7883,1553.5,679.4,1714.8,980.0
391,212,0,0.7343,1218.6,233.5,1441.3,542.3
391,214,0,0.6907,527.9,384.0,643.2,677.1
391,215,0,0.7893,1380.6,685.4,1564.0,980.7
391,220,0,0.5878,1129.5,113.9,1252.8,285.7
391,223,0,0.6633,395.3,360.5,502.1,679.5
391,216,0,0.6214,540.5,649.2,659.8,845.8
391,233,0,0.6127,219.3,366.0,302.8,696.2
391,236,0,0.7466,1281.3,737.0,1408.3,978.6
391,229,0,0.5576,372.2,634.8,480.2,946.8
391,197,0,0.6819,646.5,357.9,818.2,679.8
391,208,0,0.4269,634.9,244.8,778.3,394.6
391,245,0,0.3898,892.9,1.2,1100.9,203.2
391,246,0,0.7897,14.2,822.1,107.8,997.3
391,239,0,0.4448,1868.4,773.0,1913.8,951.0
392,71,0,0.9514,702.6,151.4,1270.4,1071.2
392,132,0,0.762,1740.0,148.5,1880.4,526.3
392,185,0,0.5102,1377.9,147.8,1595.5,538.6
392,191,0,0.4758,1551.2,196.3,1671.9,367.3
392,201,0,0.7369,1670.1,722.6,1777.4,966.2
392,203,0,0.7865,1553.9,674.8,1711.1,971.6
392,212,0,0.6872,1227.7,242.0,1441.5,542.2
392,214,0,0.6864,547.4,387.7,661.2,672.6
392,215,0,0.7734,1385.0,689.0,1561.8,972.3
392,220,0,0.5927,1136.9,123.7,1258.3,292.0
392,223,0,0.6561,418.8,365.2,525.9,675.2
392,216,0,0.6766,561.9,649.7,678.6,839.7
392,233,0,0.6682,244.0,370.4,330.3,693.2
392,236,0,0.7575,1287.0,733.8,1410.9,970.2
392,229,0,0.489,395.8,633.2,504.3,939.1
392,197,0,0.5659,663.7,363.5,831.5,676.9
392,208,0,0.4369,651.9,247.4,797.1,398.5
392,245,0,0.5869,882.9,1.6,1135.8,249.9
392,246,0,0.6963,35.6,817.5,128.4,989.2
392,239,0,0.6125,1862.6,752.2,1912.2,943.6
393,71,0,0.9492,705.3,159.7,1254.4,1071.3
393,132,0,0.8084,1735.0,156.5,1872.7,526.7
393,185,0,0.5094,1381.4,156.5,1589.9,540.1
393,191,0,0.4336,1549.6,204.7,1668.3,371.1
393,201,0,0.6594,1667.1,719.6,1771.2,956.8
393,203,0,0.7313,1553.9,671.6,1706.4,962.6
393,212,0,0.6209,1234.8,247.6,1441.8,542.1
393,214,0,0.653,567.0,391.4,680.0,671.3
393,215,0,0.744,1385.2,680.9,1561.8,963.0
393,220,0,0.5744,1145.1,133.5,1264.2,297.8
393,223,0,0.6565,441.6,369.2,549.4,672.9
393,216,0,0.6087,582.4,647.9,697.7,833.7
393,233,0,0.6704,269.6,374.0,358.2,688.9
393,236,0,0.6696,1292.6,727.9,1414.9,961.9
393,229,0,0.5509,416.9,630.9,526.1,931.0
393,197,0,0.5033,677.0,365.1,841.7,673.6
393,208,0,0.3664,669.9,254.2,812.9,402.2
393,245,0,0.5333,886.2,1.6,1157.3,271.8
393,246,0,0.7545,66.9,810.8,159.2,979.1
393,239,0,0.7528,1855.9,733.4,1909.3,933.9
393,251,0,0.4265,591.7,13.8,751.8,302.9
394,71,0,0.9484,707.7,167.1,1237.5,1070.2
394,132,0,0.7982,1730.9,163.9,1866.0,527.0
394,185,0,0.5388,1386.7,164.2,1587.5,541.9
394,191,0,0.3782,1545.0,210.5,1662.8,376.2
394,201,0,0.6525,1665.1,714.5,1766.8,947.6
394,203,0,0.7342,1555.4,667.8,1703.1,952.5
394,212,0,0.6191,1242.6,252.0,1443.5,541.4
394,214,0,0.6694,587.3,393.9,699.6,668.9
394,215,0,0.7803,1387.5,675.9,1562.0,953.6
394,220,0,0.6477,1153.5,141.5,1270.9,302.7
394,223,0,0.6695,464.2,372.7,572.7,670.6
394,216,0,0.6215,601.7,645.2,716.1,827.3
394,233,0,0.631,295.8,377.7,386.4,685.5
394,236,0,0.7252,1299.0,724.8,1417.5,952.3
394,229,0,0.5431,440.1,629.4,548.3,922.0
394,197,0,0.4223,692.6,367.4,852.6,670.2
394,208,0,0.3889,686.1,255.5,830.1,404.6
394,245,0,0.6432,894.8,1.6,1171.4,282.4
394,246,0,0.7399,100.1,803.7,192.2,968.5
394,239,0,0.8496,1853.2,723.5,1908.4,924.8
394,251,0,0.4324,607.9,22.5,765.7,307.4
394,252,0,0.7737,14.6,804.7,85.8,971.6
394,253,0,0.4487,446.8,45.4,583.2,309.1
395,71,0,0.9505,709.7,172.5,1222.0,1069.8
395,132,0,0.8037,1728.4,170.4,1860.6,524.8
395,185,0,0.5184,1392.7,171.0,1585.4,541.3
395,191,0,0.423,1547.2,216.3,1664.7,380.6
395,201,0,0.7131,1664.0,709.1,1763.4,938.0
395,203,0,0.7013,1556.7,665.0,1699.6,942.6
395,212,0,0.5852,1251.8,257.4,1445.5,539.3
395,214,0,0.6821,608.5,395.4,719.6,664.5
395,215,0,0.794,1392.0,670.7,1563.9,943.6
395,220,0,0.5966,1162.8,148.1,1278.4,306.3
395,223,0,0.6885,487.2,374.8,595.7,666.3
395,216,0,0.5532,620.7,641.0,733.9,818.9
395,233,0,0.7378,322.3,379.5,414.9,680.1
395,236,0,0.7157,1306.8,719.9,1422.3,942.5
395,229,0,0.5621,465.1,626.4,573.0,912.3
395,197,0,0.3231,708.8,367.3,863.9,664.9
395,208,0,0.3483,705.4,259.8,845.9,405.2
395,245,0,0.625,907.2,1.7,1183.8,288.8
395,246,0,0.7522,131.9,796.2,223.9,957.4
395,239,0,0.8539,1851.5,716.2,1907.8,914.8
395,251,0,0.4269,631.7,30.3,786.8,310.7
395,252,0,0.8058,30.8,800.1,101.3,962.2
395,253,0,0.3705,470.4,52.6,604.4,311.8
395,257,0,0.389,1855.9,1.8,1919.4,178.1
395,144,0,0.429,1084.8,325.3,1276.9,708.1
396,71,0,0.9491,713.0,174.9,1207.8,1068.4
396,132,0,0.8145,1726.8,175.7,1856.5,523.1
396,185,0,0.4866,1399.8,176.2,1584.8,539.3
396,191,0,0.4267,1546.9,219.8,1662.5,381.9
396,201,0,0.6653,1664.1,703.4,1761.2,928.2
396,203,0,0.6952,1559.2,660.4,1698.0,931.6
396,212,0,0.5854,1261.6,261.5,1448.8,536.6
396,214,0,0.6237,630.0,396.3,739.2,658.0
396,215,0,0.7717,1396.6,663.4,1566.4,932.4
396,220,0,0.5531,1172.7,153.3,1286.9,308.9
396,223,0,0.6426,509.7,375.2,618.5,661.8
396,216,0,0.5138,640.5,636.7,752.9,811.3
396,233,0,0.5917,349.0,380.8,443.6,675.0
396,236,0,0.735,1314.0,713.5,1426.8,931.9
396,229,0,0.4762,487.8,621.6,595.5,900.7
396,245,0,0.6208,922.4,2.0,1194.0,290.9
396,246,0,0.7626,162.7,787.6,254.9,945.7
396,239,0,0.8748,1849.5,709.5,1907.0,904.9
396,251,0,0.3764,654.1,39.2,805.6,312.6
396,252,0,0.734,58.3,793.3,128.6,949.4
396,257,0,0.4492,1852.4,2.1,1919.0,186.9
396,144,0,0.4583,1105.9,324.7,1285.9,710.9
397,71,0,0.9257,717.5,174.5,1197.6,1070.4
397,132,0,0.8384,1725.7,179.2,1853.0,520.0
397,185,0,0.4595,1407.8,180.7,1585.4,534.8
397,191,0,0.405,1549.7,221.8,1663.2,380.9
397,201,0,0.6103,1665.0,697.1,1759.3,916.5
397,203,0,0.736,1561.5,654.2,1696.9,920.1
397,212,0,0.5623,1269.9,261.4,1452.9,532.9
397,214,0,0.6429,650.4,395.1,758.5,651.5
397,215,0,0.7638,1401.6,657.8,1568.2,921.3
397,220,0,0.575,1181.9,157.1,1294.6,310.4
397,223,0,0.6717,532.0,375.6,640.5,656.8
397,216,0,0.5064,659.8,631.1,771.3,802.9
397,233,0,0.6318,372.7,380.9,469.1,669.8
397,236,0,0.7175,1322.1,705.6,1432.5,920.1
397,229,0,0.5639,511.4,617.6,618.9,890.7
397,245,0,0.5318,937.6,1.8,1203.3,292.0
397,246,0,0.7615,195.0,778.6,287.3,933.4
397,239,0,0.8664,1846.8,702.3,1905.8,894.6
397,251,0,0.3997,677.1,48.0,824.2,313.5
397,252,0,0.7275,91.8,784.0,163.0,936.1
397,257,0,0.562,1849.1,3.5,1918.3,195.3
397,144,0,0.4008,1124.8,325.6,1294.8,711.6
397,260,0,0.4385,1104.7,596.3,1198.6,923.3
397,253,0,0.3814,523.7,68.2,651.1,314.4
398,71,0,0.928,729.1,177.3,1193.2,1069.4
398,132,0,0.8336,1725.0,182.0,1850.0,516.7
398,185,0,0.4743,1414.7,183.5,1586.4,530.8
398,191,0,0.3481,1552.4,223.0,1663.2,378.7
398,201,0,0.5555,1665.3,689.5,1757.7,905.2
398,203,0,0.7014,1563.2,647.8,1695.2,908.8
398,212,0,0.5129,1279.1,262.8,1456.3,528.6
398,214,0,0.5395,669.7,393.7,776.8,646.3
398,215,0,0.7549,1407.6,652.1,1570.8,909.8
398,220,0,0.4507,1191.5,160.8,1301.7,310.2
398,223,0,0.5927,554.0,375.3,661.8,650.4
398,216,0,0.5264,679.5,626.3,789.8,795.4
398,233,0,0.5783,396.1,380.9,494.0,664.1
398,236,0,0.7118,1330.4,700.1,1437.5,909.0
398,229,0,0.4002,528.9,611.6,637.8,879.3
398,245,0,0.4751,953.1,2.3,1211.7,293.4
398,246,0,0.6873,214.3,769.7,309.1,922.9
398,239,0,0.8663,1845.2,695.7,1905.6,884.6
398,251,0,0.3928,697.0,54.8,840.5,313.5
398,257,0,0.544,1846.8,8.2,1916.4,200.0
398,144,0,0.3675,1139.8,326.6,1302.6,709.8
398,253,0,0.322,546.5,76.9,669.3,313.9
399,71,0,0.9298,738.7,177.6,1189.6,1070.5
399,132,0,0.8236,1724.6,183.4,1847.7,512.8
399,185,0,0.5323,1420.4,185.9,1586.3,526.6
399,191,0,0.3491,1555.5,223.5,1663.9,375.6
399,201,0,0.6052,1666.6,683.2,1756.9,895.0
399,203,0,0.6909,1564.0,643.5,1692.8,898.7
399,212,0,0.494,1287.5,263.9,1460.0,524.7
399,214,0,0.533,686.8,392.5,793.0,641.1
399,215,0,0.7072,1413.8,650.9,1571.6,899.5
399,220,0,0.3659,1200.4,162.9,1309.0,310.0
399,223,0,0.4788,573.2,374.0,680.3,644.1
399,216,0,0.4131,697.8,620.1,805.9,785.3
399,236,0,0.6843,1337.5,691.9,1443.2,898.6
399,229,0,0.3959,541.0,606.2,651.7,869.4
399,239,0,0.8683,1843.5,690.4,1905.1,874.7
399,251,0,0.3682,718.1,59.3,858.9,313.5
399,257,0,0.561,1845.9,13.4,1915.3,203.6
399,144,0,0.3699,1151.5,328.2,1309.5,709.2
400,71,0,0.9322,754.1,180.1,1189.3,1071.0
400,132,0,0.7808,1724.6,184.9,1845.9,509.6
400,185,0,0.4627,1425.6,188.8,1586.0,522.7
400,191,0,0.3013,1558.7,225.2,1666.5,376.0
400,201,0,0.6263,1667.6,677.5,1756.5,886.6
400,203,0,0.649,1566.4,640.4,1692.1,889.8
400,212,0,0.4443,1294.6,264.0,1463.4,521.4
400,214,0,0.5292,702.8,391.8,807.8,636.3
400,215,0,0.7047,1417.8,643.6,1574.6,890.6
400,223,0,0.3024,597.7,374.0,702.6,639.1
400,236,0,0.7111,1344.1,687.9,1447.0,889.8
400,229,0,0.4378,565.0,601.9,675.7,863.4
400,239,0,0.8707,1842.1,685.1,1905.3,866.3
400,251,0,0.3325,733.0,63.4,871.9,313.9
400,257,0,0.4761,1846.1,18.9,1913.7,202.3
400,144,0,0.4359,1154.0,330.3,1310.7,709.7
400,264,0,0.6353,37.6,55.6,705.1,1066.9
400,260,0,0.4921,1132.7,687.1,1194.1,893.3
401,71,0,0.9251,767.0,182.0,1187.5,1070.9
401,132,0,0.8162,1725.4,187.8,1845.0,507.6
401,185,0,0.5028,1432.2,190.6,1588.4,519.4
401,191,0,0.3173,1563.3,226.8,1668.6,373.6
401,201,0,0.6446,1669.1,673.0,1756.1,877.6
401,203,0,0.6526,1570.0,635.4,1693.8,882.6
401,212,0,0.484,1302.4,263.6,1468.1,518.6
401,215,0,0.7236,1422.9,638.1,1578.1,882.9
401,236,0,0.6951,1350.4,683.4,1451.5,882.0
401,239,0,0.8666,1841.2,680.8,1905.9,858.9
401,251,0,0.4155,748.9,69.5,884.9,314.7
401,257,0,0.4841,1846.0,23.3,1913.1,202.8
401,144,0,0.4865,1164.1,331.8,1318.2,710.0
401,264,0,0.7905,143.8,32.2,809.1,1046.5
401,268,0,0.6483,104.3,127.3,196.7,291.5
401,269,0,0.425,1222.1,765.6,1289.9,871.9
401,260,0,0.6089,1138.6,690.0,1199.3,885.1
401,252,0,0.7853,190.9,751.6,264.4,897.9
401,216,0,0.3299,726.5,610.7,834.4,774.8
402,71,0,0.6696,735.4,182.9,1154.1,1071.0
402,132,0,0.8329,1727.0,188.8,1845.3,505.0
402,185,0,0.5097,1438.7,192.3,1591.2,516.9
402,191,0,0.3093,1566.1,228.5,1670.0,373.0
402,201,0,0.6616,1672.3,669.3,1757.7,870.8
402,203,0,0.7233,1573.0,630.7,1695.5,876.1
402,212,0,0.5408,1310.6,266.4,1471.8,516.0
402,215,0,0.7662,1427.2,633.2,1581.5,876.5
402,236,0,0.6677,1357.2,678.8,1457.2,875.8
402,239,0,0.8785,1840.7,676.4,1907.1,852.8
402,251,0,0.3274,763.0,75.3,895.2,315.8
402,257,0,0.4628,1846.8,27.2,1912.5,200.5
402,144,0,0.5396,1179.5,337.8,1327.7,710.9
402,264,0,0.7773,252.7,10.6,930.7,1055.5
402,268,0,0.6763,127.0,129.5,219.8,293.5
402,269,0,0.3936,1229.9,761.0,1296.8,866.0
402,260,0,0.6399,1144.4,689.0,1206.3,878.5
402,270,0,0.5044,1111.2,419.3,1221.8,638.6
402,271,0,0.4274,1125.3,577.5,1251.9,752.8
402,272,0,0.4661,9.7,194.2,74.5,337.2
402,252,0,0.7682,209.8,746.1,287.2,890.5
402,246,0,0.7149,309.0,745.5,400.2,888.6
403,71,0,0.6625,736.2,215.0,1141.8,1071.1
403,132,0,0.8363,1730.2,189.5,1847.4,502.9
403,185,0,0.4512,1445.7,193.0,1595.0,513.8
403,191,0,0.3474,1568.5,228.9,1670.7,371.9
403,201,0,0.6575,1676.9,665.1,1760.9,863.6
403,203,0,0.683,1578.4,627.4,1698.7,869.0
403,212,0,0.4954,1318.3,266.5,1476.5,512.9
403,215,0,0.7101,1433.8,629.2,1586.5,870.1
403,236,0,0.6341,1365.5,673.7,1464.9,869.7
403,239,0,0.8705,1841.7,672.7,1909.0,846.7
403,257,0,0.5259,1847.1,30.1,1914.4,206.1
403,144,0,0.525,1194.0,343.5,1335.2,708.9
403,264,0,0.7199,352.6,2.1,1033.1,1065.2
403,268,0,0.6394,149.3,129.7,242.2,292.7
403,269,0,0.3179,1238.9,755.4,1304.8,858.8
403,260,0,0.6001,1150.2,684.7,1214.9,871.9
403,270,0,0.4585,1120.6,418.7,1229.9,635.2
403,271,0,0.3169,1132.0,573.6,1261.4,753.2
403,252,0,0.7893,227.4,739.8,309.1,883.7
403,273,0,0.6283,8.7,844.6,65.6,895.7
403,246,0,0.745,327.9,740.7,420.2,881.5
404,132,0,0.8115,1734.8,189.7,1850.6,499.4
404,185,0,0.4666,1453.2,192.6,1600.1,510.6
404,191,0,0.3018,1574.7,228.5,1676.1,370.7
404,201,0,0.6439,1681.2,659.6,1764.9,857.8
404,203,0,0.6838,1585.3,627.0,1702.3,861.7
404,212,0,0.4339,1326.2,264.7,1482.8,510.0
404,215,0,0.7335,1440.6,623.4,1592.1,862.8
404,236,0,0.6845,1374.3,668.3,1472.6,861.7
404,239,0,0.8678,1843.4,668.4,1911.2,839.8
404,257,0,0.5067,1849.1,31.8,1917.0,208.7
404,144,0,0.4477,1208.3,346.6,1343.2,704.7
404,264,0,0.7233,545.1,2.6,1222.9,1061.2
404,268,0,0.5245,172.3,132.9,263.0,290.1
404,269,0,0.3723,1247.7,749.4,1312.9,851.4
404,260,0,0.5973,1157.0,678.2,1225.2,864.8
404,270,0,0.3203,1131.8,417.8,1239.7,631.7
404,271,0,0.3348,1146.0,568.9,1270.8,742.0
404,252,0,0.796,246.0,734.1,331.0,876.2
404,246,0,0.7635,346.9,735.2,440.1,873.9
404,233,0,0.7883,507.0,371.0,603.7,639.7
405,132,0,0.8192,1739.4,188.8,1854.1,495.4
405,185,0,0.5199,1460.8,192.2,1604.7,506.8
405,191,0,0.3248,1581.8,227.4,1681.9,367.5
405,201,0,0.7274,1686.5,654.4,1768.5,848.9
405,203,0,0.7321,1590.3,620.5,1706.7,854.1
405,212,0,0.475,1335.8,264.6,1489.5,506.3
405,215,0,0.7644,1448.6,618.5,1598.2,855.1
405,236,0,0.7318,1383.3,661.8,1481.4,854.5
405,239,0,0.8744,1845.6,663.3,1913.4,832.3
405,257,0,0.489,1851.2,32.6,1918.7,208.7
405,144,0,0.5391,1222.7,348.1,1352.1,700.0
405,268,0,0.5163,192.5,132.2,283.4,287.9
405,269,0,0.5025,1257.9,742.8,1322.6,844.0
405,270,0,0.3766,1145.6,414.6,1248.4,618.1
405,271,0,0.3661,1158.5,564.3,1280.7,733.9
405,252,0,0.7652,264.9,728.3,352.2,867.8
405,246,0,0.6823,364.9,728.7,459.2,866.0
405,280,0,0.4294,511.0,167.0,623.3,314.5
405,233,0,0.7951,522.1,368.1,620.8,633.4
405,223,0,0.7697,669.8,366.1,771.9,619.6
405,71,0,0.4671,778.5,326.1,1139.7,1071.4
406,132,0,0.8234,1744.5,187.4,1858.0,490.9
406,185,0,0.3528,1469.4,191.2,1610.6,502.2
406,201,0,0.6633,1691.5,648.8,1772.7,841.4
406,203,0,0.7203,1595.7,611.4,1711.9,845.4
406,215,0,0.7585,1456.3,612.8,1604.3,847.6
406,236,0,0.6908,1391.3,655.3,1489.2,847.1
406,239,0,0.8494,1847.0,655.3,1915.6,824.9
406,257,0,0.53,1853.4,32.8,1919.9,207.0
406,268,0,0.4219,213.4,132.4,304.6,286.6
406,252,0,0.7727,282.1,720.8,372.6,859.4
406,246,0,0.7458,382.8,720.8,478.6,857.8
406,280,0,0.3073,526.8,166.4,638.5,313.2
406,233,0,0.7118,538.3,365.1,638.7,628.3
406,223,0,0.6381,682.6,363.7,785.1,614.5
406,71,0,0.5546,760.8,253.4,1153.3,1070.0
406,253,0,0.4031,678.2,89.3,792.9,311.1
406,272,0,0.4393,10.2,195.1,68.7,321.9
406,264,0,0.8275,805.9,2.5,1484.7,1061.6
407,132,0,0.8256,1748.3,185.8,1860.6,485.9
407,201,0,0.7143,1696.0,641.8,1776.7,833.8
407,203,0,0.6966,1601.6,607.4,1715.8,837.4
407,215,0,0.6967,1464.1,610.2,1608.2,838.7
407,239,0,0.8667,1849.0,652.1,1916.1,816.2
407,257,0,0.5559,1855.1,32.5,1920.0,204.6
407,268,0,0.4161,233.4,132.2,325.2,285.1
407,252,0,0.7702,299.2,713.7,392.2,850.8
407,246,0,0.7683,400.4,714.0,496.7,849.1
407,280,0,0.3046,544.7,164.7,655.2,310.0
407,233,0,0.737,552.5,362.3,654.2,622.8
407,223,0,0.6536,695.8,360.3,798.6,608.4
407,71,0,0.8797,770.2,214.6,1169.7,1069.3
407,253,0,0.4984,692.6,88.1,806.2,307.8
407,264,0,0.4964,916.1,4.2,1583.1,1060.6
408,132,0,0.8253,1751.8,183.3,1863.2,480.9
408,201,0,0.7456,1700.3,635.2,1779.5,823.8
408,203,0,0.7065,1607.7,604.8,1719.1,829.2
408,239,0,0.8281,1850.5,646.3,1917.0,808.0
408,257,0,0.6254,1857.2,32.3,1920.0,201.5
408,268,0,0.4661,252.2,131.6,343.8,281.6
408,252,0,0.7542,317.0,707.4,411.4,841.9
408,246,0,0.7536,416.2,705.9,513.6,840.1
408,280,0,0.3161,560.7,163.1,669.6,306.5
408,233,0,0.7074,567.4,358.5,669.4,615.8
408,223,0,0.6567,709.0,356.0,812.0,601.8
408,71,0,0.9338,772.4,200.9,1168.9,1071.4
408,253,0,0.5556,709.7,87.8,822.6,305.0
408,264,0,0.6079,1082.5,0.7,1731.5,1036.8
409,132,0,0.6193,1758.5,180.8,1868.3,475.0
409,201,0,0.6287,1700.6,628.5,1780.9,817.6
409,239,0,0.7719,1854.2,642.2,1918.8,799.4
409,257,0,0.557,1862.1,31.7,1920.0,186.2
409,268,0,0.5808,270.2,129.0,363.1,279.1
409,252,0,0.7732,334.7,699.6,430.6,832.8
409,246,0,0.7348,432.3,697.8,530.5,831.4
409,280,0,0.3411,576.2,160.7,684.0,302.7
409,233,0,0.7361,582.0,354.1,684.6,609.8
409,223,0,0.539,723.4,351.7,827.2,596.6
409,71,0,0.9272,775.6,192.2,1168.3,1073.8
409,253,0,0.434,720.1,85.7,832.7,301.6
409,264,0,0.374,1211.7,4.8,1852.3,1050.8
409,297,0,0.46,475.0,197.4,602.3,504.0
409,260,0,0.5472,1204.8,643.0,1277.3,827.7
409,270,0,0.4915,1185.3,395.3,1286.2,594.3
410,201,0,0.5893,1729.1,631.8,1791.9,760.7
410,239,0,0.4651,1859.0,647.7,1918.4,791.3
410,257,0,0.4439,1865.6,31.9,1920.0,178.9
410,268,0,0.4306,288.7,126.7,382.4,275.7
410,252,0,0.7618,351.9,692.0,449.4,824.2
410,246,0,0.7012,449.2,690.6,547.5,822.5
410,280,0,0.3097,593.1,158.2,699.9,299.1
410,233,0,0.7194,596.7,350.3,699.7,604.3
410,223,0,0.3806,735.2,347.7,838.1,589.9
410,71,0,0.9156,778.2,184.4,1166.7,1074.2
410,253,0,0.4456,735.5,84.9,846.7,298.3
410,264,0,0.7209,1358.9,5.3,1920.0,1058.1
410,297,0,0.3183,491.6,195.6,617.1,497.8
410,306,0,0.5875,9.8,430.7,92.6,835.0
410,260,0,0.6109,1213.1,635.1,1289.9,818.8
410,270,0,0.4788,1194.3,388.7,1295.6,588.5
410,144,0,0.4299,1277.5,337.2,1396.8,666.0
411,268,0,0.4345,307.3,123.4,402.1,272.2
411,252,0,0.7726,370.0,684.3,468.6,815.1
411,246,0,0.6233,465.3,683.4,563.0,813.3
411,233,0,0.7006,612.7,345.0,715.0,595.2
411,71,0,0.9053,780.5,176.5,1163.9,1071.0
411,253,0,0.3223,751.1,81.5,861.7,294.2
411,264,0,0.6125,1468.3,6.5,1920.0,1051.4
411,306,0,0.7067,13.0,381.7,93.6,772.5
411,260,0,0.6052,1221.1,627.7,1301.7,810.1
411,270,0,0.4769,1206.0,383.3,1308.4,585.0
411,144,0,0.5736,1291.4,334.9,1407.6,660.4
411,212,0,0.3315,1386.3,244.9,1531.2,473.7
411,271,0,0.3401,1217.7,528.6,1330.0,685.5
411,185,0,0.4513,1504.6,177.5,1638.4,475.7
411,236,0,0.7201,1428.5,622.2,1520.5,803.9
411,215,0,0.4487,1492.8,579.4,1633.7,804.3
412,268,0,0.5132,325.5,120.2,420.4,267.4
412,252,0,0.7844,388.0,676.0,487.8,806.1
412,246,0,0.6913,483.1,675.0,581.6,804.3
412,233,0,0.703,628.5,339.5,730.6,586.5
412,71,0,0.9233,778.1,168.2,1159.7,1069.8
412,253,0,0.3862,766.0,80.5,875.6,291.4
412,306,0,0.8822,0.0,355.5,131.2,999.9
412,260,0,0.6742,1231.3,620.2,1314.9,800.9
412,270,0,0.4551,1217.2,377.1,1319.5,578.4
412,144,0,0.5735,1301.2,332.5,1417.2,658.2
412,212,0,0.4305,1395.3,239.5,1539.4,468.1
412,271,0,0.3323,1230.7,522.1,1341.1,676.5
412,185,0,0.3548,1518.8,173.5,1651.6,468.1
412,236,0,0.6703,1438.6,614.1,1529.5,794.3
412,215,0,0.6613,1504.0,574.2,1642.4,795.3
412,280,0,0.3054,627.1,152.1,731.3,289.7
412,297,0,0.4735,531.1,186.3,655.6,485.9
413,268,0,0.4582,345.1,118.0,439.9,263.3
413,252,0,0.7868,406.8,668.2,507.2,797.0
413,246,0,0.7335,502.0,667.2,600.7,795.5
413,233,0,0.6883,646.1,335.3,748.3,579.5
413,71,0,0.9393,776.5,163.5,1160.2,1070.6
413,253,0,0.363,783.6,80.1,890.2,285.2
413,306,0,0.9227,2.0,339.7,153.0,1070.6
413,260,0,0.6139,1242.2,612.4,1328.7,792.4
413,270,0,0.4518,1230.1,372.5,1331.9,572.2
413,144,0,0.6723,1317.8,331.2,1430.8,652.5
413,212,0,0.3332,1405.6,236.8,1547.6,462.3
413,236,0,0.7005,1449.0,607.8,1538.4,785.9
413,215,0,0.71,1515.1,572.7,1649.4,786.6
413,280,0,0.3415,644.7,148.4,749.4,286.5
413,297,0,0.4612,551.2,183.4,674.2,479.2
413,203,0,0.6353,1643.0,566.8,1751.8,786.1
413,201,0,0.5698,1730.2,599.8,1815.2,775.3
414,268,0,0.5022,365.4,115.6,460.7,260.2
414,252,0,0.8222,425.8,661.2,526.9,789.1
414,246,0,0.7828,520.4,660.6,618.9,787.6
414,233,0,0.6921,663.9,331.4,766.0,572.4
414,71,0,0.9489,779.6,160.2,1169.1,1073.1
414,253,0,0.3716,800.0,76.5,905.9,280.8
414,306,0,0.9031,9.4,299.2,176.2,1080.0
414,260,0,0.6677,1255.0,605.2,1343.4,783.8
414,270,0,0.52,1243.2,367.6,1344.2,564.7
414,144,0,0.6553,1331.9,330.4,1444.2,655.1
414,236,0,0.5548,1461.8,600.5,1551.3,777.8
414,215,0,0.6825,1524.5,566.1,1658.0,779.0
414,280,0,0.3362,662.6,146.2,766.3,282.7
414,297,0,0.5557,571.0,181.0,693.1,474.3
414,203,0,0.6914,1652.1,559.6,1760.2,778.1
414,201,0,0.6253,1735.3,591.0,1823.3,774.0
414,132,0,0.4947,1792.1,163.9,1898.1,447.9
414,271,0,0.3122,1256.3,511.2,1363.4,660.9
415,268,0,0.4733,386.2,114.1,481.8,257.6
415,252,0,0.7954,445.3,655.1,547.1,782.2
415,246,0,0.7557,539.0,654.9,637.5,780.7
415,233,0,0.6369,680.5,328.0,782.6,567.1
415,71,0,0.9441,776.5,158.0,1174.7,1077.4
415,253,0,0.3188,816.2,75.9,919.6,276.0
415,306,0,0.9416,20.2,267.0,198.7,1080.0
415,260,0,0.6659,1265.5,600.0,1355.7,776.4
415,270,0,0.5659,1255.6,363.7,1356.3,560.2
415,144,0,0.6661,1345.6,330.5,1456.1,654.7
415,236,0,0.6347,1472.1,596.3,1560.4,771.2
415,215,0,0.6936,1534.6,557.6,1668.9,772.3
415,280,0,0.3752,680.6,145.0,783.4,280.1
415,297,0,0.4532,590.7,178.5,712.1,470.0
415,203,0,0.6877,1660.7,553.6,1768.2,770.8
415,201,0,0.6267,1744.1,584.9,1831.1,766.2
415,132,0,0.7227,1800.4,162.0,1905.5,443.4
415,271,0,0.3066,1268.2,507.0,1374.5,655.9
415,212,0,0.3024,1428.6,229.9,1568.6,453.6
416,268,0,0.5384,406.8,113.6,502.7,256.4
416,252,0,0.771,463.3,649.9,566.1,776.4
416,246,0,0.6616,557.4,650.8,655.1,774.9
416,233,0,0.5412,697.5,326.2,799.6,563.2
416,71,0,0.9386,774.9,156.7,1181.4,1077.5
416,306,0,0.9124,29.2,214.5,223.6,1080.0
416,260,0,0.6906,1276.5,595.6,1368.5,770.6
416,270,0,0.4106,1269.3,361.6,1367.1,552.0
416,144,0,0.5207,1358.7,331.4,1466.6,651.3
416,236,0,0.5821,1482.1,592.4,1569.1,765.2
416,215,0,0.6577,1546.8,556.8,1677.8,766.2
416,203,0,0.713,1670.9,549.8,1777.1,764.8
416,201,0,0.7578,1752.9,580.7,1839.6,761.7
416,132,0,0.7807,1808.4,162.0,1912.3,440.2
416,212,0,0.3346,1440.2,228.5,1578.7,450.5
416,185,0,0.3575,1556.5,165.2,1684.9,452.5
417,268,0,0.5669,425.8,113.8,521.3,255.1
417,252,0,0.7673,482.3,645.8,585.0,770.6
417,246,0,0.6183,576.1,647.4,672.8,769.2
417,233,0,0.42,714.1,325.0,815.7,559.6
417,71,0,0.9422,771.3,156.6,1185.4,1075.6
417,306,0,0.9334,38.9,181.3,246.5,1080.0
417,260,0,0.6604,1287.4,591.5,1381.3,765.6
417,270,0,0.4677,1284.0,360.3,1375.7,537.0
417,144,0,0.5149,1370.5,333.0,1475.9,647.3
417,236,0,0.602,1494.7,588.5,1581.6,760.2
417,215,0,0.6758,1558.0,551.7,1688.2,760.6
417,203,0,0.6859,1680.4,547.5,1785.1,759.5
417,201,0,0.6611,1762.0,577.2,1848.2,757.6
417,132,0,0.7558,1816.1,161.4,1919.1,437.6
417,212,0,0.4064,1450.9,226.9,1588.6,448.1
417,185,0,0.399,1568.3,164.7,1694.5,447.6
417,280,0,0.3066,716.1,145.2,816.7,277.3
417,297,0,0.3307,629.3,177.0,749.0,464.1
418,268,0,0.5141,445.0,113.7,540.6,254.0
418,252,0,0.7649,500.6,641.6,603.8,765.6
418,246,0,0.6206,593.8,643.0,690.4,764.0
418,233,0,0.3454,727.7,322.7,828.8,557.2
418,71,0,0.9486,767.3,156.0,1189.0,1075.7
418,306,0,0.9478,47.5,161.0,266.9,1080.0
418,260,0,0.6955,1296.6,587.4,1392.7,760.8
418,270,0,0.4269,1294.2,358.1,1391.4,545.0
418,144,0,0.5461,1381.1,333.6,1485.8,643.7
418,236,0,0.5369,1503.0,585.3,1588.6,754.6
418,215,0,0.5905,1566.5,547.2,1695.7,755.1
418,203,0,0.7095,1688.2,542.7,1792.9,754.6
418,201,0,0.7464,1770.1,573.2,1856.2,753.3
418,132,0,0.6854,1822.2,161.5,1920.0,434.7
418,212,0,0.3114,1459.7,225.8,1596.9,445.4
418,280,0,0.3074,733.1,145.1,833.0,276.2
419,268,0,0.5193,462.6,113.4,558.5,253.5
419,252,0,0.7828,518.3,637.2,621.2,759.6
419,246,0,0.6648,609.7,637.9,705.9,757.8
419,71,0,0.9415,764.9,155.9,1192.7,1075.7
419,306,0,0.9522,52.0,148.9,283.0,1080.0
419,260,0,0.6855,1306.5,583.7,1403.7,754.6
419,270,0,0.4565,1304.1,356.7,1402.1,545.4
419,144,0,0.6634,1391.5,333.4,1495.9,638.5
419,236,0,0.4989,1514.0,580.2,1600.2,749.2
419,215,0,0.6515,1576.6,546.6,1703.1,749.6
419,203,0,0.6445,1696.6,537.5,1800.8,749.0
419,201,0,0.6864,1778.8,568.9,1863.9,746.8
419,132,0,0.7212,1827.2,160.8,1920.0,431.6
419,212,0,0.3138,1471.9,224.7,1607.1,441.8
419,280,0,0.3278,749.4,144.8,848.4,274.9
419,297,0,0.3129,666.6,175.3,784.4,457.5
420,268,0,0.4961,480.3,113.2,575.9,251.9
420,252,0,0.7575,534.4,632.7,636.9,753.7
420,246,0,0.6228,625.0,633.0,721.1,752.3
420,71,0,0.9381,765.3,154.9,1196.7,1075.0
420,306,0,0.9525,55.2,140.2,297.8,1080.0
420,260,0,0.6543,1316.4,579.7,1414.5,748.3
420,270,0,0.448,1314.9,353.4,1411.9,539.9
420,144,0,0.5929,1401.9,332.0,1506.5,634.6
420,236,0,0.6019,1521.1,576.4,1606.4,743.4
420,215,0,0.6475,1583.7,538.8,1711.2,743.8
420,203,0,0.6816,1703.1,534.4,1806.1,743.2
420,201,0,0.7188,1786.3,564.7,1870.6,740.9
420,132,0,0.714,1831.4,159.4,1920.0,427.3
420,212,0,0.3442,1481.0,222.8,1615.0,438.2
420,185,0,0.3722,1593.5,160.4,1716.5,437.8
421,268,0,0.4355,496.1,113.1,591.0,249.8
421,252,0,0.7544,548.7,627.6,651.2,747.7
421,246,0,0.5968,639.0,628.3,734.4,746.2
421,71,0,0.9382,763.9,154.7,1194.2,1073.9
421,306,0,0.9566,56.3,131.2,310.9,1080.0
421,260,0,0.6026,1326.9,575.3,1425.4,742.7
421,270,0,0.5477,1322.3,350.9,1418.5,536.1
421,144,0,0.6358,1409.5,330.1,1513.9,629.4
421,236,0,0.5833,1526.4,572.2,1610.7,737.9
421,215,0,0.6333,1589.7,532.8,1717.1,738.1
421,203,0,0.7063,1708.7,530.4,1810.7,737.4
421,201,0,0.7342,1791.6,560.6,1875.1,734.0
421,132,0,0.6631,1835.3,158.6,1920.0,424.0
421,212,0,0.307,1488.0,220.9,1621.1,435.4
421,339,0,0.6284,365.6,174.2,479.8,461.9
421,185,0,0.3847,1599.8,159.7,1720.8,433.5
422,268,0,0.4709,508.5,114.8,602.9,249.6
422,252,0,0.7333,559.8,623.1,662.3,742.7
422,246,0,0.5726,650.1,623.4,746.0,741.4
422,71,0,0.9417,766.2,156.6,1190.9,1073.3
422,306,0,0.959,54.7,127.0,320.2,1080.0
422,260,0,0.572,1334.3,570.6,1433.3,737.2
422,270,0,0.5467,1328.5,349.5,1423.9,532.8
422,144,0,0.5832,1415.1,328.6,1519.8,625.4
422,236,0,0.5254,1529.9,568.9,1613.3,733.0
422,215,0,0.668,1592.6,529.5,1719.0,733.3
422,203,0,0.6848,1711.1,527.1,1812.3,732.8
422,201,0,0.7177,1794.5,557.1,1876.9,727.2
422,132,0,0.6681,1837.2,158.1,1920.0,421.2
422,212,0,0.3053,1493.2,220.0,1624.8,433.0
422,339,0,0.5441,376.0,174.3,489.1,459.2
422,185,0,0.3018,1603.7,159.4,1723.1,431.0
422,342,0,0.3668,1242.4,486.3,1347.6,679.0
423,268,0,0.4647,515.8,115.5,610.5,249.9
423,252,0,0.7943,568.1,621.0,669.6,738.7
423,246,0,0.5965,656.4,620.0,752.1,737.2
423,71,0,0.9376,773.9,161.6,1188.2,1072.7
423,306,0,0.96,51.4,126.7,326.0,1080.0
423,260,0,0.7192,1342.3,568.1,1440.6,732.9
423,270,0,0.5292,1329.5,348.4,1424.2,530.4
423,144,0,0.5644,1416.9,327.9,1522.2,621.8
423,236,0,0.6087,1529.7,566.2,1612.4,728.8
423,215,0,0.7023,1592.3,526.5,1717.8,729.1
423,203,0,0.6941,1710.2,524.7,1810.2,728.3
423,201,0,0.7283,1793.9,554.7,1876.1,723.7
423,132,0,0.6691,1836.5,158.6,1920.0,419.6
423,212,0,0.305,1494.3,220.1,1624.3,431.4
423,339,0,0.5543,384.3,173.6,497.0,457.5
423,185,0,0.338,1604.0,160.1,1722.0,428.9
423,342,0,0.3861,1243.6,484.5,1347.8,675.5
424,268,0,0.4042,519.6,117.3,613.8,250.6
424,252,0,0.8133,571.5,618.5,672.5,735.0
424,246,0,0.6509,659.1,616.5,754.8,733.4
424,71,0,0.937,781.0,165.2,1183.6,1071.9
424,306,0,0.9569,45.3,125.4,328.2,1080.0
424,260,0,0.5465,1344.8,565.3,1443.6,728.5
424,270,0,0.444,1327.0,347.2,1419.6,525.2
424,144,0,0.557,1415.4,327.4,1521.1,618.4
424,236,0,0.5764,1526.4,564.0,1608.6,725.2
424,215,0,0.6896,1588.1,525.5,1711.7,725.5
424,203,0,0.6358,1704.9,524.2,1803.3,724.5
424,201,0,0.7169,1788.8,552.9,1870.6,720.3
424,132,0,0.7079,1833.8,159.6,1920.0,418.7
424,339,0,0.5772,388.0,172.9,500.4,456.1
424,185,0,0.3049,1600.8,160.8,1717.8,427.4
424,342,0,0.3749,1240.8,482.3,1344.4,672.2
424,347,0,0.3608,1189.5,314.3,1309.5,528.2
424,348,0,0.4327,230.5,192.0,342.1,350.1
425,252,0,0.7671,572.0,616.1,672.4,731.4
425,246,0,0.5755,659.3,614.0,754.5,730.0
425,71,0,0.933,784.9,166.3,1175.3,1070.5
425,306,0,0.9573,36.8,125.2,325.6,1080.0
425,260,0,0.4637,1337.3,561.9,1436.3,725.3
425,270,0,0.4772,1320.1,347.2,1413.7,527.7
425,144,0,0.4798,1415.7,327.8,1520.9,616.7
425,236,0,0.5952,1518.2,562.0,1599.5,721.7
425,215,0,0.7214,1580.0,522.6,1703.5,722.0
425,203,0,0.6625,1698.3,529.6,1792.6,720.8
425,201,0,0.7096,1780.7,551.6,1861.9,715.9
425,132,0,0.7972,1828.4,160.8,1917.9,418.0
425,339,0,0.5602,389.1,174.5,500.2,454.4
425,185,0,0.3012,1593.4,163.3,1709.2,426.7
425,342,0,0.3365,1235.7,480.7,1339.1,670.6
425,347,0,0.4128,1185.1,315.0,1304.0,526.7
425,348,0,0.4153,233.0,193.0,343.8,350.1
425,349,0,0.3611,401.0,696.6,459.7,739.7
425,351,0,0.3863,716.8,177.0,827.9,445.6
426,252,0,0.7972,570.1,614.3,670.0,728.6
426,246,0,0.5648,656.8,612.0,751.2,726.6
426,71,0,0.9372,784.2,166.8,1164.0,1070.9
426,306,0,0.9565,28.1,126.2,321.0,1080.0
426,260,0,0.3875,1330.2,558.7,1429.7,722.0
426,270,0,0.4373,1311.4,346.8,1405.3,528.6
426,144,0,0.5554,1405.6,329.8,1511.5,615.9
426,236,0,0.5849,1508.6,559.9,1589.3,718.5
426,215,0,0.7306,1569.3,520.0,1692.2,718.6
426,203,0,0.614,1686.8,527.9,1780.4,717.2
426,201,0,0.6775,1770.4,550.4,1851.4,712.5
426,132,0,0.7092,1817.0,162.5,1906.4,417.4
426,339,0,0.5759,387.8,175.6,497.7,452.3
426,342,0,0.3801,1227.8,479.5,1331.3,670.2
426,347,0,0.4094,1178.8,314.5,1297.1,525.1
426,348,0,0.3959,235.5,194.5,345.2,350.2
426,349,0,0.3299,401.1,693.9,459.4,736.7
426,351,0,0.3521,714.3,177.9,824.7,445.1
426,352,0,0.387,510.2,120.4,607.7,252.5
427,252,0,0.755,567.7,611.8,666.9,724.8
427,246,0,0.5892,653.8,609.5,747.4,722.8
427,71,0,0.9237,777.5,167.5,1148.1,1071.1
427,306,0,0.9501,20.4,131.4,314.9,1080.0
427,260,0,0.4985,1328.1,557.6,1429.0,718.9
427,270,0,0.4472,1306.0,346.8,1392.5,512.5
427,236,0,0.5795,1498.1,557.0,1578.6,715.2
427,215,0,0.7217,1558.8,521.3,1679.2,715.4
427,203,0,0.6027,1673.5,522.0,1767.9,713.7
427,201,0,0.7174,1759.3,548.2,1838.8,705.3
427,132,0,0.6882,1803.0,164.6,1891.7,416.3
427,339,0,0.5681,385.6,177.8,494.3,451.2
427,342,0,0.3392,1221.6,478.5,1321.5,662.5
427,347,0,0.3231,1171.9,314.4,1288.9,522.7
427,348,0,0.3769,236.6,195.4,345.2,349.7
427,349,0,0.319,400.7,690.1,458.7,732.6
427,351,0,0.3137,711.8,179.7,820.7,443.4
427,352,0,0.3586,508.6,121.4,606.0,253.5
427,197,0,0.4899,1371.0,332.7,1509.5,615.1
428,252,0,0.727,566.0,608.6,664.3,720.1
428,246,0,0.4884,650.9,606.0,744.3,718.8
428,71,0,0.9175,762.8,174.5,1125.3,1070.9
428,306,0,0.9494,15.0,135.3,310.3,1080.0
428,270,0,0.372,1298.3,346.2,1385.5,512.1
428,236,0,0.618,1489.0,554.5,1568.8,711.0
428,215,0,0.7563,1549.6,517.4,1669.5,711.1
428,203,0,0.5879,1663.8,525.1,1755.5,710.2
428,201,0,0.6959,1748.7,546.2,1826.9,697.9
428,132,0,0.7582,1790.4,165.2,1879.0,414.7
428,339,0,0.5829,384.2,179.6,491.7,449.9
428,342,0,0.3637,1214.2,476.1,1312.3,657.3
428,347,0,0.3674,1164.3,314.1,1280.3,520.4
428,348,0,0.4267,237.3,195.7,344.8,348.7
428,349,0,0.3052,400.3,685.3,458.6,728.1
428,351,0,0.3376,709.4,180.3,817.4,441.9
428,352,0,0.354,507.4,122.5,604.1,253.7
428,197,0,0.4851,1375.2,331.2,1509.6,615.7
429,252,0,0.7489,566.2,605.1,664.2,715.7
429,246,0,0.5573,651.1,602.6,744.1,714.7
429,71,0,0.9199,756.6,184.9,1108.3,1068.7
429,306,0,0.952,12.5,140.9,308.2,1079.6
429,270,0,0.4343,1294.3,345.3,1375.7,498.1
429,236,0,0.6094,1481.0,551.7,1560.1,706.9
429,215,0,0.7452,1541.4,514.7,1660.2,706.8
429,203,0,0.6303,1652.6,516.9,1746.0,705.2
429,201,0,0.7369,1740.2,543.7,1818.9,693.8
429,132,0,0.7952,1779.6,165.1,1868.3,413.2
429,339,0,0.5889,384.8,179.5,491.5,447.4
429,342,0,0.324,1210.3,473.6,1307.4,653.3
429,347,0,0.3602,1160.5,312.6,1275.1,516.3
429,348,0,0.3513,239.9,195.6,346.7,347.6
429,349,0,0.3295,403.4,681.3,460.5,723.2
429,197,0,0.4106,1378.8,331.0,1507.5,616.3
429,239,0,0.6322,1875.4,591.1,1916.6,686.3
429,260,0,0.5078,1310.2,554.9,1407.5,709.6
430,252,0,0.7403,568.6,601.8,666.0,711.4
430,246,0,0.4922,653.2,599.2,745.6,710.3
430,71,0,0.9289,749.6,190.8,1092.8,1065.9
430,306,0,0.953,10.8,142.4,308.2,1079.7
430,270,0,0.4373,1290.8,344.0,1370.5,491.7
430,236,0,0.6199,1476.4,549.2,1554.9,702.7
430,215,0,0.7419,1536.1,512.8,1653.5,702.7
430,203,0,0.6157,1646.3,516.7,1738.3,701.2
430,201,0,0.7514,1735.8,541.3,1814.2,688.0
430,132,0,0.8022,1771.5,165.1,1860.1,411.6
430,339,0,0.4485,387.7,180.2,493.3,445.3
430,342,0,0.334,1208.5,471.4,1303.5,647.1
430,347,0,0.3303,1159.1,311.2,1273.3,513.9
430,348,0,0.3527,246.3,195.8,352.0,346.5
430,197,0,0.5083,1378.8,331.5,1502.2,617.3
430,239,0,0.6732,1872.1,587.0,1915.5,682.2
430,260,0,0.4892,1304.3,552.6,1400.6,705.4
431,252,0,0.6646,572.3,598.7,669.0,707.2
431,246,0,0.5096,656.3,596.1,748.0,706.3
431,71,0,0.9253,741.0,191.5,1078.9,1062.4
431,306,0,0.943,10.8,144.8,309.4,1077.9
431,270,0,0.4683,1289.0,343.0,1368.3,488.5
431,236,0,0.5818,1473.3,545.8,1551.5,698.6
431,215,0,0.7168,1533.4,511.0,1649.4,698.6
431,203,0,0.649,1641.8,513.1,1733.4,696.9
431,201,0,0.7687,1732.1,539.6,1810.8,683.6
431,132,0,0.81,1765.3,165.8,1853.7,409.9
431,339,0,0.532,392.3,181.3,496.6,443.2
431,342,0,0.3218,1207.5,468.8,1302.4,644.6
431,348,0,0.3355,253.1,195.5,358.4,345.8
431,239,0,0.6749,1867.9,579.5,1914.9,678.2
431,260,0,0.4652,1301.4,549.6,1397.5,701.8
431,214,0,0.4691,1369.3,331.5,1484.8,615.3
432,252,0,0.6838,578.5,595.4,674.7,703.2
432,246,0,0.4171,661.5,592.7,752.4,701.6
432,71,0,0.9356,733.2,187.1,1067.4,1057.6
432,306,0,0.9528,10.1,143.0,310.9,1076.2
432,270,0,0.4218,1288.7,341.6,1369.3,487.6
432,236,0,0.6089,1471.4,542.2,1549.5,694.4
432,215,0,0.6436,1532.0,511.5,1644.9,693.7
432,203,0,0.6416,1638.1,511.1,1728.7,692.5
432,201,0,0.723,1729.2,537.4,1808.6,679.2
432,132,0,0.7761,1760.5,166.4,1848.5,408.1
432,339,0,0.61,399.3,180.8,503.0,441.5
432,342,0,0.3015,1207.8,466.4,1302.1,641.4
432,348,0,0.4223,261.3,195.7,365.0,344.1
432,239,0,0.6397,1864.5,576.2,1913.4,673.7
432,260,0,0.5296,1300.8,546.4,1396.2,697.0
432,364,32,0.5416,114.1,1022.4,237.6,1079.7
432,214,0,0.5048,1383.9,333.8,1493.0,613.2
432,347,0,0.3014,1159.8,308.7,1272.4,508.3
433,252,0,0.6808,587.5,591.1,683.4,698.0
433,246,0,0.3823,669.9,588.6,760.2,696.7
433,71,0,0.9357,727.8,182.0,1058.6,1052.4
433,306,0,0.9526,11.9,142.1,315.6,1075.3
433,270,0,0.4613,1290.1,340.4,1370.3,484.9
433,236,0,0.6157,1472.4,539.0,1549.9,689.6
433,215,0,0.672,1532.3,507.3,1645.0,688.9
433,203,0,0.613,1639.1,512.9,1726.6,687.6
433,201,0,0.732,1728.2,534.6,1809.1,675.4
433,132,0,0.7749,1758.6,166.7,1846.0,406.0
433,339,0,0.6414,410.2,180.4,513.2,439.3
433,348,0,0.303,273.8,196.3,376.9,344.3
433,239,0,0.6705,1861.9,573.4,1912.5,669.3
433,260,0,0.495,1303.1,543.4,1397.7,691.9
433,364,32,0.7654,119.6,1014.5,259.6,1079.7
433,214,0,0.5392,1390.3,337.9,1495.9,609.8
433,366,0,0.3298,1542.9,167.3,1651.9,413.6
433,368,0,0.4489,1381.9,549.2,1450.0,692.1
433,347,0,0.3467,1163.6,306.6,1275.8,505.3
434,252,0,0.7079,600.0,587.2,695.3,693.3
434,246,0,0.4534,682.6,584.7,772.3,691.8
434,71,0,0.9371,726.8,177.1,1053.2,1046.3
434,306,0,0.9499,14.4,144.1,320.7,1074.8
434,270,0,0.4202,1294.3,339.9,1373.6,482.0
434,236,0,0.5271,1475.1,537.2,1550.8,683.9
434,215,0,0.6559,1535.0,506.4,1645.4,683.9
434,203,0,0.6982,1641.7,512.6,1727.2,682.7
434,201,0,0.7574,1729.8,531.0,1812.2,670.7
434,132,0,0.772,1758.4,167.1,1845.4,404.0
434,239,0,0.6107,1860.2,568.5,1912.7,664.3
434,260,0,0.4371,1308.2,539.8,1402.2,686.8
434,214,0,0.4798,1402.0,338.6,1501.5,597.4
434,366,0,0.3188,1546.5,168.3,1654.3,411.8
434,368,0,0.3864,1390.5,546.6,1457.4,687.0
435,252,0,0.6858,614.8,583.4,709.0,687.8
435,246,0,0.4366,698.7,580.9,787.6,686.2
435,71,0,0.9326,728.2,176.7,1047.7,1039.6
435,306,0,0.9401,25.0,146.8,333.8,1073.5
435,270,0,0.4152,1301.7,339.1,1380.5,479.1
435,236,0,0.5341,1480.1,533.6,1554.8,678.4
435,215,0,0.6776,1538.0,500.4,1648.9,678.7
435,203,0,0.6034,1644.1,508.0,1729.6,677.4
435,201,0,0.7338,1733.6,528.1,1816.4,664.6
435,132,0,0.7795,1760.4,167.4,1847.1,401.8
435,239,0,0.6359,1860.8,564.0,1914.3,659.3
435,260,0,0.5206,1314.5,536.0,1408.1,681.4
435,214,0,0.4737,1410.8,338.6,1504.9,579.4
435,368,0,0.3377,1402.1,543.3,1468.1,681.7
435,233,0,0.3537,1017.6,317.3,1094.6,492.3
435,347,0,0.328,1177.3,302.8,1288.5,499.4
436,252,0,0.5769,631.6,578.6,725.7,682.5
436,246,0,0.3259,711.4,576.4,798.8,681.0
436,71,0,0.9278,732.4,175.3,1044.0,1029.6
436,306,0,0.9422,38.4,148.8,348.6,1072.3
436,270,0,0.4776,1310.1,337.9,1388.8,477.2
436,236,0,0.5273,1487.7,529.8,1561.7,672.7
436,215,0,0.7511,1544.4,497.3,1654.3,673.3
436,203,0,0.6748,1648.9,499.8,1736.0,672.1
436,201,0,0.7519,1739.0,524.7,1823.0,659.8
436,132,0,0.7877,1764.5,167.5,1850.7,399.7
436,239,0,0.6355,1862.2,558.9,1916.2,654.0
436,260,0,0.4665,1322.2,531.7,1415.7,675.9
436,214,0,0.4438,1421.8,337.3,1511.9,565.0
436,368,0,0.3815,1414.2,539.5,1479.3,675.7
436,233,0,0.331,1031.3,316.2,1108.2,489.5
436,347,0,0.3935,1189.6,302.2,1299.0,495.3
436,364,32,0.6851,157.4,989.2,347.2,1079.1
437,252,0,0.5728,650.9,574.6,744.5,677.3
437,71,0,0.9236,735.5,169.6,1040.3,1020.2
437,306,0,0.9371,57.5,149.8,368.1,1070.4
437,270,0,0.3756,1320.7,336.3,1399.8,476.0
437,236,0,0.5043,1497.6,527.3,1570.9,668.4
437,215,0,0.6973,1554.7,496.3,1662.3,668.5
437,203,0,0.6611,1658.2,495.4,1744.7,667.0
437,201,0,0.7039,1747.6,522.7,1831.8,654.6
437,132,0,0.7443,1771.2,168.1,1856.7,397.6
437,239,0,0.5753,1865.6,555.0,1918.8,649.0
437,260,0,0.5934,1332.1,528.3,1424.8,670.6
437,214,0,0.4446,1434.5,336.1,1523.0,558.4
437,368,0,0.4416,1427.9,536.8,1492.4,670.5
437,233,0,0.3726,1046.5,315.8,1123.0,486.4
437,347,0,0.3372,1202.6,301.7,1310.8,492.1
437,364,32,0.9023,174.9,981.9,375.2,1078.9
437,366,0,0.3687,1570.8,169.6,1675.3,405.1
438,252,0,0.5417,671.5,572.0,764.3,673.2
438,71,0,0.9271,737.5,164.5,1037.1,1013.2
438,306,0,0.945,80.9,151.4,383.7,1044.3
438,270,0,0.4385,1333.7,335.8,1411.4,472.4
438,236,0,0.5209,1508.8,524.0,1581.4,663.5
438,215,0,0.7095,1566.4,495.7,1671.9,663.9
438,203,0,0.6516,1668.1,493.3,1753.6,663.0
438,201,0,0.7285,1756.9,521.6,1841.9,651.3
438,132,0,0.7253,1780.1,169.6,1864.7,396.3
438,239,0,0.5773,1870.7,554.0,1920.0,644.8
438,260,0,0.6037,1344.9,524.9,1437.6,666.4
438,214,0,0.5267,1447.9,336.2,1535.1,554.0
438,368,0,0.5132,1447.1,534.9,1510.6,666.1
438,233,0,0.3793,1062.2,315.1,1138.7,484.4
438,364,32,0.936,191.7,973.5,404.0,1079.0
439,252,0,0.5302,690.1,569.4,781.9,670.0
439,71,0,0.9235,731.4,161.1,1028.6,1008.1
439,306,0,0.9397,99.9,154.4,404.6,1051.8
439,270,0,0.405,1347.6,335.8,1424.1,469.6
439,236,0,0.4261,1521.5,521.8,1593.5,660.3
439,215,0,0.6525,1578.2,493.3,1683.4,660.9
439,203,0,0.6051,1679.4,491.9,1764.1,659.8
439,201,0,0.7119,1767.3,521.4,1853.2,648.9
439,132,0,0.7469,1789.9,171.3,1873.8,396.0
439,239,0,0.449,1875.6,549.1,1920.0,641.8
439,260,0,0.6376,1358.3,523.5,1450.7,663.0
439,214,0,0.4693,1460.8,337.0,1546.8,550.4
439,368,0,0.5062,1465.0,532.5,1528.2,662.2
439,233,0,0.4027,1078.2,315.8,1154.0,483.2
439,364,32,0.9381,212.8,966.1,428.7,1076.4
440,252,0,0.5452,707.4,567.3,797.4,667.0
440,71,0,0.9327,721.1,164.3,1016.8,1001.6
440,306,0,0.934,119.3,159.5,423.6,1055.1
440,270,0,0.3538,1361.8,337.1,1437.9,469.9
440,236,0,0.4465,1535.3,520.6,1606.1,657.8
440,215,0,0.673,1589.7,491.5,1694.6,658.2
440,203,0,0.6694,1692.0,491.7,1775.4,657.1
440,201,0,0.6852,1779.6,520.8,1865.5,645.3
440,132,0,0.7188,1800.1,173.7,1883.0,395.6
440,260,0,0.6089,1371.2,522.7,1463.6,660.1
440,214,0,0.4297,1475.4,338.2,1559.9,546.6
440,368,0,0.4671,1482.8,530.4,1546.4,659.4
440,233,0,0.4405,1094.8,316.9,1169.9,482.3
440,364,32,0.9262,239.6,959.2,452.9,1071.4
441,252,0,0.373,726.5,565.5,814.4,664.3
441,71,0,0.9332,717.2,172.6,1012.0,998.3
441,306,0,0.9433,137.4,163.4,440.2,1055.3
441,270,0,0.3279,1376.3,336.7,1452.1,468.8
441,236,0,0.3713,1551.8,519.2,1621.2,655.8
441,215,0,0.6595,1601.5,487.4,1707.6,656.3
441,203,0,0.6242,1704.2,488.0,1788.2,654.7
441,201,0,0.6658,1790.7,520.0,1878.5,644.5
441,132,0,0.6112,1811.9,175.0,1894.4,394.8
441,260,0,0.6575,1382.1,521.3,1474.8,657.7
441,214,0,0.3844,1489.2,340.1,1573.9,548.7
441,368,0,0.4777,1500.7,528.2,1564.7,656.5
441,233,0,0.399,1111.1,317.1,1185.5,480.7
441,364,32,0.9248,268.6,953.2,475.3,1065.6
442,71,0,0.9168,725.9,189.4,1016.0,994.2
442,306,0,0.9394,157.1,163.3,458.7,1052.5
442,270,0,0.3343,1391.5,335.9,1468.0,468.8
442,215,0,0.6614,1615.1,485.7,1720.6,653.1
442,203,0,0.6221,1718.8,490.3,1800.3,651.6
442,201,0,0.6481,1802.6,518.1,1891.4,641.6
442,132,0,0.6284,1824.4,176.0,1906.0,393.5
442,260,0,0.6533,1397.8,519.9,1489.6,654.3
442,214,0,0.3768,1504.0,341.2,1589.0,550.6
442,368,0,0.45,1521.9,524.4,1587.2,653.8
442,233,0,0.3853,1128.1,316.9,1202.1,479.8
442,364,32,0.9351,296.0,947.2,496.2,1059.7
443,71,0,0.9252,739.5,203.2,1025.6,992.1
443,306,0,0.9361,174.3,164.7,473.9,1048.3
443,270,0,0.3324,1407.4,334.9,1484.2,468.1
443,215,0,0.6485,1629.9,482.7,1735.7,650.1
443,203,0,0.6811,1734.3,485.8,1816.7,648.5
443,201,0,0.6908,1814.9,515.6,1906.5,640.4
443,132,0,0.5726,1837.1,174.9,1918.1,392.2
443,260,0,0.5477,1416.1,518.1,1509.2,651.1
443,214,0,0.4018,1519.4,341.9,1605.7,555.6
443,368,0,0.3647,1541.9,520.6,1608.5,650.1
443,233,0,0.3487,1146.4,316.2,1219.7,477.7
443,364,32,0.941,322.3,941.7,515.1,1053.6
444,71,0,0.9368,748.7,216.3,1032.4,987.4
444,306,0,0.9399,191.1,165.2,489.9,1045.3
444,270,0,0.3343,1424.7,334.0,1500.4,464.9
444,215,0,0.7572,1645.8,480.3,1751.3,647.0
444,203,0,0.6714,1749.2,481.5,1832.8,645.9
444,201,0,0.6758,1829.3,512.3,1918.4,634.1
444,132,0,0.5791,1847.8,174.3,1920.0,390.0
444,260,0,0.6374,1429.7,515.7,1523.6,648.3
444,214,0,0.4391,1532.2,342.5,1620.5,560.3
444,233,0,0.4106,1164.1,314.9,1237.1,476.0
444,364,32,0.9341,347.5,937.6,533.2,1048.9
444,347,0,0.3607,1232.2,293.0,1336.2,479.3
444,236,0,0.5283,1569.5,515.0,1638.4,647.5
445,71,0,0.9422,744.3,229.1,1027.7,984.6
445,306,0,0.9452,205.8,166.1,504.5,1044.0
445,270,0,0.3223,1441.5,332.4,1517.1,462.9
445,215,0,0.6842,1661.7,478.5,1767.2,645.0
445,203,0,0.6324,1765.9,484.0,1847.8,643.9
445,201,0,0.6067,1839.1,504.7,1920.0,631.1
445,132,0,0.4605,1858.2,173.2,1920.0,388.3
445,260,0,0.5515,1443.3,513.9,1537.6,646.2
445,214,0,0.3791,1545.2,343.5,1636.3,568.2
445,233,0,0.4817,1179.8,313.5,1253.0,474.6
445,364,32,0.9405,368.7,934.8,547.9,1045.5
445,347,0,0.3443,1245.0,292.3,1347.2,478.3
445,236,0,0.4929,1582.6,513.7,1652.7,645.8
446,71,0,0.9379,740.9,237.2,1026.5,982.2
446,306,0,0.9479,218.8,167.4,517.6,1042.8
446,215,0,0.6562,1676.1,477.9,1782.0,644.4
446,203,0,0.6155,1781.4,483.0,1864.0,643.2
446,201,0,0.5038,1845.1,488.7,1920.0,629.8
446,260,0,0.4736,1460.9,513.8,1556.4,645.4
446,214,0,0.4069,1560.2,345.6,1654.9,581.9
446,233,0,0.4524,1195.3,313.2,1268.2,473.6
446,364,32,0.9406,387.9,933.2,561.1,1043.4
446,347,0,0.3039,1257.3,291.8,1358.5,477.3
446,236,0,0.4675,1600.6,512.0,1672.2,644.5
446,411,0,0.8245,7.3,489.2,68.1,821.8
446,412,0,0.4518,1113.9,300.3,1192.1,477.9
446,414,0,0.3504,501.6,529.8,638.6,662.0
447,71,0,0.944,730.9,240.3,1021.8,981.1
447,306,0,0.9455,229.3,168.7,528.7,1042.0
447,215,0,0.7167,1690.0,477.5,1796.3,643.9
447,203,0,0.6548,1797.6,485.4,1879.2,643.1
447,260,0,0.4918,1470.9,513.9,1566.3,645.0
447,214,0,0.512,1573.7,347.1,1668.7,585.8
447,233,0,0.5463,1208.9,313.1,1281.9,473.2
447,364,32,0.9333,405.5,932.7,573.1,1042.2
447,236,0,0.6268,1616.1,511.5,1688.7,643.9
447,411,0,0.8041,14.2,484.9,76.5,822.2
447,412,0,0.52,1126.5,300.8,1204.7,478.5
447,414,0,0.5321,511.8,529.2,649.1,662.0
447,418,0,0.444,1101.3,452.5,1207.4,623.9
447,270,0,0.3609,1470.4,331.5,1546.3,462.7
448,71,0,0.9484,714.5,237.6,1011.7,980.5
448,306,0,0.9442,236.9,170.3,537.5,1041.6
448,215,0,0.6959,1703.5,478.0,1809.6,643.8
448,203,0,0.6293,1810.4,483.7,1893.3,643.0
448,260,0,0.5572,1487.0,514.3,1584.5,645.4
448,214,0,0.5405,1584.6,348.9,1681.1,592.9
448,233,0,0.4981,1221.1,313.2,1294.2,473.2
448,364,32,0.941,420.1,932.5,582.9,1041.7
448,236,0,0.465,1633.9,511.1,1707.4,643.3
448,411,0,0.8763,20.0,478.4,84.8,822.7
448,412,0,0.4952,1139.2,300.9,1217.7,479.0
448,414,0,0.4877,524.1,529.2,660.9,661.8
448,418,0,0.3998,1106.7,452.7,1213.0,624.8
448,421,0,0.4364,1036.9,304.0,1115.5,485.0
448,270,0,0.3666,1482.7,331.7,1559.0,463.8
449,71,0,0.92,720.0,228.5,1020.5,980.8
449,306,0,0.9413,239.6,171.9,541.4,1041.2
449,215,0,0.7372,1714.4,477.8,1820.5,643.4
449,203,0,0.6055,1821.6,483.0,1905.1,642.6
449,260,0,0.4996,1494.1,513.9,1592.1,644.8
449,214,0,0.4637,1594.7,349.4,1690.9,594.6
449,233,0,0.5111,1230.6,312.8,1304.4,473.5
449,364,32,0.9528,431.9,931.8,591.0,1041.3
449,236,0,0.5055,1647.7,510.5,1721.8,643.0
449,411,0,0.834,23.9,475.3,90.9,821.7
449,412,0,0.4658,1149.6,300.4,1228.3,479.1
449,414,0,0.5407,534.7,528.0,671.8,661.5
449,421,0,0.4525,1045.4,303.6,1124.2,485.0
449,270,0,0.3201,1493.7,330.8,1569.0,460.9
450,71,0,0.9219,723.5,215.6,1026.8,980.4
450,306,0,0.9448,240.0,171.7,543.4,1040.3
450,215,0,0.723,1724.3,476.8,1830.5,642.8
450,203,0,0.5455,1829.3,476.3,1915.9,641.8
450,260,0,0.4221,1498.5,513.6,1596.2,644.3
450,214,0,0.4314,1605.0,349.4,1700.5,593.8
450,233,0,0.5328,1239.8,312.2,1314.2,473.1
450,364,32,0.9544,442.4,931.2,597.5,1040.4
450,236,0,0.5641,1659.0,509.8,1733.0,642.7
450,411,0,0.8464,26.7,474.0,96.3,820.3
450,412,0,0.4538,1158.8,299.8,1237.9,479.3
450,414,0,0.528,543.9,527.3,680.1,660.5
450,421,0,0.4125,1054.0,303.2,1133.3,485.7
450,270,0,0.3641,1503.2,330.0,1578.2,459.3
450,426,0,0.4074,590.8,324.3,687.2,454.1
451,71,0,0.9075,715.0,200.6,1023.5,978.9
451,306,0,0.9512,237.8,168.8,544.1,1041.3
451,215,0,0.6595,1733.3,476.9,1839.0,642.1
451,203,0,0.514,1836.4,479.7,1920.0,641.1
451,260,0,0.3097,1505.3,512.9,1602.5,643.6
451,214,0,0.5194,1614.3,348.8,1710.2,593.3
451,233,0,0.4861,1247.5,311.5,1321.9,471.9
451,364,32,0.9452,451.7,930.3,603.3,1039.6
451,236,0,0.5098,1670.6,509.2,1744.1,641.9
451,411,0,0.8549,33.1,474.7,105.2,819.7
451,412,0,0.418,1166.8,299.1,1245.7,478.1
451,414,0,0.5722,551.9,526.2,687.5,659.7
451,421,0,0.4998,1062.7,302.4,1142.3,485.5
451,270,0,0.3768,1510.7,329.4,1589.8,466.2
451,426,0,0.3973,598.4,323.7,693.6,451.7
452,71,0,0.9151,717.4,188.1,1027.3,978.5
452,306,0,0.9537,234.4,165.3,543.5,1041.9
452,215,0,0.7531,1741.7,475.4,1847.3,641.2
452,203,0,0.5533,1840.3,475.2,1920.0,640.2
452,260,0,0.3106,1512.9,512.3,1610.0,642.5
452,214,0,0.5699,1622.6,347.6,1718.6,591.3
452,233,0,0.5295,1254.2,311.3,1328.8,471.4
452,364,32,0.9501,459.9,929.7,608.1,1038.8
452,236,0,0.5233,1681.5,508.1,1754.8,641.2
452,411,0,0.8784,38.8,473.9,114.0,819.0
452,412,0,0.4481,1173.3,298.0,1252.5,477.6
452,414,0,0.6237,559.3,525.0,694.1,658.6
452,421,0,0.4258,1068.8,301.5,1148.7,485.1
452,270,0,0.387,1517.1,328.3,1598.0,468.5
453,71,0,0.8841,739.4,179.1,1044.0,978.5
453,306,0,0.9492,227.5,161.6,539.4,1041.7
453,215,0,0.6854,1749.3,474.2,1854.5,640.4
453,203,0,0.5836,1842.7,471.9,1920.0,639.5
453,260,0,0.4368,1516.5,511.3,1612.7,641.1
453,214,0,0.5575,1628.4,347.0,1724.9,591.3
453,233,0,0.5468,1259.2,310.4,1334.0,469.9
453,364,32,0.9508,466.8,929.0,612.4,1038.3
453,236,0,0.5599,1691.7,506.8,1765.1,640.9
453,411,0,0.877,43.9,472.4,122.8,818.2
453,412,0,0.4625,1179.2,297.2,1258.7,477.2
453,414,0,0.5844,565.0,524.2,698.5,657.5
453,421,0,0.4613,1075.2,300.6,1155.3,484.2
453,270,0,0.4654,1523.5,328.0,1603.7,467.1
453,434,0,0.3951,1411.4,297.0,1512.6,476.2
453,435,0,0.4561,755.1,602.9,806.4,655.2
453,426,0,0.3117,606.0,322.3,701.5,451.4
454,71,0,0.8922,753.9,176.7,1051.5,978.3
454,306,0,0.9352,213.8,157.3,530.0,1042.0
454,215,0,0.6491,1756.5,473.5,1860.8,639.8
454,203,0,0.6716,1843.2,468.7,1920.0,638.8
454,260,0,0.4591,1521.0,511.1,1616.6,641.0
454,214,0,0.565,1633.4,345.9,1729.8,589.7
454,233,0,0.5401,1264.3,309.5,1339.7,469.5
454,364,32,0.9541,472.8,928.5,615.8,1037.9
454,236,0,0.5878,1699.1,505.1,1773.5,640.4
454,411,0,0.8605,50.3,472.1,132.7,817.6
454,412,0,0.5386,1184.2,296.3,1264.4,478.1
454,414,0,0.6633,571.1,523.3,703.7,656.8
454,421,0,0.47,1080.3,300.0,1160.9,484.2
454,270,0,0.3538,1528.8,327.2,1609.1,466.5
454,434,0,0.3489,1416.3,296.0,1517.6,475.3
454,435,0,0.4141,744.2,598.9,799.9,655.2
455,71,0,0.9239,755.4,175.1,1047.9,977.7
455,306,0,0.9547,193.7,155.8,515.6,1041.2
455,215,0,0.5965,1763.6,473.3,1866.5,639.1
455,203,0,0.617,1844.2,468.7,1920.0,638.2
455,260,0,0.3003,1525.4,510.9,1620.0,640.3
455,214,0,0.55,1637.5,346.1,1733.9,589.7
455,233,0,0.4805,1267.8,309.2,1343.3,469.2
455,364,32,0.9524,478.0,927.7,618.8,1037.3
455,236,0,0.5909,1705.1,502.2,1781.5,639.9
455,411,0,0.8901,56.2,471.9,142.1,816.8
455,412,0,0.4766,1188.7,295.4,1268.9,477.4
455,414,0,0.4252,579.5,522.8,710.4,656.0
455,421,0,0.4652,1085.5,299.0,1166.7,483.6
455,270,0,0.4463,1532.4,326.3,1614.4,469.3
455,434,0,0.3421,1421.0,294.9,1522.6,474.7
455,438,0,0.3513,629.3,426.3,705.2,531.3
456,71,0,0.9321,755.1,169.5,1045.3,977.3
456,306,0,0.9562,177.7,154.6,505.8,1041.5
456,215,0,0.5471,1771.6,472.4,1873.5,639.0
456,203,0,0.5655,1846.5,465.3,1920.0,638.2
456,260,0,0.3226,1540.3,510.0,1638.1,640.2
456,214,0,0.5238,1641.9,346.6,1738.3,590.7
456,233,0,0.4417,1271.8,308.7,1347.5,469.0
456,364,32,0.9495,484.1,927.3,622.7,1036.9
456,236,0,0.4018,1720.6,504.7,1795.1,639.6
456,411,0,0.8897,61.9,473.2,151.0,816.1
456,412,0,0.4814,1193.7,295.4,1273.6,476.7
456,414,0,0.5271,587.9,522.4,717.2,655.5
456,421,0,0.5082,1089.9,298.3,1171.4,483.7
456,270,0,0.3573,1537.2,326.1,1620.3,471.5
456,434,0,0.3093,1426.6,294.3,1528.1,474.1
456,438,0,0.3034,634.8,426.0,710.0,530.1
457,71,0,0.9277,758.2,164.6,1045.7,977.0
457,306,0,0.958,168.6,154.9,501.3,1041.5
457,215,0,0.4965,1779.8,470.8,1880.8,638.7
457,203,0,0.5049,1849.9,465.8,1920.0,637.9
457,260,0,0.5895,1540.8,508.9,1638.4,640.2
457,214,0,0.5218,1649.4,347.8,1745.3,590.3
457,233,0,0.4422,1278.0,308.3,1353.8,468.5
457,364,32,0.9539,491.2,927.0,627.8,1036.6
457,236,0,0.6055,1734.6,506.3,1807.9,639.2
457,411,0,0.872,69.0,476.7,160.7,815.3
457,412,0,0.4765,1200.4,295.5,1279.7,475.5
457,414,0,0.5372,592.8,522.3,721.1,655.4
457,421,0,0.4651,1096.3,297.9,1178.0,483.2
457,270,0,0.4812,1544.1,325.7,1626.7,470.7
457,434,0,0.3461,1432.8,293.2,1534.8,473.9
457,442,32,0.8234,600.8,256.0,699.2,355.5
457,443,0,0.5147,990.1,548.2,1052.7,646.3
458,71,0,0.9241,757.8,162.1,1043.2,977.4
458,306,0,0.955,165.6,155.3,501.1,1041.5
458,215,0,0.4662,1791.0,470.6,1889.8,638.0
458,203,0,0.4332,1853.8,464.1,1920.0,637.4
458,260,0,0.3981,1545.9,508.7,1642.2,639.8
458,214,0,0.4934,1660.5,349.4,1755.0,589.7
458,233,0,0.5243,1285.5,307.7,1361.5,468.1
458,364,32,0.9568,499.0,926.8,633.7,1036.3
458,236,0,0.4996,1749.2,506.7,1821.9,638.5
458,411,0,0.8721,78.2,478.8,172.5,814.3
458,412,0,0.4717,1207.4,294.9,1287.1,475.9
458,414,0,0.3931,608.3,522.0,733.8,655.0
458,421,0,0.4003,1104.1,297.8,1186.2,482.9
458,270,0,0.4271,1551.9,324.6,1633.2,466.9
458,434,0,0.3149,1440.8,293.5,1542.3,473.4
458,442,32,0.9181,586.4,256.5,684.4,355.4
458,443,0,0.3902,997.1,547.9,1059.6,645.7
458,446,0,0.4162,1176.2,447.3,1264.0,620.7
458,426,0,0.3166,635.3,318.0,732.7,449.6
459,71,0,0.9184,761.3,165.8,1042.0,977.4
459,306,0,0.9491,167.5,157.4,503.5,1041.1
459,215,0,0.386,1799.7,470.1,1897.6,638.2
459,260,0,0.3761,1554.9,508.6,1650.2,639.4
459,214,0,0.4773,1672.0,351.4,1765.2,589.3
459,233,0,0.431,1292.6,307.1,1368.9,468.4
459,364,32,0.9507,508.5,926.6,641.3,1035.9
459,236,0,0.622,1763.8,506.5,1836.6,638.5
459,411,0,0.8443,88.1,480.0,185.3,814.3
459,412,0,0.4185,1215.6,294.6,1295.3,475.5
459,414,0,0.4437,618.7,521.7,742.2,654.6
459,421,0,0.45,1111.7,297.4,1194.1,483.4
459,270,0,0.3712,1559.7,324.3,1642.3,469.6
459,442,32,0.9167,570.0,261.2,668.0,360.1
459,443,0,0.4444,1006.3,547.0,1069.6,645.9
459,426,0,0.3014,644.9,319.0,738.4,444.7
460,71,0,0.9375,752.9,166.5,1032.5,977.4
460,306,0,0.9444,173.9,157.9,510.7,1040.8
460,260,0,0.6144,1565.5,508.9,1659.8,639.3
460,214,0,0.5426,1684.7,352.8,1776.6,589.2
460,233,0,0.5508,1302.7,307.2,1378.9,467.8
460,364,32,0.956,518.9,926.6,650.2,1035.9
460,236,0,0.4285,1779.1,506.3,1852.0,638.2
460,411,0,0.8372,97.5,481.1,196.7,815.2
460,412,0,0.4798,1225.9,294.6,1305.1,474.4
460,414,0,0.4825,622.7,521.2,746.5,654.5
460,421,0,0.4311,1121.4,297.3,1203.4,482.6
460,270,0,0.4312,1570.9,324.5,1650.3,464.0
460,442,32,0.615,558.1,272.2,653.7,368.3
460,443,0,0.4265,1017.0,546.4,1080.6,645.7
460,434,0,0.3702,1460.2,293.4,1561.4,472.9
461,71,0,0.9395,741.4,173.1,1021.0,977.1
461,306,0,0.9431,183.3,158.8,520.6,1040.9
461,260,0,0.5485,1576.7,509.8,1669.9,639.4
461,214,0,0.4766,1697.3,354.3,1788.4,589.7
461,233,0,0.4456,1313.3,307.2,1389.4,467.3
461,364,32,0.9545,529.5,926.5,659.6,1035.9
461,236,0,0.5894,1795.4,506.1,1868.3,638.2
461,411,0,0.7845,107.6,480.6,207.9,813.5
461,412,0,0.4262,1236.2,294.3,1315.6,474.3
461,414,0,0.3349,630.7,520.6,754.9,654.7
461,421,0,0.4439,1133.4,296.8,1215.9,482.2
461,270,0,0.3592,1582.4,324.8,1659.8,460.1
461,442,32,0.7394,542.5,290.4,647.1,395.7
461,443,0,0.3921,1027.5,545.5,1091.7,645.4
461,452,0,0.588,4.2,192.3,54.3,423.0
461,434,0,0.3429,1470.6,293.0,1572.3,473.4
461,426,0,0.3008,661.8,319.2,758.3,448.8
462,71,0,0.9392,731.9,178.9,1015.3,978.0
462,306,0,0.9451,191.1,159.0,529.6,1040.9
462,260,0,0.6986,1587.2,510.0,1679.7,639.7
462,214,0,0.4829,1711.2,357.0,1801.2,589.2
462,233,0,0.4683,1323.4,307.1,1399.7,467.3
462,364,32,0.9563,540.0,926.2,668.8,1035.5
462,236,0,0.486,1811.3,505.7,1884.2,637.9
462,411,0,0.6688,118.3,478.9,219.4,812.6
462,412,0,0.4384,1246.3,294.0,1325.9,474.8
462,421,0,0.3946,1143.3,296.8,1226.1,482.1
462,270,0,0.448,1592.5,325.0,1669.7,459.4
462,443,0,0.4344,1037.5,544.8,1102.2,645.3
462,452,0,0.6858,8.4,191.8,59.3,424.8
462,434,0,0.3968,1480.7,292.6,1582.5,473.1
462,426,0,0.4364,670.7,319.2,768.0,450.0
463,71,0,0.9247,714.2,184.1,1004.8,977.7
463,306,0,0.9514,196.1,158.7,536.6,1041.2
463,214,0,0.4659,1725.3,358.8,1814.6,589.9
463,233,0,0.5072,1333.4,307.1,1409.9,467.3
463,364,32,0.9549,549.9,926.1,677.8,1035.6
463,236,0,0.499,1826.9,505.5,1899.7,637.7
463,411,0,0.6985,128.7,477.7,229.5,811.2
463,412,0,0.4575,1256.1,294.1,1335.8,475.0
463,421,0,0.3873,1155.1,297.1,1238.9,482.2
463,270,0,0.4053,1603.0,324.9,1679.3,457.3
463,443,0,0.5369,1047.7,544.4,1112.8,645.1
463,452,0,0.6685,13.1,191.5,65.4,426.7
463,434,0,0.3286,1490.6,293.1,1592.0,472.6
463,426,0,0.5482,677.8,319.1,778.2,454.7
463,457,32,0.8633,15.7,878.4,100.5,962.0
463,442,0,0.7916,517.5,348.1,624.1,455.6
464,71,0,0.8975,673.9,187.2,980.6,977.1
464,306,0,0.9515,200.2,158.5,543.2,1040.9
464,214,0,0.4125,1738.1,360.2,1826.6,589.0
464,233,0,0.3984,1342.1,306.2,1419.2,467.7
464,364,32,0.9513,559.9,925.7,686.5,1035.0
464,236,0,0.4461,1840.3,504.7,1913.5,637.7
464,411,0,0.5499,141.3,499.3,235.5,811.3
464,412,0,0.4252,1265.5,294.0,1345.2,474.8
464,421,0,0.4915,1161.7,296.8,1245.6,482.7
464,270,0,0.3631,1610.7,324.7,1689.7,462.3
464,443,0,0.4781,1057.5,544.9,1122.9,645.1
464,452,0,0.798,17.4,191.6,71.1,427.1
464,426,0,0.4273,687.7,319.1,785.7,451.3
464,457,32,0.9018,35.9,879.6,118.2,960.5
464,260,0,0.3628,1616.4,510.2,1711.1,640.0
465,71,0,0.9364,674.9,188.1,992.3,977.9
465,306,0,0.9537,203.4,157.3,550.1,1041.0
465,214,0,0.4563,1749.4,361.1,1839.3,593.1
465,233,0,0.5578,1350.5,306.1,1427.4,467.2
465,364,32,0.9544,568.8,925.5,694.4,1034.7
465,236,0,0.453,1851.9,504.2,1920.0,637.5
465,411,0,0.5078,152.4,516.9,240.5,810.7
465,412,0,0.5257,1274.3,294.2,1353.5,473.8
465,421,0,0.477,1169.4,296.8,1253.0,482.1
465,270,0,0.404,1621.2,324.7,1696.8,455.6
465,443,0,0.4719,1066.8,545.1,1132.4,644.8
465,452,0,0.7311,22.0,191.9,77.6,427.0
465,426,0,0.4948,694.3,318.9,794.8,455.1
465,457,32,0.865,60.1,876.4,144.6,959.3
465,260,0,0.5609,1619.1,510.9,1712.5,640.1
465,434,0,0.3332,1508.7,293.0,1610.1,472.5
466,71,0,0.9466,632.6,187.6,969.9,977.6
466,306,0,0.9519,205.6,157.2,555.9,1041.1
466,214,0,0.3653,1759.4,361.6,1850.0,594.6
466,233,0,0.4394,1358.7,306.1,1435.4,466.6
466,364,32,0.9543,577.3,925.3,702.0,1034.4
466,411,0,0.4777,161.2,523.6,245.2,809.1
466,412,0,0.4467,1282.7,293.9,1362.2,474.4
466,421,0,0.4488,1180.6,296.4,1265.6,482.3
466,270,0,0.3684,1630.4,324.6,1706.1,454.9
466,443,0,0.4469,1075.3,544.9,1141.4,644.6
466,452,0,0.6214,30.4,192.5,87.6,426.9
466,426,0,0.3066,704.1,318.6,799.9,447.8
466,457,32,0.8119,83.8,875.1,168.5,957.9
466,260,0,0.4142,1626.3,511.4,1718.7,640.3
466,471,0,0.4033,1794.2,503.3,1868.3,638.1
466,434,0,0.3135,1517.0,293.2,1618.3,472.1
467,71,0,0.9338,600.8,184.6,959.7,978.1
467,306,0,0.946,207.9,157.4,562.1,1040.9
467,214,0,0.4336,1771.7,361.3,1861.6,592.5
467,233,0,0.3865,1367.6,305.2,1444.6,466.4
467,364,32,0.9513,585.9,924.7,709.9,1033.8
467,412,0,0.4694,1291.2,293.3,1370.8,474.1
467,421,0,0.5161,1186.8,296.1,1271.3,481.4
467,270,0,0.3824,1638.5,324.1,1713.7,453.1
467,443,0,0.4957,1083.3,545.0,1149.6,644.2
467,452,0,0.7291,38.6,191.8,97.9,426.8
467,426,0,0.353,712.6,318.3,806.4,444.3
467,457,32,0.8922,105.3,873.8,189.8,956.3
467,260,0,0.5104,1635.0,511.4,1726.8,639.8
467,471,0,0.5388,1803.1,502.4,1877.7,637.8
467,472,0,0.4237,1259.8,445.1,1343.3,617.6
467,473,0,0.4499,1004.4,548.0,1088.1,644.4
468,71,0,0.9473,588.7,179.6,965.4,978.0
468,306,0,0.9446,208.4,157.9,566.3,1040.8
468,214,0,0.3687,1782.4,360.8,1873.1,593.8
468,233,0,0.4954,1375.3,304.7,1452.4,465.3
468,364,32,0.9541,594.0,924.1,717.4,1033.4
468,412,0,0.4731,1299.0,293.0,1378.2,472.7
468,421,0,0.4592,1193.7,295.3,1278.4,481.3
468,270,0,0.3748,1646.7,323.8,1721.3,451.3
468,443,0,0.486,1091.0,545.3,1157.3,643.5
468,452,0,0.6862,43.7,191.4,105.4,426.2
468,426,0,0.4165,718.0,318.1,815.4,449.1
468,457,32,0.8984,127.9,875.0,209.9,954.6
468,260,0,0.5115,1643.3,512.1,1733.8,639.0
468,471,0,0.4784,1813.9,500.7,1889.2,637.1
468,472,0,0.4503,1269.4,444.3,1353.1,616.8
468,473,0,0.3903,1010.8,548.7,1093.7,644.0
468,476,0,0.4294,2.5,131.9,51.1,226.4
468,434,0,0.3403,1534.0,292.5,1635.3,471.1
469,71,0,0.934,609.3,174.7,992.9,976.9
469,306,0,0.9469,205.2,157.7,565.7,1040.9
469,214,0,0.3931,1791.8,360.5,1880.7,588.6
469,233,0,0.4673,1381.8,304.6,1458.8,464.8
469,364,32,0.9556,600.6,924.1,723.2,1033.1
469,412,0,0.5236,1305.3,292.8,1384.7,473.0
469,421,0,0.4227,1201.7,295.2,1286.6,480.4
469,270,0,0.5135,1653.0,324.0,1727.3,450.6
469,443,0,0.4601,1097.6,545.0,1164.5,643.4
469,452,0,0.7061,48.8,191.6,112.7,426.0
469,426,0,0.429,724.4,317.9,820.0,446.1
469,457,32,0.9042,146.2,872.9,230.2,954.1
469,260,0,0.5757,1651.7,512.3,1742.5,638.5
469,471,0,0.428,1818.8,500.3,1894.4,636.9
469,472,0,0.4928,1275.0,444.0,1359.3,617.6
469,473,0,0.4888,1016.9,548.4,1100.1,644.0
469,476,0,0.3916,5.2,131.7,54.1,226.2
469,482,0,0.5142,0.0,454.9,93.8,631.2
469,484,0,0.4645,2.6,185.4,42.9,417.4
469,488,0,0.3607,1661.1,429.7,1750.3,557.5
469,434,0,0.3005,1540.2,292.4,1641.7,471.4
470,71,0,0.9407,603.5,171.9,994.4,976.4
470,306,0,0.9449,198.9,157.3,560.7,1041.5
470,214,0,0.3673,1798.9,361.0,1888.0,589.7
470,233,0,0.3959,1385.8,305.0,1463.2,466.0
470,364,32,0.9531,605.4,924.5,727.5,1033.6
470,412,0,0.4205,1309.8,293.1,1389.3,473.5
470,421,0,0.4477,1204.6,295.5,1289.4,481.1
470,270,0,0.4293,1658.0,324.1,1732.8,450.7
470,443,0,0.4872,1102.5,545.5,1169.8,643.8
470,452,0,0.7178,53.1,191.6,119.3,426.3
470,426,0,0.4277,729.7,318.5,822.6,442.3
470,457,32,0.8763,162.7,872.4,247.8,954.3
470,260,0,0.5868,1660.9,513.6,1752.7,638.8
470,471,0,0.4541,1827.4,501.1,1903.3,637.4
470,472,0,0.4454,1279.2,444.6,1363.5,617.9
470,473,0,0.4643,1021.6,549.0,1104.9,644.6
470,476,0,0.3697,7.6,132.6,56.8,226.8
470,482,0,0.4721,0.0,427.8,108.0,642.3
470,484,0,0.3846,4.3,185.9,44.8,418.7
470,488,0,0.3273,1664.9,429.7,1753.8,557.1
470,489,0,0.3531,1387.8,454.6,1460.5,566.3
470,490,0,0.3233,493.4,435.4,578.6,643.4
471,71,0,0.8956,626.8,167.3,1018.1,977.0
471,306,0,0.94,191.0,157.0,552.4,1041.9
471,214,0,0.3735,1804.9,361.2,1892.6,585.8
471,233,0,0.4306,1390.1,304.7,1467.7,466.2
471,364,32,0.9533,609.0,925.0,730.6,1034.2
471,412,0,0.4662,1313.6,293.5,1393.0,473.4
471,421,0,0.486,1207.9,295.9,1292.7,482.0
471,270,0,0.4756,1660.9,324.3,1736.4,451.9
471,443,0,0.5169,1106.7,545.8,1174.9,644.4
471,452,0,0.6877,55.8,192.3,124.1,426.7
471,426,0,0.3771,731.8,318.8,825.9,444.0
471,457,32,0.425,176.3,872.7,260.2,953.5
471,260,0,0.5329,1666.2,514.7,1759.6,639.2
471,471,0,0.4034,1828.3,502.3,1903.5,637.4
471,473,0,0.5386,1024.9,549.1,1108.6,645.2
471,476,0,0.4136,9.3,133.3,58.8,226.8
471,482,0,0.7656,0.0,402.2,150.8,769.0
471,484,0,0.3646,6.2,186.9,47.3,420.1
471,488,0,0.3891,1668.9,430.0,1757.1,556.5
471,489,0,0.3778,1391.2,454.8,1464.0,566.9
471,490,0,0.3327,496.4,435.5,579.9,639.3
471,492,0,0.3549,754.6,423.0,827.9,528.9
471,434,0,0.3229,1547.9,292.4,1650.1,472.7
472,71,0,0.9117,640.8,164.4,1029.4,976.7
472,306,0,0.938,182.5,154.9,542.6,1042.2
472,214,0,0.3607,1810.9,361.1,1896.2,577.1
472,233,0,0.4414,1392.3,304.5,1469.9,466.5
472,364,32,0.9501,612.2,925.0,733.4,1034.2
472,412,0,0.4677,1316.4,293.4,1396.0,473.7
472,421,0,0.5381,1210.7,296.1,1295.3,482.6
472,270,0,0.5294,1663.9,324.2,1739.5,451.5
472,443,0,0.4892,1110.1,545.7,1179.2,644.4
472,452,0,0.6637,57.8,192.1,128.3,426.4
472,457,32,0.4728,187.4,872.6,270.2,953.1
472,260,0,0.5253,1668.3,515.8,1763.2,639.7
472,471,0,0.4026,1832.4,501.9,1907.9,637.1
472,473,0,0.5273,1028.6,549.1,1112.2,644.9
472,476,0,0.4137,10.3,133.4,60.5,226.3
472,482,0,0.7988,0.0,340.0,181.4,826.4
472,484,0,0.4475,7.9,187.1,48.4,414.0
472,488,0,0.4249,1672.4,430.1,1761.4,557.8
472,489,0,0.3628,1393.9,454.7,1467.0,567.3
472,490,0,0.3737,498.7,435.4,585.6,647.3
472,493,0,0.3491,1883.6,494.3,1920.0,637.4
472,434,0,0.3154,1551.0,292.2,1653.1,472.5
472,472,0,0.3544,1288.1,445.2,1371.7,616.8
473,71,0,0.9055,670.3,165.0,1048.9,977.2
473,306,0,0.9383,177.0,152.8,535.0,1041.7
473,214,0,0.3189,1815.0,360.6,1898.2,569.1
473,233,0,0.4267,1394.5,303.8,1472.0,466.4
473,364,32,0.9508,614.4,924.6,735.5,1034.1
473,412,0,0.4635,1319.0,292.5,1398.7,473.1
473,421,0,0.466,1213.4,295.5,1297.5,481.6
473,270,0,0.5768,1666.3,324.0,1741.9,450.8
473,443,0,0.4594,1112.2,544.0,1183.1,643.8
473,452,0,0.5472,58.9,191.3,131.4,425.7
473,457,32,0.7737,197.4,872.8,277.7,952.0
473,260,0,0.6077,1669.4,516.6,1764.8,639.7
473,471,0,0.4487,1835.4,501.2,1911.6,636.9
473,473,0,0.5949,1030.4,548.7,1114.0,644.3
473,476,0,0.372,11.0,132.6,62.5,225.8
473,482,0,0.8693,0.0,296.8,198.5,859.6
473,488,0,0.4226,1675.5,429.5,1764.4,557.0
473,489,0,0.3168,1396.9,454.3,1470.0,566.9
473,490,0,0.4208,500.7,435.2,588.4,649.2
473,434,0,0.3732,1554.1,291.8,1656.2,472.2
473,472,0,0.4617,1290.0,444.9,1373.8,616.7
473,414,0,0.4763,733.4,513.0,854.3,650.6
473,492,0,0.3108,760.7,422.4,834.2,528.5
474,71,0,0.9198,690.9,167.0,1058.1,980.0
474,306,0,0.9413,175.5,151.1,531.3,1041.3
474,214,0,0.3508,1819.0,359.2,1902.1,566.0
474,233,0,0.4651,1396.5,303.2,1473.9,466.3
474,364,32,0.9504,616.5,924.1,737.4,1033.7
474,412,0,0.4594,1321.2,291.7,1401.4,473.6
474,421,0,0.4927,1215.6,294.8,1299.6,480.7
474,270,0,0.6393,1669.2,323.3,1745.1,450.0
474,443,0,0.3525,1114.2,543.0,1186.2,643.1
474,452,0,0.6064,59.3,189.8,134.2,425.4
474,260,0,0.6206,1673.7,517.5,1769.7,639.0
474,471,0,0.4985,1838.5,500.7,1915.2,636.8
474,473,0,0.6078,1033.2,548.6,1116.6,643.8
474,476,0,0.3408,11.3,131.9,64.3,225.5
474,482,0,0.8972,0.0,271.1,220.0,936.3
474,488,0,0.4365,1678.7,429.2,1766.7,555.4
474,489,0,0.375,1400.0,453.5,1473.0,566.0
474,490,0,0.3802,503.0,434.8,589.2,644.8
474,434,0,0.4133,1556.2,291.4,1658.5,471.9
474,472,0,0.5341,1292.2,444.1,1376.3,616.4
474,496,0,0.4681,492.8,592.4,568.4,658.4
474,414,0,0.5585,741.3,511.2,859.9,650.9
474,492,0,0.3049,764.6,421.3,838.9,528.1
475,71,0,0.9157,701.8,173.1,1056.5,983.1
475,306,0,0.9495,176.1,150.7,529.6,1041.1
475,214,0,0.339,1823.1,359.7,1904.8,560.4
475,233,0,0.5791,1398.5,303.4,1475.2,465.4
475,364,32,0.9519,618.3,924.1,739.0,1033.8
475,412,0,0.5204,1323.3,291.8,1403.2,472.7
475,421,0,0.5157,1217.8,294.3,1301.6,480.4
475,270,0,0.6333,1671.6,322.6,1748.0,449.6
475,443,0,0.3925,1116.3,542.7,1189.5,643.0
475,452,0,0.6068,59.1,189.1,136.2,425.4
475,260,0,0.4983,1675.2,518.7,1771.9,639.0
475,471,0,0.5081,1840.8,501.3,1917.7,636.9
475,473,0,0.5785,1035.4,548.8,1118.7,643.8
475,476,0,0.3709,11.0,131.9,65.6,225.6
475,482,0,0.903,0.0,258.6,226.7,968.5
475,488,0,0.4144,1680.6,428.8,1768.5,554.5
475,489,0,0.3895,1402.8,453.0,1475.7,565.7
475,490,0,0.3832,505.3,435.0,589.9,640.7
475,434,0,0.4225,1560.0,291.6,1661.9,471.8
475,496,0,0.4121,496.2,595.8,568.7,658.8
475,414,0,0.5408,748.7,512.0,865.3,651.2
475,492,0,0.3105,766.6,421.1,841.4,528.4
475,497,0,0.4773,7.7,185.0,52.4,289.8
476,71,0,0.9096,713.3,182.9,1056.0,984.6
476,306,0,0.947,176.8,150.6,528.3,1041.6
476,214,0,0.354,1824.7,360.6,1906.4,558.9
476,233,0,0.5348,1399.3,303.6,1475.4,465.7
476,364,32,0.9525,618.5,925.1,738.9,1034.8
476,412,0,0.5215,1324.1,292.4,1403.9,472.6
476,421,0,0.4861,1218.5,294.8,1302.1,480.6
476,270,0,0.5822,1672.2,322.7,1749.4,450.4
476,443,0,0.4254,1117.0,543.0,1191.5,643.7
476,452,0,0.5458,61.1,189.3,139.2,425.2
476,260,0,0.4808,1675.5,520.1,1773.1,639.5
476,471,0,0.4751,1841.2,502.1,1918.4,637.5
476,473,0,0.53,1036.2,549.4,1119.6,644.4
476,476,0,0.413,10.4,132.0,66.6,226.1
476,482,0,0.9126,0.0,254.8,229.2,982.6
476,488,0,0.4275,1681.3,429.0,1769.2,554.7
476,489,0,0.3934,1403.4,453.0,1477.1,567.4
476,490,0,0.3734,505.4,435.3,590.1,640.8
476,434,0,0.3928,1561.7,291.9,1663.4,472.3
476,496,0,0.4056,496.6,597.5,568.8,659.9
476,414,0,0.4877,751.7,514.1,866.0,652.3
476,492,0,0.3104,766.3,421.2,841.7,529.1
476,497,0,0.5565,9.7,185.3,51.2,281.8
476,457,32,0.7594,242.4,874.4,321.3,951.0
476,472,0,0.3106,1307.2,443.9,1393.7,617.4
477,71,0,0.9255,722.7,193.5,1054.8,984.2
477,306,0,0.9465,176.2,151.4,526.1,1042.6
477,214,0,0.3622,1825.1,361.5,1906.6,557.1
477,233,0,0.5412,1398.7,304.2,1474.5,466.6
477,364,32,0.9521,617.0,926.6,737.2,1036.4
477,412,0,0.4956,1323.3,292.8,1403.5,473.8
477,421,0,0.5029,1217.7,295.5,1301.5,482.2
477,270,0,0.5598,1671.6,323.2,1749.7,452.3
477,443,0,0.4621,1115.6,543.2,1191.7,644.9
477,452,0,0.4216,60.1,190.4,138.9,424.9
477,260,0,0.5316,1675.1,521.5,1773.2,639.9
477,471,0,0.465,1840.2,503.3,1917.8,638.6
477,473,0,0.5754,1035.0,550.5,1118.6,645.6
477,476,0,0.3673,9.0,132.4,66.6,226.8
477,482,0,0.9097,0.0,255.9,241.2,987.2
477,488,0,0.4077,1681.2,430.1,1768.8,555.3
477,489,0,0.3873,1403.0,453.9,1476.2,567.8
477,490,0,0.3562,504.6,435.9,587.3,635.5
477,434,0,0.3761,1561.1,292.4,1663.0,473.5
477,414,0,0.4216,751.5,514.9,864.6,653.3
477,497,0,0.5621,9.1,185.9,50.4,280.6
477,472,0,0.3197,1308.0,444.4,1396.9,618.9
478,71,0,0.9126,731.3,206.9,1051.9,982.5
478,306,0,0.9424,174.7,151.3,523.3,1043.3
478,214,0,0.3594,1825.3,362.6,1905.7,552.8
478,233,0,0.4121,1396.6,304.4,1472.5,468.0
478,364,32,0.9473,614.5,927.7,734.6,1037.7
478,412,0,0.4368,1321.4,293.1,1401.8,474.5
478,421,0,0.5114,1216.1,296.2,1299.8,483.1
478,270,0,0.5767,1669.7,323.5,1748.4,453.2
478,443,0,0.4973,1113.3,543.4,1190.5,645.3
478,452,0,0.3372,55.2,189.7,135.4,424.4
478,260,0,0.598,1674.0,523.2,1772.4,640.9
478,471,0,0.493,1838.2,503.4,1916.7,639.5
478,473,0,0.5752,1033.5,550.7,1117.6,646.3
478,476,0,0.3367,6.7,132.8,65.6,227.9
478,482,0,0.9282,0.0,259.7,251.8,985.6
478,488,0,0.3968,1679.9,430.5,1767.7,555.5
478,489,0,0.3634,1402.1,454.8,1474.9,568.4
478,490,0,0.3547,502.7,436.4,585.5,635.4
478,434,0,0.3587,1560.2,292.7,1661.8,473.9
478,414,0,0.4195,750.6,517.0,861.9,654.1
478,497,0,0.5896,3.6,186.3,51.3,295.5
478,472,0,0.4869,1298.7,445.2,1387.0,619.8
478,499,32,0.7187,48.9,784.8,78.3,821.5
479,71,0,0.9175,738.5,221.1,1048.9,983.3
479,306,0,0.9483,171.5,150.9,518.8,1043.9
479,214,0,0.3335,1824.5,363.2,1903.2,546.1
479,233,0,0.4247,1394.4,304.0,1469.8,467.9
479,364,32,0.9479,610.9,928.3,730.9,1038.4
479,412,0,0.4447,1318.5,292.9,1398.9,474.4
479,421,0,0.4627,1213.0,296.2,1296.8,483.7
479,270,0,0.5223,1666.7,323.6,1746.1,454.6
479,443,0,0.503,1110.1,543.4,1188.5,645.7
479,260,0,0.5762,1672.0,524.2,1770.5,640.9
479,471,0,0.4758,1835.2,503.1,1914.6,639.5
479,473,0,0.5229,1030.8,550.4,1115.2,646.6
479,476,0,0.3308,4.3,132.6,63.7,227.7
479,482,0,0.9309,0.0,264.3,258.8,982.3
479,488,0,0.3556,1678.1,430.7,1765.5,554.9
479,489,0,0.3671,1399.4,454.9,1472.0,568.6
479,490,0,0.3703,497.6,436.2,581.9,638.1
479,434,0,0.3121,1557.4,292.6,1658.5,473.4
479,497,0,0.4995,0.0,185.9,53.2,316.2
479,472,0,0.5162,1293.1,445.4,1380.4,619.7
479,499,32,0.3944,50.0,783.9,81.1,822.5
480,71,0,0.9274,741.0,232.5,1043.1,983.3
480,306,0,0.9433,166.8,150.3,512.8,1044.4
480,214,0,0.3431,1819.8,363.4,1898.8,544.6
480,233,0,0.4421,1390.0,304.1,1464.7,467.7
480,364,32,0.9513,605.4,929.3,724.7,1038.9
480,412,0,0.4409,1314.4,293.0,1394.3,473.2
480,421,0,0.5008,1208.7,295.8,1292.4,483.2
480,270,0,0.4296,1658.1,323.4,1745.0,468.9
480,443,0,0.4467,1105.1,543.7,1184.3,646.0
480,260,0,0.6016,1668.9,524.7,1768.1,641.4
480,471,0,0.4598,1829.9,503.9,1909.1,639.2
480,473,0,0.503,1025.2,550.3,1110.3,647.3
480,476,0,0.3685,1.1,131.8,60.1,226.5
480,482,0,0.9397,0.0,268.7,259.9,981.0
480,488,0,0.4269,1673.8,430.8,1761.3,554.8
480,489,0,0.3592,1394.0,454.8,1466.1,567.6
480,490,0,0.351,492.4,436.0,577.2,638.8
480,497,0,0.5405,0.0,185.8,53.5,329.8
480,500,0,0.457,39.8,189.1,125.1,322.3
480,457,32,0.8616,284.4,871.4,363.0,951.3
481,71,0,0.9342,742.6,236.7,1041.6,983.2
481,306,0,0.9411,158.5,150.7,502.7,1045.1
481,214,0,0.3756,1813.9,364.7,1892.9,543.3
481,233,0,0.529,1383.3,304.7,1457.4,467.9
481,364,32,0.9471,597.2,930.5,716.4,1040.2
481,412,0,0.5736,1307.1,293.3,1387.4,474.1
481,421,0,0.5006,1200.8,295.8,1284.6,484.1
481,270,0,0.5211,1654.2,323.4,1738.2,464.0
481,443,0,0.4148,1096.6,544.5,1176.6,646.7
481,260,0,0.7111,1661.9,525.6,1761.5,642.0
481,471,0,0.4499,1822.1,503.8,1902.2,640.3
481,473,0,0.4755,1016.9,550.1,1103.0,648.2
481,476,0,0.3416,0.0,132.2,55.0,226.7
481,482,0,0.9325,0.0,272.4,254.9,980.7
481,488,0,0.4415,1667.2,431.0,1755.0,555.4
481,489,0,0.3259,1387.1,455.3,1459.4,568.5
481,490,0,0.3662,485.0,436.8,569.3,637.9
481,497,0,0.3696,0.0,185.7,51.5,337.1
481,500,0,0.3593,34.5,189.0,111.8,309.1
481,457,32,0.8377,284.9,874.4,360.0,952.5
481,493,0,0.3778,1880.4,470.4,1920.0,639.6
481,434,0,0.3643,1546.5,293.4,1647.1,473.5
481,472,0,0.4859,1281.8,446.5,1368.0,620.7
482,71,0,0.9336,745.1,231.8,1048.8,985.8
482,306,0,0.93,149.3,152.4,492.4,1047.1
482,214,0,0.334,1804.9,366.3,1884.8,544.4
482,233,0,0.4406,1374.5,305.6,1448.3,469.6
482,364,32,0.9417,587.0,932.4,706.1,1042.3
482,412,0,0.5189,1297.9,294.4,1378.2,474.6
482,421,0,0.5313,1192.1,297.1,1275.5,485.0
482,270,0,0.4747,1645.0,324.9,1728.8,465.8
482,443,0,0.4902,1086.9,546.2,1167.3,647.9
482,260,0,0.6977,1652.9,527.9,1752.3,643.4
482,471,0,0.4876,1812.4,505.5,1893.1,642.6
482,473,0,0.504,1008.7,551.2,1094.6,649.4
482,482,0,0.9312,0.0,274.5,246.7,981.7
482,488,0,0.3892,1657.8,432.0,1746.9,558.2
482,489,0,0.3801,1377.3,456.6,1450.3,570.7
482,490,0,0.343,474.8,438.4,559.5,640.3
482,457,32,0.9042,280.2,876.6,354.4,954.2
482,493,0,0.5335,1876.7,468.8,1920.0,641.4
483,71,0,0.934,747.0,218.9,1061.6,988.8
483,306,0,0.9465,139.3,153.2,481.6,1049.6
483,233,0,0.4845,1365.5,307.1,1438.6,470.8
483,364,32,0.9467,575.9,934.9,694.9,1044.8
483,412,0,0.5097,1288.3,295.4,1368.7,475.6
483,421,0,0.4882,1182.0,298.1,1265.1,485.5
483,270,0,0.4083,1635.8,326.2,1718.1,465.1
483,443,0,0.3994,1075.9,547.7,1156.9,649.3
483,260,0,0.6032,1643.0,530.3,1742.3,645.1
483,471,0,0.4362,1802.4,506.1,1883.4,643.6
483,473,0,0.3822,1000.7,553.5,1085.7,651.3
483,482,0,0.9267,0.0,274.9,238.6,981.7
483,488,0,0.3793,1647.9,433.2,1737.9,560.8
483,489,0,0.317,1367.5,458.0,1440.2,571.5
483,490,0,0.3825,463.2,439.7,548.1,641.5
483,457,32,0.9137,272.3,877.3,348.4,956.5
483,493,0,0.4821,1872.9,470.4,1917.3,643.4
483,500,0,0.5522,1.5,190.0,94.5,334.6
483,472,0,0.3749,1273.7,449.0,1361.6,623.9
484,71,0,0.9319,745.9,205.9,1072.7,990.0
484,306,0,0.9374,127.5,152.1,469.8,1052.4
484,233,0,0.5188,1354.9,307.0,1427.6,470.5
484,364,32,0.9397,563.7,935.7,682.9,1045.8
484,412,0,0.4871,1277.4,295.4,1357.5,474.8
484,421,0,0.4837,1171.2,297.7,1254.1,485.1
484,270,0,0.4886,1623.0,325.5,1708.7,471.6
484,443,0,0.3969,1063.9,548.2,1145.5,649.7
484,260,0,0.6187,1632.5,530.6,1732.1,645.3
484,471,0,0.3635,1791.9,505.8,1872.9,643.6
484,482,0,0.9285,0.0,272.7,228.6,980.2
484,488,0,0.3839,1637.2,433.0,1727.5,561.1
484,489,0,0.3292,1356.3,457.8,1429.3,571.5
484,490,0,0.3898,450.7,439.6,536.0,642.3
484,457,32,0.9069,263.0,877.7,340.8,957.6
484,493,0,0.4955,1867.4,470.7,1913.6,643.8
484,500,0,0.6228,0.0,186.4,87.0,339.3
484,472,0,0.4413,1265.5,449.3,1354.6,623.5
485,71,0,0.9449,745.0,194.3,1082.8,989.9
485,306,0,0.9295,114.8,149.4,456.4,1051.5
485,233,0,0.5305,1343.4,305.8,1415.6,469.0
485,364,32,0.9472,550.4,935.4,669.6,1045.6
485,412,0,0.446,1265.2,293.9,1345.2,472.9
485,421,0,0.5058,1159.3,296.1,1241.8,482.7
485,270,0,0.4499,1610.3,324.3,1698.8,477.2
485,443,0,0.4121,1050.8,546.5,1133.6,648.8
485,260,0,0.6452,1622.3,529.8,1722.1,644.2
485,471,0,0.5086,1780.4,505.8,1861.5,643.1
485,482,0,0.8916,0.0,273.5,216.8,978.5
485,488,0,0.4428,1626.7,432.0,1714.9,556.6
485,489,0,0.3994,1342.2,456.4,1415.2,568.6
485,490,0,0.3694,437.7,438.3,523.8,642.1
485,457,32,0.9292,253.1,875.9,332.8,956.5
485,493,0,0.5765,1861.8,480.8,1908.2,642.9
485,500,0,0.6518,0.0,183.4,78.8,339.2
485,438,0,0.311,693.3,424.0,772.8,535.2
486,71,0,0.9472,746.5,186.2,1090.2,989.8
486,306,0,0.9304,100.5,149.5,441.3,1051.4
486,233,0,0.4933,1329.5,304.8,1401.4,468.3
486,364,32,0.948,534.8,935.3,654.3,1045.8
486,412,0,0.4406,1250.7,292.6,1330.8,471.7
486,421,0,0.4733,1145.3,294.7,1227.1,479.5
486,270,0,0.4602,1595.7,324.1,1685.2,481.0
486,443,0,0.3372,1037.9,545.7,1121.4,649.0
486,260,0,0.6593,1607.8,528.7,1708.1,643.2
486,471,0,0.4943,1766.1,505.4,1847.4,642.5
486,482,0,0.8967,0.0,266.0,206.0,977.4
486,488,0,0.368,1612.5,431.3,1701.4,556.8
486,489,0,0.3136,1327.6,455.5,1400.8,567.2
486,457,32,0.7179,243.4,874.8,325.2,956.3
486,493,0,0.5763,1854.1,480.3,1904.2,642.4
487,71,0,0.9344,747.1,182.9,1091.6,989.9
487,306,0,0.9285,81.1,150.3,421.6,1054.5
487,233,0,0.4765,1311.0,304.6,1382.5,468.0
487,364,32,0.9491,514.5,936.3,634.2,1046.8
487,412,0,0.5377,1232.9,292.9,1312.5,470.6
487,421,0,0.46,1126.4,294.5,1208.3,478.8
487,260,0,0.6681,1590.3,529.0,1691.0,643.5
487,471,0,0.3708,1747.9,505.1,1829.4,642.8
487,482,0,0.8588,0.0,248.9,192.8,978.7
487,488,0,0.3689,1596.1,431.7,1683.3,554.4
487,489,0,0.3854,1306.9,455.9,1380.6,566.4
487,493,0,0.4967,1839.4,483.5,1893.5,643.1
487,434,0,0.3759,1569.8,322.2,1656.3,478.7
487,472,0,0.6175,1224.7,448.6,1314.6,621.3
488,71,0,0.925,751.0,185.0,1093.0,992.6
488,306,0,0.9175,57.9,152.0,396.8,1056.8
488,364,32,0.9512,489.8,939.0,610.1,1049.8
488,412,0,0.3919,1211.1,294.4,1289.7,468.7
488,260,0,0.5095,1567.6,530.4,1669.0,645.6
488,482,0,0.8739,0.0,254.0,173.9,978.1
488,488,0,0.3875,1574.2,433.4,1659.9,553.4
488,493,0,0.6265,1817.7,491.0,1874.4,644.7
488,446,0,0.3526,1192.9,450.5,1282.3,621.7
489,71,0,0.9138,748.8,190.2,1087.6,998.0
489,306,0,0.9246,25.6,154.4,364.7,1061.7
489,364,32,0.9468,460.8,943.0,582.0,1054.4
489,260,0,0.6128,1543.8,533.7,1646.0,649.2
489,482,0,0.7929,0.0,257.2,151.4,982.6
489,446,0,0.4672,1172.9,453.6,1263.7,623.1
489,471,0,0.5974,1756.9,500.1,1845.8,648.5
490,71,0,0.9164,738.5,193.7,1076.0,1003.5
490,306,0,0.9378,0.0,157.6,335.5,1065.1
490,364,32,0.9474,429.7,947.5,551.9,1059.7
490,260,0,0.5923,1515.3,538.1,1617.4,653.4
490,446,0,0.5051,1145.8,456.7,1237.9,626.7
490,533,0,0.5087,1851.0,517.7,1910.6,650.8
490,471,0,0.6326,1740.1,500.8,1831.9,652.6
490,472,0,0.3486,1223.7,463.1,1289.7,582.8
491,71,0,0.9017,722.9,200.2,1058.2,1006.8
491,306,0,0.9353,0.0,159.2,313.6,1067.7
491,364,32,0.9484,399.4,952.1,521.6,1064.1
491,260,0,0.6043,1485.8,540.9,1588.7,657.1
491,446,0,0.4784,1117.7,459.1,1211.4,629.4
491,533,0,0.5398,1835.0,520.6,1895.2,653.7
491,471,0,0.6585,1715.4,502.9,1808.9,656.0
491,421,0,0.4896,1114.9,302.7,1194.5,480.3
491,412,0,0.3488,1193.7,313.0,1267.2,477.3
492,71,0,0.9385,699.7,178.0,1043.4,1007.4
492,306,0,0.9309,0.0,158.2,293.3,1069.2
492,364,32,0.9441,369.1,954.1,491.7,1066.1
492,260,0,0.5569,1459.1,541.7,1562.3,657.7
492,446,0,0.4536,1089.3,456.4,1185.6,629.1
492,533,0,0.3962,1817.5,522.4,1878.3,654.7
492,471,0,0.6478,1688.2,503.7,1782.6,657.1
492,421,0,0.3875,1095.8,303.3,1174.1,476.6
493,71,0,0.8795,682.9,162.4,1031.7,1006.8
493,306,0,0.9352,0.0,156.0,274.7,1069.5
493,364,32,0.9435,340.1,954.3,462.8,1066.2
493,260,0,0.568,1432.0,541.2,1535.3,657.0
493,446,0,0.4547,1061.1,455.7,1158.1,627.5
493,533,0,0.5917,1793.5,522.3,1854.7,653.9
493,471,0,0.6821,1660.4,502.8,1755.5,656.4
493,421,0,0.4022,1072.3,302.1,1150.8,474.2
494,71,0,0.94,673.4,153.8,1023.4,1007.0
494,306,0,0.9127,0.0,155.2,255.5,1066.4
494,364,32,0.9477,311.7,954.1,434.7,1066.0
494,260,0,0.5429,1404.6,540.8,1507.9,656.3
494,446,0,0.4225,1033.5,456.5,1130.6,626.5
494,533,0,0.4271,1771.4,520.4,1833.7,652.3
494,471,0,0.6313,1633.1,501.2,1728.9,655.5
494,421,0,0.4149,1045.5,300.6,1125.9,476.3
495,71,0,0.9192,678.4,147.1,1024.5,1007.9
495,306,0,0.8857,0.0,167.5,233.1,1066.3
495,364,32,0.9408,283.7,955.6,407.2,1067.7
495,260,0,0.5028,1378.6,541.5,1482.3,656.9
495,446,0,0.4305,1005.6,457.9,1103.2,626.8
495,533,0,0.491,1748.2,511.8,1815.5,652.8
495,471,0,0.6319,1606.3,502.5,1702.2,656.4
495,421,0,0.4911,1018.2,300.5,1099.9,478.4
495,488,0,0.3095,1505.0,392.6,1616.8,554.9
496,71,0,0.9229,690.6,148.3,1027.2,1008.7
496,364,32,0.9399,256.1,957.8,379.5,1069.6
496,260,0,0.3893,1352.3,543.0,1455.9,658.2
496,533,0,0.6001,1728.2,509.5,1798.0,654.3
496,471,0,0.6304,1580.7,504.1,1676.5,657.5
496,421,0,0.3926,992.1,301.5,1073.8,478.8
496,482,0,0.8508,0.0,291.2,180.0,1065.0
497,71,0,0.9222,694.0,154.8,1023.1,1012.6
497,364,32,0.9388,231.0,959.6,354.6,1071.3
497,260,0,0.4306,1329.7,543.7,1433.7,659.1
497,533,0,0.6092,1710.4,509.5,1781.9,655.9
497,471,0,0.6269,1556.8,503.5,1653.6,658.2
497,592,0,0.7757,1832.7,526.8,1909.6,640.5
497,596,0,0.5719,660.3,569.0,757.7,666.5
497,482,0,0.8691,0.0,305.2,166.5,1070.3
498,71,0,0.9383,703.2,163.8,1029.6,1014.1
498,364,32,0.9396,209.0,961.1,332.8,1072.9
498,260,0,0.5336,1310.2,544.1,1414.7,659.5
498,533,0,0.7233,1698.2,514.7,1768.4,656.5
498,471,0,0.6742,1533.7,495.0,1635.4,658.6
498,592,0,0.8054,1818.3,527.3,1895.8,641.0
498,596,0,0.6624,642.1,569.1,739.5,666.7
498,482,0,0.4721,0.0,330.4,149.3,1072.2
498,601,0,0.5048,1469.5,518.2,1547.3,658.9
499,71,0,0.9361,715.8,168.4,1046.9,1014.0
499,364,32,0.9379,190.9,961.5,315.2,1073.7
499,260,0,0.3765,1293.6,543.6,1399.0,659.8
499,533,0,0.7147,1691.8,518.5,1761.8,656.2
499,471,0,0.6667,1518.3,490.4,1622.8,658.6
499,592,0,0.7881,1806.8,527.8,1883.8,639.8
499,596,0,0.6882,624.5,569.1,722.0,666.7
499,601,0,0.5882,1456.3,515.8,1535.3,658.6
499,611,0,0.5629,1725.6,169.4,1806.7,393.2
499,612,0,0.5079,707.2,557.7,796.7,664.9
499,620,0,0.5411,414.8,545.0,512.7,673.1
500,71,0,0.9489,729.0,175.6,1068.9,1013.5
500,364,32,0.9362,176.2,962.2,300.5,1074.4
500,260,0,0.5931,1281.7,543.2,1387.6,659.4
500,533,0,0.7543,1686.4,520.2,1757.5,655.6
500,471,0,0.6311,1505.7,489.0,1611.1,658.4
500,592,0,0.814,1796.3,528.5,1873.5,639.7
500,596,0,0.6705,609.9,569.1,707.4,666.6
500,601,0,0.5821,1442.7,515.3,1521.8,658.2
500,611,0,0.6688,1715.2,168.4,1796.5,392.8
500,612,0,0.4101,695.4,557.8,784.8,664.8
500,620,0,0.5395,399.5,544.7,497.5,673.2
500,621,0,0.5794,1613.2,497.0,1690.3,656.1
500,622,0,0.4264,1273.4,334.4,1353.0,479.4
500,623,0,0.5306,0.0,656.8,74.3,1070.6
500,624,0,0.3928,1286.7,443.8,1375.9,562.1
501,71,0,0.9352,737.7,181.9,1089.7,1013.1
501,364,32,0.9382,164.3,962.9,288.6,1075.1
501,260,0,0.5563,1271.1,543.0,1378.0,659.3
501,533,0,0.7404,1683.7,521.3,1756.4,655.4
501,471,0,0.6717,1496.9,487.7,1604.1,658.5
501,592,0,0.8278,1787.8,529.4,1865.4,639.9
501,596,0,0.6772,598.5,569.6,695.9,667.0
501,601,0,0.5874,1432.3,515.8,1511.3,658.4
501,611,0,0.6247,1704.9,167.7,1786.4,392.7
501,612,0,0.5174,684.6,558.0,774.0,665.0
501,620,0,0.5779,385.1,544.5,483.3,673.5
501,621,0,0.6185,1604.9,497.8,1682.0,656.6
501,622,0,0.4116,1265.3,334.1,1345.3,480.0
501,623,0,0.4296,0.0,702.6,60.9,1071.6
501,624,0,0.4191,1277.7,444.2,1366.2,561.6
501,629,0,0.3911,1416.2,395.4,1507.1,566.3
501,630,0,0.6876,1879.2,573.3,1917.2,638.1
501,631,0,0.4146,37.4,615.7,125.5,682.9
502,71,0,0.9456,740.0,185.6,1104.6,1013.0
502,364,32,0.9356,153.7,963.7,278.9,1077.0
502,260,0,0.5455,1261.0,543.1,1368.9,659.3
502,533,0,0.7785,1680.0,521.6,1755.9,656.6
502,471,0,0.5949,1484.4,488.1,1590.8,658.8
502,592,0,0.8196,1780.6,530.8,1858.8,640.8
502,596,0,0.6685,589.4,570.4,686.4,667.3
502,601,0,0.6673,1423.6,515.6,1502.9,658.8
502,611,0,0.5934,1695.8,168.1,1777.4,392.9
502,612,0,0.4567,674.5,558.8,764.1,666.1
502,620,0,0.5916,370.8,542.0,470.9,674.1
502,621,0,0.6114,1596.3,497.6,1673.9,657.2
502,622,0,0.4709,1257.3,334.3,1333.7,473.6
502,624,0,0.404,1268.7,444.5,1357.1,561.7
502,629,0,0.427,1408.4,396.2,1499.9,568.1
502,630,0,0.6,1871.1,558.3,1918.6,639.2
502,631,0,0.4294,26.4,615.4,116.0,683.8
502,636,0,0.4375,151.1,539.3,253.3,680.5
503,71,0,0.946,738.6,185.8,1114.0,1011.3
503,364,32,0.9377,142.3,964.5,267.6,1077.9
503,260,0,0.5383,1249.7,542.7,1359.5,659.6
503,533,0,0.7855,1675.2,520.4,1755.1,657.2
503,471,0,0.6485,1478.7,489.1,1585.3,659.0
503,592,0,0.8407,1772.8,531.5,1851.4,640.7
503,596,0,0.6668,578.4,570.6,675.2,667.1
503,601,0,0.6327,1413.0,515.1,1492.9,659.3
503,611,0,0.6173,1685.8,167.6,1767.4,392.4
503,612,0,0.5777,663.8,558.5,754.1,666.6
503,620,0,0.556,357.1,539.9,458.5,674.4
503,621,0,0.6672,1585.9,497.9,1663.5,657.3
503,622,0,0.488,1247.3,334.6,1323.6,473.5
503,624,0,0.4056,1258.0,443.6,1347.0,561.5
503,629,0,0.4025,1398.0,396.6,1488.6,566.7
503,630,0,0.4357,1868.4,566.0,1912.3,639.6
503,631,0,0.3723,12.4,616.1,102.9,685.2
503,636,0,0.4224,139.2,539.5,241.7,681.1
504,71,0,0.9464,739.0,179.6,1123.5,1008.5
504,364,32,0.9402,129.0,964.7,254.4,1078.1
504,260,0,0.5907,1237.0,541.9,1349.1,660.0
504,533,0,0.7998,1669.9,517.5,1754.2,656.2
504,471,0,0.5871,1466.5,496.1,1568.5,658.6
504,592,0,0.7855,1762.8,531.7,1841.9,639.8
504,596,0,0.6672,565.5,570.8,661.9,666.7
504,601,0,0.6337,1400.5,513.8,1481.0,659.1
504,611,0,0.5691,1674.0,166.6,1755.6,391.5
504,612,0,0.5274,650.3,557.8,740.6,665.8
504,620,0,0.4709,340.7,539.4,441.8,674.1
504,621,0,0.6207,1572.4,496.3,1650.8,656.7
504,622,0,0.4809,1235.0,333.8,1310.6,471.4
504,624,0,0.3929,1245.3,442.7,1334.6,561.1
504,630,0,0.481,1854.1,542.6,1914.1,642.8
504,631,0,0.3754,0.0,615.4,89.4,684.6
504,636,0,0.4143,123.5,538.4,226.4,680.3
504,642,0,0.4901,767.9,302.2,856.7,494.4
504,489,0,0.3556,1153.3,448.0,1255.1,607.6
505,71,0,0.9433,740.8,168.7,1131.7,1006.4
505,364,32,0.943,112.3,964.6,237.9,1078.0
505,260,0,0.6838,1221.3,540.7,1335.9,659.9
505,533,0,0.8363,1660.2,515.5,1748.4,655.4
505,471,0,0.6848,1452.9,501.6,1551.2,657.9
505,592,0,0.7722,1750.4,531.6,1829.7,638.8
505,596,0,0.6271,549.4,570.1,646.6,666.4
505,601,0,0.5575,1385.9,514.0,1466.0,658.4
505,611,0,0.5799,1659.2,165.3,1740.7,390.4
505,612,0,0.5384,634.8,557.1,725.3,665.1
505,620,0,0.4833,323.7,539.8,423.2,673.2
505,621,0,0.6912,1557.9,495.4,1636.8,655.7
505,622,0,0.4348,1217.9,331.6,1297.4,476.7
505,624,0,0.3059,1230.0,442.4,1318.8,560.1
505,630,0,0.3567,1847.6,534.5,1914.6,645.7
505,631,0,0.3492,0.0,615.1,77.5,682.8
505,636,0,0.4901,105.3,537.9,208.4,679.5
505,642,0,0.5289,751.8,300.9,839.9,491.9
505,629,0,0.3872,1368.4,396.8,1457.2,562.4
506,71,0,0.9421,745.8,160.6,1137.1,1005.9
506,364,32,0.9401,91.1,964.5,217.4,1078.2
506,260,0,0.5451,1201.3,539.7,1317.2,658.2
506,533,0,0.7627,1643.8,509.2,1737.4,653.7
506,471,0,0.6837,1434.3,503.2,1531.3,657.4
506,592,0,0.6714,1732.9,531.8,1813.1,639.2
506,596,0,0.5543,529.1,569.1,627.1,666.0
506,601,0,0.5822,1367.3,514.8,1446.8,657.6
506,611,0,0.4881,1639.8,164.3,1721.1,389.4
506,612,0,0.5199,614.6,556.9,704.5,663.9
506,620,0,0.4153,299.2,540.1,397.2,672.5
506,621,0,0.664,1536.0,494.0,1615.7,654.8
506,636,0,0.3809,82.8,537.0,186.2,678.7
506,642,0,0.4552,730.3,299.6,817.5,488.7
506,629,0,0.3058,1349.0,396.7,1436.5,558.0
506,233,0,0.4016,1198.9,330.7,1269.0,484.4
507,71,0,0.9368,753.2,154.7,1139.0,1005.5
507,364,32,0.9428,67.9,964.9,194.6,1078.9
507,260,0,0.5418,1177.5,538.7,1295.5,657.3
507,533,0,0.8085,1625.7,506.7,1723.1,653.0
507,471,0,0.7061,1413.0,503.9,1509.3,657.1
507,592,0,0.6198,1710.6,531.7,1792.1,639.8
507,596,0,0.5735,505.7,568.5,604.5,665.9
507,601,0,0.5815,1345.9,515.1,1425.4,657.0
507,611,0,0.5125,1618.2,163.9,1699.2,388.8
507,612,0,0.5401,591.8,556.5,682.0,663.9
507,620,0,0.4474,271.5,541.0,368.6,672.3
507,621,0,0.7026,1513.5,493.2,1594.3,654.5
507,636,0,0.349,56.2,536.9,160.0,678.7
507,642,0,0.4743,706.8,299.0,793.7,487.7
507,233,0,0.3716,1180.4,330.7,1252.3,483.7
507,630,0,0.5492,1841.6,524.6,1920.0,659.0
508,71,0,0.9154,767.1,149.5,1144.0,1006.9
508,364,32,0.9384,44.4,965.7,171.1,1079.6
508,260,0,0.4375,1154.4,537.9,1273.9,656.3
508,533,0,0.7853,1610.2,505.8,1711.1,652.8
508,471,0,0.6962,1390.3,503.7,1486.4,656.9
508,592,0,0.4871,1690.6,531.9,1772.4,639.1
508,596,0,0.5979,482.5,568.2,581.9,665.9
508,601,0,0.5514,1323.3,515.0,1403.2,657.0
508,611,0,0.5066,1595.5,163.7,1676.4,388.9
508,612,0,0.5622,568.1,556.3,658.9,664.3
508,620,0,0.4332,246.4,542.2,342.3,672.6
508,621,0,0.6899,1491.5,493.3,1573.1,654.5
508,642,0,0.4874,683.6,298.6,770.5,487.7
509,71,0,0.9065,772.6,146.5,1139.5,1005.6
509,364,32,0.9328,21.5,966.7,147.8,1079.9
509,260,0,0.366,1132.2,537.5,1252.0,654.4
509,533,0,0.7959,1596.2,512.1,1696.8,653.0
509,471,0,0.6876,1368.9,503.6,1465.1,657.2
509,592,0,0.6127,1671.3,531.5,1757.7,640.4
509,596,0,0.5996,459.7,567.9,559.5,665.9
509,601,0,0.547,1301.1,514.5,1381.6,657.0
509,611,0,0.5846,1573.7,164.0,1654.3,388.9
509,612,0,0.5937,545.9,556.2,637.3,664.6
509,620,0,0.4526,220.4,543.6,315.1,672.9
509,621,0,0.6396,1468.7,493.5,1551.4,655.0
509,642,0,0.5339,660.7,298.3,747.8,488.3
509,651,0,0.5406,735.3,457.9,823.4,631.8
509,652,0,0.5665,1800.3,526.4,1882.5,747.2
510,71,0,0.9218,767.9,144.4,1126.2,1004.8
510,364,32,0.9361,1.6,967.7,126.9,1080.0
510,260,0,0.3453,1111.1,537.2,1232.7,654.1
510,533,0,0.7823,1583.1,516.3,1684.9,653.0
510,471,0,0.6788,1349.9,503.1,1446.8,657.5
510,592,0,0.4647,1651.6,531.2,1741.2,641.0
510,596,0,0.6514,438.4,568.5,538.8,666.7
510,601,0,0.6606,1281.4,515.2,1362.0,657.5
510,611,0,0.5996,1553.8,163.5,1634.7,389.3
510,612,0,0.5076,525.1,556.7,616.9,665.3
510,620,0,0.3677,194.0,544.1,288.5,673.6
510,621,0,0.6598,1446.9,493.0,1531.6,655.5
510,642,0,0.5216,639.8,298.4,727.0,489.1
510,651,0,0.4766,717.9,458.1,807.4,634.8
510,652,0,0.4037,1781.4,526.6,1865.5,752.7
510,656,0,0.6231,1509.9,507.9,1579.1,651.8
510,472,0,0.3141,1128.2,440.6,1200.5,559.0
510,630,0,0.7434,1851.7,489.9,1920.0,635.5
511,71,0,0.9047,767.7,142.2,1117.6,1006.4
511,364,32,0.9133,0.0,968.6,112.3,1080.0
511,260,0,0.4931,1091.4,536.5,1217.3,656.9
511,533,0,0.828,1572.9,519.1,1677.0,653.4
511,471,0,0.6443,1333.5,502.3,1430.7,657.6
511,596,0,0.6124,420.9,569.2,521.0,667.0
511,601,0,0.5805,1265.9,515.6,1347.1,657.8
511,611,0,0.5611,1537.1,163.1,1618.0,389.3
511,612,0,0.5753,507.2,556.6,599.8,666.0
511,620,0,0.4371,173.8,544.2,267.7,673.9
511,621,0,0.6777,1430.5,494.6,1516.1,656.0
511,642,0,0.5161,622.3,298.6,709.7,489.7
511,651,0,0.5395,698.2,457.6,788.6,636.2
511,652,0,0.6658,1763.4,526.2,1850.6,760.7
511,656,0,0.6256,1496.5,508.1,1565.2,650.7
511,630,0,0.612,1849.4,484.5,1920.0,632.3
512,71,0,0.9039,766.4,140.7,1108.9,1009.1
512,364,32,0.9323,0.0,969.5,101.3,1080.0
512,260,0,0.5676,1076.0,536.0,1203.1,657.0
512,533,0,0.8231,1562.8,520.9,1668.8,653.2
512,471,0,0.6707,1318.1,499.4,1416.7,657.6
512,596,0,0.6622,404.8,568.8,505.7,667.3
512,601,0,0.6007,1250.9,515.0,1332.7,658.0
512,611,0,0.6916,1522.6,162.9,1603.6,389.3
512,612,0,0.5901,491.5,556.8,584.0,666.0
512,620,0,0.5339,157.2,544.7,250.5,674.4
512,621,0,0.6999,1415.8,494.5,1503.3,656.0
512,642,0,0.5822,607.1,298.2,695.1,491.1
512,651,0,0.5827,681.8,457.0,773.0,637.6
512,652,0,0.4349,1748.9,526.6,1837.1,764.0
512,656,0,0.6199,1483.8,508.0,1551.6,648.4
512,630,0,0.7283,1844.2,481.4,1920.0,631.6
512,659,0,0.441,721.6,294.7,808.1,488.5
512,472,0,0.3392,1101.7,440.4,1178.2,558.3
513,71,0,0.9059,769.1,139.5,1105.9,1010.0
513,364,32,0.8609,0.0,970.2,91.7,1079.7
513,260,0,0.6504,1062.1,534.5,1191.7,657.5
513,533,0,0.8284,1556.1,521.3,1664.6,652.8
513,471,0,0.6221,1307.8,500.0,1405.8,657.1
513,596,0,0.668,391.2,568.8,492.1,667.2
513,601,0,0.6246,1238.4,513.9,1320.8,657.6
513,611,0,0.7028,1510.2,161.7,1591.4,388.7
513,612,0,0.5923,477.8,556.6,570.3,665.7
513,620,0,0.418,141.5,544.5,234.1,674.2
513,621,0,0.7267,1403.6,494.1,1493.3,656.0
513,642,0,0.581,593.9,297.5,682.2,491.7
513,651,0,0.6067,668.3,456.6,759.6,637.7
513,652,0,0.6565,1736.7,524.6,1826.8,768.0
513,656,0,0.5929,1473.7,508.0,1539.8,644.4
513,630,0,0.4855,1837.9,479.1,1920.0,631.8
513,659,0,0.4954,709.7,294.0,796.1,487.6
513,660,0,0.4392,1073.2,329.1,1152.7,484.9
513,472,0,0.3436,1088.1,440.8,1167.1,557.8
514,71,0,0.9048,755.8,137.7,1090.8,1011.2
514,364,32,0.8278,0.0,970.7,83.5,1079.4
514,260,0,0.4528,1049.5,533.1,1181.9,658.8
514,533,0,0.8237,1551.7,520.3,1663.0,651.7
514,471,0,0.4887,1294.6,493.7,1395.4,656.6
514,596,0,0.6679,379.1,567.8,480.5,666.5
514,601,0,0.6832,1227.0,513.2,1309.8,657.3
514,611,0,0.7047,1500.3,161.1,1581.7,387.8
514,612,0,0.5686,466.5,556.2,558.6,664.8
514,621,0,0.7122,1392.5,492.6,1484.7,655.3
514,642,0,0.5622,582.4,295.9,671.0,491.0
514,651,0,0.5902,657.8,455.6,749.3,637.4
514,652,0,0.5965,1727.8,523.5,1816.8,764.2
514,656,0,0.627,1462.7,507.6,1528.9,643.7
514,630,0,0.4097,1829.0,477.8,1913.2,630.9
514,659,0,0.4913,697.4,292.5,783.9,486.1
514,660,0,0.4234,1065.8,328.7,1141.3,476.5
514,472,0,0.3534,1076.2,439.9,1157.3,556.3
515,71,0,0.9276,756.5,134.3,1086.2,1009.4
515,364,0,0.6332,0.0,969.6,76.4,1078.9
515,260,0,0.4534,1039.8,531.6,1173.6,658.7
515,533,0,0.7698,1547.8,518.5,1662.5,651.2
515,471,0,0.6623,1286.2,493.5,1386.4,656.2
515,596,0,0.6901,369.6,567.1,470.8,665.6
515,601,0,0.6286,1217.8,512.2,1300.8,656.5
515,611,0,0.68,1490.9,159.0,1572.6,386.5
515,612,0,0.5552,456.6,555.8,548.5,663.8
515,621,0,0.701,1384.5,488.4,1479.8,654.2
515,642,0,0.5791,572.5,294.2,661.2,489.9
515,651,0,0.5966,648.2,454.0,739.7,636.5
515,652,0,0.6112,1717.2,522.7,1810.2,776.0
515,656,0,0.6801,1453.5,506.8,1519.6,642.3
515,630,0,0.4971,1821.5,474.9,1907.0,629.6
515,659,0,0.4518,687.3,291.2,773.7,484.7
515,660,0,0.4227,1056.1,327.4,1132.1,475.9
515,667,0,0.3532,1295.5,160.7,1386.6,393.2
516,71,0,0.922,752.5,132.9,1077.5,1008.0
516,364,32,0.7796,0.0,971.4,67.6,1078.5
516,260,0,0.4723,1031.1,530.0,1165.5,657.8
516,533,0,0.7788,1541.9,516.1,1658.8,650.1
516,471,0,0.7148,1277.8,497.8,1373.9,655.0
516,596,0,0.6737,360.4,566.1,461.7,664.7
516,601,0,0.6323,1210.2,511.4,1293.4,655.4
516,611,0,0.688,1482.6,157.5,1564.4,385.2
516,612,0,0.5027,446.8,554.7,539.0,663.1
516,621,0,0.7006,1375.1,486.8,1472.6,653.2
516,642,0,0.5531,562.8,292.2,651.4,488.0
516,651,0,0.5024,639.2,452.7,730.6,635.9
516,652,0,0.7356,1708.9,521.3,1802.0,776.2
516,656,0,0.721,1445.2,505.3,1513.4,645.0
516,630,0,0.4299,1813.3,473.2,1899.3,628.6
516,659,0,0.4917,677.6,289.2,764.4,484.0
516,660,0,0.4977,1045.6,325.8,1123.4,478.0
516,667,0,0.4272,1290.6,159.1,1382.1,391.7
516,668,0,0.4001,1853.9,172.0,1917.7,335.6
516,620,0,0.4914,83.2,544.5,178.3,673.0
516,472,0,0.3025,1056.5,437.2,1140.2,554.8
517,71,0,0.9142,745.8,132.2,1067.8,1007.3
517,260,0,0.4441,1023.0,529.1,1156.3,656.3
517,533,0,0.8399,1538.5,513.4,1657.1,648.3
517,471,0,0.6569,1268.7,497.3,1364.0,653.5
517,596,0,0.6204,350.6,564.5,451.9,663.2
517,601,0,0.6079,1201.4,509.5,1285.0,653.8
517,611,0,0.636,1474.4,155.5,1556.5,383.4
517,612,0,0.5198,436.5,553.7,528.9,661.8
517,621,0,0.6933,1365.6,486.4,1464.7,652.0
517,642,0,0.587,553.0,290.6,641.3,486.2
517,651,0,0.5329,630.9,451.2,721.5,633.3
517,652,0,0.7285,1702.2,520.1,1793.7,771.7
517,656,0,0.6991,1436.7,503.9,1506.7,646.9
517,630,0,0.3748,1803.5,469.9,1890.2,626.5
517,659,0,0.4262,667.2,287.3,754.2,482.6
517,660,0,0.4294,1036.3,323.5,1114.4,476.0
517,667,0,0.3374,1282.7,156.6,1374.9,389.7
517,668,0,0.3618,1850.2,166.3,1915.9,334.5
517,670,0,0.436,52.9,311.4,161.3,458.4
517,620,0,0.5365,64.8,543.2,163.5,672.2
518,71,0,0.9245,736.5,131.8,1055.8,1006.5
518,260,0,0.556,1014.3,527.0,1146.7,653.1
518,533,0,0.8399,1536.2,511.4,1655.2,646.0
518,471,0,0.6914,1259.3,491.2,1357.0,652.2
518,596,0,0.666,340.1,563.0,442.1,662.3
518,601,0,0.5939,1192.2,508.3,1275.8,652.5
518,611,0,0.6797,1466.1,153.5,1548.4,381.6
518,612,0,0.4837,426.9,552.3,519.5,660.6
518,621,0,0.7082,1357.1,482.4,1459.2,650.7
518,642,0,0.5832,543.9,289.0,632.2,484.3
518,651,0,0.6409,622.1,449.4,712.8,632.3
518,652,0,0.6929,1693.7,519.0,1785.9,774.0
518,656,0,0.5434,1429.3,503.0,1499.6,646.2
518,630,0,0.4955,1795.9,471.9,1881.3,625.7
518,659,0,0.4261,657.2,285.8,744.3,481.5
518,660,0,0.4003,1029.8,321.8,1102.2,462.3
518,667,0,0.3227,1273.9,154.6,1366.9,388.0
518,668,0,0.3842,1846.0,162.2,1913.1,332.8
518,670,0,0.4373,41.5,309.6,150.1,456.9
518,620,0,0.5434,51.9,542.4,153.3,671.2
519,71,0,0.9033,716.8,129.3,1037.2,1007.9
519,260,0,0.325,1006.2,525.3,1136.5,649.1
519,533,0,0.8376,1531.8,508.8,1652.3,644.4
519,471,0,0.6824,1251.8,492.5,1348.4,651.5
519,596,0,0.6595,330.6,561.2,433.1,661.2
519,601,0,0.6005,1182.4,504.8,1267.5,651.8
519,611,0,0.6049,1458.5,152.0,1541.0,380.6
519,612,0,0.521,416.2,551.3,509.2,660.0
519,621,0,0.7139,1348.0,481.6,1451.7,650.0
519,642,0,0.5953,534.2,287.7,623.1,484.7
519,651,0,0.6663,613.5,448.1,703.8,631.0
519,652,0,0.7031,1686.2,517.7,1778.2,773.3
519,656,0,0.6401,1421.4,502.0,1492.4,646.1
519,630,0,0.3228,1787.8,472.0,1873.1,625.1
519,659,0,0.4186,647.3,284.4,734.8,481.2
519,660,0,0.4131,1021.0,320.7,1092.5,458.6
519,667,0,0.3012,1259.6,153.2,1353.3,388.0
519,670,0,0.4867,30.2,307.9,135.0,449.8
519,620,0,0.4147,36.4,538.6,143.3,670.9
520,71,0,0.9135,701.0,127.0,1021.8,1006.6
520,533,0,0.7942,1530.5,507.1,1651.7,644.4
520,471,0,0.6806,1245.2,497.8,1338.8,651.0
520,596,0,0.5977,321.6,560.4,424.0,660.6
520,601,0,0.5355,1172.7,502.7,1259.0,651.5
520,611,0,0.4724,1450.4,151.2,1533.1,379.4
520,612,0,0.4729,406.1,550.0,499.8,659.7
520,621,0,0.6802,1338.9,479.8,1444.5,649.3
520,642,0,0.4456,525.3,287.0,614.3,484.1
520,651,0,0.5595,604.8,447.6,695.7,632.4
520,652,0,0.3753,1681.6,517.7,1768.3,758.4
520,656,0,0.6797,1414.5,501.4,1484.7,642.9
520,659,0,0.3507,638.2,283.7,723.8,475.7
520,667,0,0.3227,1252.3,152.2,1346.7,386.6
520,670,0,0.4004,18.6,306.2,119.4,442.2
520,620,0,0.3589,18.9,536.3,127.4,670.0
521,71,0,0.7509,724.4,126.1,1050.5,1006.3
521,652,0,0.533,1673.9,515.2,1762.3,760.4
521,656,0,0.5951,1409.1,500.4,1478.6,638.7
521,630,0,0.391,1761.8,463.6,1852.7,625.3
522,71,0,0.7739,825.2,179.2,1149.3,1049.0
522,676,0,0.8947,1185.9,566.7,1401.4,1074.1
522,678,0,0.8087,4.1,408.3,392.5,1072.5
522,679,0,0.8119,662.2,645.5,935.4,1075.0
522,670,0,0.3414,0.0,305.6,107.4,458.3
523,71,0,0.9288,861.0,150.3,1202.0,1062.8
523,676,0,0.8957,1205.6,573.6,1418.3,1073.5
523,678,0,0.9325,9.6,417.9,392.4,1071.7
523,679,0,0.8993,662.4,629.2,944.2,1075.1
523,680,0,0.8317,347.0,491.0,620.6,1072.9
524,71,0,0.9202,876.9,139.3,1226.5,1069.0
524,676,0,0.8958,1225.7,583.0,1435.2,1073.5
524,678,0,0.9524,43.7,429.3,422.6,1071.3
524,679,0,0.8767,672.6,620.4,957.6,1075.3
524,680,0,0.8764,395.3,487.9,670.8,1072.6
525,71,0,0.9375,893.5,143.0,1243.1,1071.6
525,676,0,0.8775,1239.9,592.5,1446.6,1073.8
525,678,0,0.9307,55.1,434.8,435.1,1071.5
525,679,0,0.6492,684.5,618.3,967.6,1075.5
525,680,0,0.8629,438.6,482.7,717.8,1071.7
525,687,0,0.5538,1699.0,573.6,1845.3,909.7
525,688,0,0.5216,1584.1,352.1,1728.8,668.0
525,691,0,0.401,218.2,241.4,431.3,556.2
526,71,0,0.9275,898.8,151.6,1246.9,1072.5
526,676,0,0.8936,1245.8,600.3,1450.4,1073.7
526,678,0,0.9391,27.9,434.0,409.2,1071.0
526,679,0,0.6802,696.7,616.8,976.5,1075.8
526,680,0,0.8633,465.3,477.7,747.8,1071.6
526,687,0,0.6192,1726.3,575.4,1873.2,912.9
526,688,0,0.5205,1614.3,351.1,1760.7,670.6
526,695,0,0.852,352.1,603.9,529.7,1072.3
526,697,0,0.4927,1571.6,573.7,1716.1,911.6
527,71,0,0.9241,897.4,167.3,1242.8,1073.5
527,676,0,0.882,1243.8,605.2,1447.6,1073.5
527,678,0,0.9509,15.2,429.4,400.3,1071.4
527,679,0,0.46,713.7,616.8,986.5,1074.3
527,680,0,0.8985,500.5,472.1,790.8,1072.1
527,687,0,0.6229,1758.4,577.9,1906.1,916.7
527,688,0,0.5583,1642.9,351.5,1791.3,675.3
527,695,0,0.8229,350.4,604.0,528.9,1073.8
527,697,0,0.5025,1576.5,662.1,1688.5,919.6
527,701,0,0.4078,1310.2,600.8,1533.3,1067.9
528,71,0,0.9339,891.3,182.0,1234.3,1073.6
528,676,0,0.8907,1235.5,609.7,1438.6,1073.3
528,678,0,0.9565,5.5,422.5,394.9,1071.6
528,679,0,0.5093,732.2,620.1,995.6,1074.0
528,680,0,0.9273,547.0,470.2,841.6,1072.1
528,687,0,0.5427,1776.9,580.3,1920.0,921.4
528,688,0,0.3892,1669.6,352.8,1816.2,672.2
528,695,0,0.8725,336.4,601.9,515.7,1073.5
528,697,0,0.4698,1595.7,690.6,1700.3,926.1
529,71,0,0.938,875.9,193.1,1217.9,1072.9
529,676,0,0.88,1218.3,610.3,1422.2,1073.2
529,678,0,0.9556,0.0,410.9,389.0,1071.5
529,680,0,0.9041,567.2,467.7,861.7,1071.0
529,687,0,0.5172,1788.3,581.9,1920.0,924.9
529,688,0,0.4866,1688.1,352.8,1836.7,676.5
529,695,0,0.8533,317.2,596.1,499.0,1073.7
529,697,0,0.4836,1614.4,702.2,1719.2,930.9
529,718,0,0.635,425.3,624.0,545.1,1069.5
529,720,0,0.3956,295.5,239.3,497.7,533.6
529,721,0,0.39,1434.6,512.0,1626.4,751.0
530,71,0,0.9341,854.3,192.9,1199.0,1072.5
530,676,0,0.8862,1196.9,607.5,1403.3,1073.1
530,678,0,0.9546,0.0,399.3,381.2,1071.3
530,680,0,0.8912,591.2,466.0,884.2,1070.4
530,687,0,0.4072,1797.2,582.5,1920.0,927.5
530,688,0,0.37,1705.6,351.6,1855.5,678.0
530,695,0,0.8887,295.0,587.8,479.8,1073.6
530,697,0,0.5661,1628.7,703.3,1738.0,933.8
530,718,0,0.8132,416.1,629.8,536.0,1074.4
530,720,0,0.3248,302.9,237.8,505.9,533.1
530,721,0,0.4435,1447.7,511.7,1639.7,751.2
530,724,0,0.4549,1297.9,335.1,1468.9,745.5
530,729,0,0.3937,705.3,138.7,849.1,361.8
531,71,0,0.9289,833.1,188.8,1181.6,1073.3
531,676,0,0.9167,1176.6,601.2,1387.7,1072.6
531,678,0,0.9544,0.0,390.3,369.9,1071.8
531,680,0,0.9052,610.9,464.3,901.7,1070.5
531,695,0,0.8854,275.5,580.7,463.1,1073.8
531,697,0,0.4893,1640.3,703.8,1753.6,934.8
531,718,0,0.8049,407.0,632.0,527.0,1075.2
531,720,0,0.4431,310.4,234.4,514.6,531.2
531,721,0,0.3596,1463.0,510.2,1657.0,752.1
531,724,0,0.5473,1306.1,334.1,1481.9,756.0
531,729,0,0.446,708.2,135.5,849.4,355.3
531,732,0,0.4296,1730.3,1006.6,1797.9,1079.5
532,71,0,0.9329,814.2,178.6,1167.8,1071.6
532,676,0,0.9197,1162.2,592.5,1379.3,1072.9
532,678,0,0.9532,0.0,388.1,354.6,1071.8
532,680,0,0.9071,624.3,465.2,909.4,1070.4
532,695,0,0.8843,256.5,576.7,445.6,1073.6
532,697,0,0.5226,1650.2,701.1,1769.5,937.7
532,718,0,0.8264,394.3,632.5,514.7,1076.0
532,720,0,0.4457,320.1,232.4,527.8,534.4
532,721,0,0.4324,1479.8,508.5,1675.2,752.2
532,724,0,0.5817,1317.6,332.4,1494.1,755.7
532,729,0,0.4332,718.4,133.0,857.6,351.1
532,734,0,0.4074,655.4,332.0,806.0,540.8
532,736,0,0.4111,287.4,240.4,408.2,457.5
532,621,0,0.4415,1181.3,429.7,1299.1,607.3
533,71,0,0.9401,804.8,166.5,1163.3,1071.7
533,676,0,0.9154,1153.4,585.5,1375.8,1073.2
533,678,0,0.9593,0.0,387.9,338.6,1071.1
533,680,0,0.8074,639.6,473.9,915.3,1070.8
533,695,0,0.8858,239.8,576.9,428.5,1073.4
533,718,0,0.8622,384.3,633.1,505.1,1076.5
533,720,0,0.3931,332.3,230.4,540.1,532.6
533,721,0,0.4437,1497.3,508.2,1694.1,753.6
533,724,0,0.6507,1336.3,329.9,1514.9,759.1
533,729,0,0.3024,731.3,130.7,870.0,349.8
533,734,0,0.4027,668.1,331.0,818.8,539.5
533,738,0,0.4499,501.4,641.1,576.8,826.4
533,739,0,0.5042,508.8,898.4,601.7,1075.3
533,740,0,0.4598,1490.8,953.1,1606.8,1078.6
534,71,0,0.9227,795.0,153.6,1159.8,1071.6
534,676,0,0.9085,1155.2,580.8,1380.6,1073.2
534,678,0,0.9597,0.0,383.9,326.9,1071.0
534,680,0,0.6559,661.8,529.2,910.0,1072.9
534,695,0,0.8948,226.1,580.9,413.6,1073.5
534,718,0,0.8659,373.9,633.1,495.1,1076.0
534,720,0,0.3528,342.8,229.1,553.9,536.0
534,721,0,0.4813,1512.5,507.4,1711.0,755.8
534,724,0,0.6922,1356.3,329.8,1535.4,761.4
534,734,0,0.3584,681.1,330.0,834.3,542.4
534,738,0,0.6377,500.4,641.9,590.2,861.9
534,739,0,0.7202,514.0,901.5,605.4,1073.9
534,740,0,0.4067,1507.8,955.9,1622.3,1079.5
534,747,0,0.6176,1628.2,198.8,1892.3,1038.4
535,71,0,0.9558,723.0,141.1,1113.9,1071.8
535,676,0,0.8941,1159.6,579.5,1385.4,1073.5
535,678,0,0.9599,0.0,373.3,323.7,1071.3
535,695,0,0.8737,217.3,586.8,402.0,1073.7
535,718,0,0.8657,367.2,631.5,489.4,1075.1
535,720,0,0.4546,356.8,226.6,568.2,534.0
535,724,0,0.6752,1376.1,330.0,1555.0,761.9
535,734,0,0.4042,690.4,328.5,843.9,541.8
535,738,0,0.3613,503.2,642.4,598.9,874.3
535,739,0,0.7451,527.7,902.6,619.8,1073.8
535,747,0,0.8213,1590.9,127.8,1878.2,1035.4
535,751,0,0.4938,1450.5,913.1,1554.7,1077.0
536,71,0,0.9581,700.5,132.5,1123.2,1070.8
536,676,0,0.8893,1163.1,582.2,1386.5,1072.8
536,678,0,0.9597,0.0,354.2,327.2,1071.1
536,695,0,0.8631,214.8,598.8,393.8,1074.5
536,718,0,0.8839,362.6,627.9,486.4,1075.4
536,720,0,0.5311,368.3,223.3,584.4,537.8
536,724,0,0.4434,1389.8,328.5,1567.5,762.4
536,734,0,0.4976,701.5,326.3,854.0,539.0
536,738,0,0.6768,534.4,642.4,613.5,831.6
536,739,0,0.7304,545.7,904.5,638.6,1073.5
536,747,0,0.8458,1556.4,153.8,1844.0,1046.3
536,755,0,0.4171,1237.7,268.4,1361.5,499.1
536,756,0,0.3935,565.6,148.5,729.4,461.6
536,757,0,0.4225,1733.3,80.4,1904.6,310.6
536,680,0,0.4662,684.8,625.6,886.8,1072.7
537,71,0,0.9508,686.3,131.3,1135.2,1069.8
537,676,0,0.887,1170.1,590.0,1388.8,1073.5
537,678,0,0.9562,0.0,335.3,333.1,1071.3
537,695,0,0.5731,216.2,604.8,389.1,1074.0
537,718,0,0.8673,358.1,624.2,484.1,1075.6
537,720,0,0.5947,385.1,220.6,599.7,533.1
537,734,0,0.3263,712.5,323.0,865.2,537.7
537,738,0,0.6076,555.7,642.4,628.3,814.4
537,739,0,0.7126,562.4,905.3,658.3,1075.5
537,747,0,0.8363,1513.1,179.6,1803.0,1049.1
537,755,0,0.5822,1256.3,265.2,1381.8,499.2
537,756,0,0.5066,575.1,123.7,751.2,460.8
537,757,0,0.3283,1760.8,77.6,1914.3,283.7
537,765,0,0.4357,357.1,227.3,474.7,445.5
537,680,0,0.5375,682.4,704.1,849.1,1070.1
538,71,0,0.9513,679.3,133.1,1155.6,1069.9
538,676,0,0.7989,1170.5,597.2,1383.2,1073.4
538,678,0,0.9573,0.0,322.3,339.3,1071.0
538,695,0,0.4841,227.0,665.3,375.5,1075.7
538,718,0,0.8978,354.6,620.7,483.2,1075.3
538,720,0,0.5919,403.5,217.6,619.2,532.4
538,739,0,0.7956,584.8,905.7,684.2,1076.7
538,747,0,0.5211,1413.0,193.6,1671.8,942.9
538,756,0,0.6116,597.1,130.5,769.2,459.7
538,765,0,0.4952,374.4,224.8,493.4,445.7
538,680,0,0.5304,683.1,725.2,845.5,1074.0
538,768,0,0.5313,1763.6,272.1,1918.9,568.2
539,71,0,0.9593,666.5,138.9,1163.8,1070.2
539,676,0,0.8209,1175.5,603.3,1383.9,1073.1
539,678,0,0.9527,0.0,316.9,346.7,1070.7
539,718,0,0.8963,348.6,616.6,481.0,1073.9
539,720,0,0.6809,423.1,215.2,638.4,529.8
539,739,0,0.7626,601.2,906.4,702.7,1076.5
539,747,0,0.7856,1387.1,155.7,1701.7,1018.5
539,756,0,0.5867,616.9,117.3,794.3,456.8
539,765,0,0.4287,394.7,222.2,513.3,442.3
539,680,0,0.7469,673.6,670.8,862.6,1074.8
539,768,0,0.3701,1772.3,268.5,1920.0,573.8
539,775,0,0.4782,6.8,239.7,92.5,417.9
539,667,0,0.4979,1077.9,141.8,1163.2,320.1
540,71,0,0.956,663.8,145.5,1179.9,1070.7
540,676,0,0.3794,1200.6,663.6,1381.7,1074.7
540,678,0,0.9478,0.0,315.5,351.8,1070.9
540,718,0,0.9111,345.2,614.1,482.4,1074.0
540,720,0,0.7266,441.9,213.1,657.5,527.9
540,739,0,0.7811,616.0,907.7,717.8,1076.1
540,747,0,0.6378,1340.5,161.0,1686.5,1051.4
540,756,0,0.6428,642.4,128.6,813.9,456.0
540,765,0,0.4505,420.0,220.2,530.1,424.4
540,680,0,0.8385,669.9,649.5,868.4,1074.8
540,775,0,0.5787,15.6,238.5,102.3,417.1
540,778,0,0.5139,734.2,2.7,881.5,189.6
540,779,0,0.4073,34.6,61.8,225.8,290.0
541,71,0,0.7987,644.1,142.7,1163.5,1069.8
541,676,0,0.4342,1199.0,632.7,1390.0,1072.9
541,678,0,0.9566,0.0,323.6,354.4,1071.2
541,718,0,0.9249,346.4,613.9,487.9,1074.0
541,720,0,0.6386,464.2,211.6,680.8,528.2
541,739,0,0.4211,620.1,911.6,722.1,1076.8
541,756,0,0.5559,654.6,112.5,833.0,455.2
541,765,0,0.4005,441.2,218.8,551.9,423.6
541,680,0,0.8976,669.3,640.0,871.2,1074.7
541,775,0,0.602,21.8,237.3,119.5,436.2
541,778,0,0.4751,756.3,2.2,900.5,185.1
541,779,0,0.3123,55.6,60.1,244.7,285.7
541,780,0,0.5039,1433.4,119.0,1562.0,256.2
542,71,0,0.9434,624.5,136.6,1156.2,1069.8
542,678,0,0.9606,0.0,341.7,358.3,1071.1
542,718,0,0.9233,351.4,613.2,497.3,1073.9
542,720,0,0.6013,485.6,209.3,704.0,528.6
542,756,0,0.4586,674.7,126.6,844.0,454.7
542,765,0,0.3799,461.8,216.3,577.1,430.1
542,680,0,0.8839,670.1,635.7,872.3,1074.2
542,775,0,0.6329,36.4,235.9,138.8,440.7
542,778,0,0.4918,789.2,1.9,924.1,172.3
542,780,0,0.5286,1456.9,116.0,1602.7,272.0
542,701,0,0.4483,1403.5,633.0,1632.6,1070.9
542,747,0,0.5295,1192.1,96.6,1586.1,1045.9
543,71,0,0.8577,645.6,130.8,1176.5,1069.0
543,678,0,0.9588,8.9,359.8,362.6,1070.7
543,718,0,0.9148,358.6,613.0,508.5,1073.8
543,720,0,0.6575,508.6,206.3,728.8,528.6
543,756,0,0.4226,693.3,130.4,857.9,454.2
543,765,0,0.3981,487.2,213.8,599.5,422.0
543,680,0,0.9037,672.9,634.0,874.7,1074.0
543,775,0,0.6183,55.5,233.3,162.7,444.0
543,778,0,0.4342,819.1,1.7,950.2,166.1
543,780,0,0.4347,1469.8,111.5,1644.1,299.0
543,790,0,0.491,1728.8,497.7,1920.0,756.5
543,701,0,0.5593,1342.7,597.5,1603.0,1070.8
543,747,0,0.6015,1124.4,47.5,1555.9,1026.1
543,721,0,0.7545,1593.5,235.9,1920.0,705.9
544,678,0,0.9673,15.0,372.8,366.2,1071.3
544,718,0,0.9156,366.2,614.3,519.7,1074.1
544,720,0,0.6364,533.4,204.4,754.1,527.1
544,765,0,0.414,513.0,212.4,620.7,411.3
544,680,0,0.8889,677.0,634.3,878.0,1074.2
544,775,0,0.6037,77.9,231.5,188.0,443.9
544,780,0,0.4496,1461.7,109.6,1694.3,364.3
544,747,0,0.7002,994.1,22.5,1472.3,1044.1
544,795,0,0.3998,1847.0,717.3,1920.0,825.9
544,721,0,0.7433,1624.6,221.3,1920.0,705.6
544,724,0,0.7799,1591.3,314.5,1774.8,766.6
545,678,0,0.9673,18.7,379.0,371.3,1071.8
545,718,0,0.9222,374.6,615.3,531.3,1074.4
545,720,0,0.6534,555.5,203.5,776.1,525.7
545,765,0,0.388,537.0,211.6,643.3,406.8
545,680,0,0.7235,675.9,637.6,869.8,1066.8
545,775,0,0.6306,99.2,230.6,212.0,444.2
545,747,0,0.7774,903.0,67.2,1395.5,1057.1
545,795,0,0.5246,1843.0,704.6,1920.0,829.0
545,721,0,0.6707,1659.4,217.0,1920.0,705.0
545,800,0,0.5017,3.1,264.9,100.2,415.3
545,802,0,0.5767,8.5,141.5,106.7,326.5
545,724,0,0.7907,1621.1,313.2,1803.2,767.2
545,779,0,0.4598,146.4,51.1,342.9,285.3
546,678,0,0.9638,24.1,385.6,378.4,1071.1
546,718,0,0.9212,383.2,616.9,542.4,1074.3
546,720,0,0.6969,576.1,202.9,797.9,527.4
546,765,0,0.4121,558.8,210.6,667.4,409.7
546,680,0,0.8976,677.5,640.7,870.8,1071.5
546,775,0,0.6282,118.6,229.8,235.2,446.6
546,747,0,0.8712,843.0,51.6,1359.3,1064.8
546,800,0,0.6181,7.2,263.8,116.0,431.8
546,802,0,0.5741,16.7,139.8,118.2,329.5
546,724,0,0.8014,1648.6,312.1,1830.0,769.0
546,806,0,0.7456,1481.5,414.2,1652.0,846.3
546,779,0,0.4364,168.5,49.0,365.7,284.5
546,768,0,0.5744,1726.8,225.9,1920.0,703.3
546,780,0,0.3891,1504.3,109.1,1765.3,402.1
547,678,0,0.9594,30.2,395.8,386.4,1071.4
547,718,0,0.9217,390.3,618.5,551.7,1074.4
547,680,0,0.8986,682.1,647.8,873.5,1074.0
547,775,0,0.6057,138.3,228.8,257.5,446.0
547,747,0,0.6424,840.6,230.7,1283.0,1068.9
547,800,0,0.4212,22.3,261.7,136.6,437.4
547,802,0,0.4926,33.3,138.6,137.1,330.5
547,724,0,0.8069,1674.2,310.8,1856.2,772.7
547,806,0,0.7199,1505.0,413.8,1675.7,846.7
547,779,0,0.3589,191.8,48.0,386.9,280.3
547,701,0,0.9113,1271.7,465.9,1604.6,1071.6
548,678,0,0.9573,35.9,409.7,392.7,1070.9
548,718,0,0.9131,398.9,621.1,561.4,1074.0
548,680,0,0.8001,680.6,656.6,868.0,1074.7
548,775,0,0.5937,159.2,227.3,280.8,445.4
548,800,0,0.4107,27.6,260.1,174.0,486.7
548,802,0,0.5228,52.0,136.3,158.4,330.2
548,724,0,0.8023,1700.5,309.4,1882.8,775.1
548,806,0,0.7106,1534.3,413.5,1705.1,846.7
548,701,0,0.8977,1287.7,449.3,1627.8,1071.7
548,611,0,0.627,1102.7,94.3,1215.0,341.9
548,695,0,0.7017,37.4,690.3,189.2,1074.3
548,676,0,0.7512,1160.3,582.2,1365.9,1073.9
548,71,0,0.7464,664.7,49.7,1231.8,1041.7
548,778,0,0.3696,934.8,0.6,1079.2,180.2
549,678,0,0.9573,39.8,421.1,398.7,1070.4
549,718,0,0.9055,407.7,623.0,570.8,1073.5
549,775,0,0.6047,179.3,226.6,302.7,444.4
549,800,0,0.4318,40.1,259.4,202.7,513.5
549,802,0,0.4874,73.6,134.4,182.0,328.6
549,724,0,0.8042,1725.6,307.6,1907.7,774.3
549,806,0,0.7024,1562.3,410.3,1734.5,847.7
549,701,0,0.903,1313.1,442.6,1652.6,1071.5
549,827,0,0.5346,6.7,144.8,56.1,356.0
549,611,0,0.6558,1107.8,92.4,1234.0,339.4
549,695,0,0.8376,28.5,694.6,189.3,1073.6
549,676,0,0.8792,1166.0,583.9,1372.6,1073.9
549,71,0,0.8744,618.1,98.6,1180.1,1058.9
549,778,0,0.345,959.8,0.5,1103.0,176.8
549,779,0,0.3296,233.6,41.7,431.8,278.0
550,678,0,0.9615,44.3,436.7,404.5,1070.6
550,718,0,0.8835,415.0,638.8,574.3,1073.2
550,775,0,0.5807,198.6,225.2,324.5,443.8
550,800,0,0.4971,53.6,258.0,230.1,537.8
550,802,0,0.4497,92.1,132.0,203.5,328.2
550,724,0,0.7933,1747.5,304.6,1920.0,776.3
550,806,0,0.6453,1590.5,408.5,1763.6,849.8
550,701,0,0.848,1367.5,441.8,1716.1,1071.5
550,827,0,0.4751,15.3,146.2,65.2,356.5
550,611,0,0.6477,1123.0,89.3,1259.8,337.4
550,695,0,0.8668,18.9,665.8,198.4,1073.1
550,676,0,0.9027,1161.8,590.5,1371.0,1073.6
550,71,0,0.8736,536.2,119.0,1112.9,1066.4
550,778,0,0.378,981.2,0.6,1125.3,175.9
551,678,0,0.9571,47.5,449.5,411.5,1072.2
551,718,0,0.8884,415.7,641.4,574.6,1073.9
551,775,0,0.5743,217.8,222.9,345.1,440.7
551,800,0,0.62,69.7,257.4,254.4,555.1
551,802,0,0.5925,110.5,129.0,224.9,327.1
551,724,0,0.6214,1766.7,303.4,1920.0,779.8
551,806,0,0.6409,1621.7,406.3,1796.2,853.4
551,701,0,0.8929,1420.8,442.9,1776.5,1071.1
551,827,0,0.6399,24.7,146.1,76.0,355.7
551,611,0,0.5993,1142.8,86.0,1288.1,336.0
551,695,0,0.8022,16.3,659.0,205.4,1072.6
551,676,0,0.91,1154.9,596.6,1366.9,1074.0
551,71,0,0.6921,463.5,128.7,1063.9,1066.0
551,835,0,0.4586,1082.1,303.1,1186.6,529.1
551,747,0,0.4478,711.3,148.6,1185.4,1067.2
552,678,0,0.9274,49.1,456.1,410.5,1056.5
552,718,0,0.733,423.3,642.8,549.6,979.0
552,775,0,0.3224,241.1,220.4,364.3,426.8
552,800,0,0.6948,88.4,254.4,276.0,562.5
552,802,0,0.5699,130.7,125.7,247.4,324.3
552,806,0,0.5864,1650.8,406.2,1825.3,857.6
552,701,0,0.925,1469.1,443.9,1832.8,1071.3
552,827,0,0.7603,33.9,143.8,89.4,359.6
552,611,0,0.5775,1164.8,82.2,1316.2,333.7
552,695,0,0.8286,15.6,657.8,211.3,1072.4
552,676,0,0.9125,1146.7,602.2,1360.9,1074.1
552,71,0,0.8532,335.0,55.2,942.9,991.6
552,835,0,0.3599,1096.3,300.5,1202.7,529.2
552,747,0,0.9142,695.0,141.5,1167.8,1069.5
553,678,0,0.8557,35.9,461.5,403.7,1062.8
553,806,0,0.4281,1686.1,405.5,1857.9,856.5
553,701,0,0.9375,1514.2,444.3,1882.5,1071.1
553,827,0,0.6514,47.5,140.7,107.7,361.6
553,611,0,0.5528,1188.0,78.2,1344.7,332.6
553,676,0,0.8857,1141.4,605.7,1357.5,1073.7
553,71,0,0.7858,237.8,20.4,845.8,939.3
553,835,0,0.3543,1121.1,298.3,1229.6,529.0
553,747,0,0.9207,691.4,143.6,1161.2,1075.3
553,842,0,0.7041,1330.7,623.0,1433.9,948.1
553,844,0,0.5357,929.4,123.1,1113.3,401.1
554,678,0,0.8342,3.8,464.9,368.1,1065.7
554,806,0,0.3501,1726.2,404.4,1894.8,857.3
554,701,0,0.9318,1548.5,446.4,1915.1,1071.0
554,611,0,0.5584,1212.7,75.6,1372.8,329.7
554,676,0,0.9088,1132.4,606.2,1351.7,1073.8
554,835,0,0.3261,1146.4,296.2,1257.0,528.7
554,747,0,0.9291,688.8,151.3,1151.9,1074.1
554,842,0,0.7559,1343.7,623.5,1446.7,945.8
554,844,0,0.4883,936.1,118.3,1131.8,414.1
554,751,0,0.4853,1463.9,849.4,1607.1,1078.2
555,701,0,0.9071,1579.8,450.1,1920.0,1071.3
555,611,0,0.5116,1232.8,74.3,1394.3,329.5
555,676,0,0.9174,1124.2,606.3,1346.0,1074.1
555,835,0,0.3217,1167.6,295.4,1280.1,529.3
555,747,0,0.9392,683.7,157.2,1142.5,1074.1
555,842,0,0.6466,1364.6,624.1,1468.8,947.0
555,844,0,0.3965,955.1,119.3,1163.3,434.8
555,751,0,0.6067,1487.1,849.2,1631.1,1078.6
555,680,0,0.872,677.0,644.5,873.2,1074.5
555,779,0,0.4796,354.7,27.7,558.9,271.6
555,71,0,0.6625,64.6,86.1,669.5,1016.3
556,701,0,0.9188,1610.8,450.5,1920.0,1071.2
556,611,0,0.4866,1253.4,71.9,1415.0,328.1
556,676,0,0.9022,1118.0,601.5,1343.9,1073.8
556,835,0,0.3208,1190.8,294.3,1305.2,529.4
556,747,0,0.9378,681.2,161.8,1137.0,1072.6
556,842,0,0.5848,1388.7,624.5,1495.1,950.1
556,844,0,0.3793,978.4,118.4,1188.9,438.7
556,751,0,0.4791,1517.7,868.0,1653.3,1078.2
556,853,0,0.4851,1345.6,911.8,1473.3,1079.0
556,680,0,0.3415,678.5,642.8,878.4,1073.7
556,779,0,0.411,392.9,23.5,561.8,216.3
556,71,0,0.4051,0.0,31.3,537.3,883.6
556,718,0,0.8478,438.4,631.4,599.6,1066.2
556,775,0,0.5597,322.8,213.0,453.5,430.0
556,802,0,0.4425,227.4,119.1,327.2,282.2
557,701,0,0.8986,1647.2,449.1,1920.0,1071.2
557,611,0,0.4535,1278.8,68.4,1441.3,326.3
557,676,0,0.9261,1113.9,592.5,1345.6,1073.8
557,747,0,0.9375,678.4,160.7,1134.6,1071.7
557,842,0,0.5917,1414.6,624.6,1523.7,953.6
557,844,0,0.3528,1003.6,115.9,1216.3,441.3
557,751,0,0.3878,1539.3,875.3,1681.0,1077.7
557,853,0,0.5087,1366.2,911.1,1494.4,1078.4
557,680,0,0.7831,676.2,640.4,876.8,1072.7
557,779,0,0.4087,399.7,20.9,595.4,245.3
557,71,0,0.8214,0.0,166.8,494.1,1006.6
557,718,0,0.4447,450.6,626.3,621.0,1072.7
557,775,0,0.6942,338.6,209.8,473.9,431.0
557,802,0,0.4684,251.3,115.5,360.4,293.3
557,756,0,0.4224,924.0,180.1,1049.4,422.2
557,780,0,0.5276,1744.7,227.2,1920.0,482.9
558,701,0,0.8655,1689.1,447.7,1920.0,1070.2
558,611,0,0.4875,1305.4,64.1,1468.0,323.5
558,676,0,0.9187,1111.5,583.3,1349.3,1073.6
558,747,0,0.9365,676.7,155.3,1135.8,1071.6
558,842,0,0.5786,1442.1,623.1,1553.7,954.2
558,751,0,0.3587,1558.2,878.8,1706.9,1077.6
558,853,0,0.5413,1393.2,912.8,1520.7,1078.0
558,779,0,0.4427,431.8,15.7,604.9,206.8
558,71,0,0.7507,0.0,182.8,504.6,1049.2
558,718,0,0.7473,445.4,706.5,597.0,1076.2
558,864,0,0.5035,1614.9,622.8,1769.6,868.9
558,756,0,0.4734,933.3,178.3,1067.9,429.2
558,780,0,0.4343,1764.7,226.9,1920.0,494.2
558,835,0,0.3356,1238.9,288.8,1357.7,528.2
559,611,0,0.5072,1335.2,60.2,1499.0,321.8
559,676,0,0.9252,1111.3,576.2,1354.3,1073.3
559,747,0,0.9411,675.8,147.1,1139.2,1072.0
559,842,0,0.5856,1470.5,622.0,1588.7,966.9
559,751,0,0.5864,1575.8,882.7,1730.6,1077.7
559,853,0,0.5481,1420.9,913.5,1549.2,1078.4
559,71,0,0.4171,0.0,71.0,574.0,1055.6
559,864,0,0.5339,1644.9,622.1,1800.4,869.3
559,756,0,0.423,947.2,176.9,1091.4,437.6
559,866,0,0.5017,1332.2,531.7,1473.7,905.0
559,835,0,0.303,1262.4,287.6,1383.7,528.2
559,790,0,0.87,1679.4,513.0,1920.0,1070.6
559,844,0,0.3564,1057.5,111.8,1273.0,444.0
560,611,0,0.5207,1366.3,56.5,1530.7,319.3
560,676,0,0.8768,1119.1,573.0,1367.1,1073.9
560,747,0,0.8757,675.9,143.2,1141.3,1071.4
560,842,0,0.6334,1499.1,622.3,1618.9,965.8
560,751,0,0.4025,1588.9,884.9,1745.6,1078.7
560,853,0,0.4641,1456.2,916.6,1582.8,1078.2
560,71,0,0.5975,27.7,30.6,647.5,1044.1
560,864,0,0.3097,1678.8,621.8,1836.5,872.3
560,756,0,0.5355,961.4,175.4,1123.9,466.6
560,866,0,0.3922,1355.3,531.5,1488.4,880.7
560,844,0,0.3841,1085.5,107.2,1300.7,441.3
560,701,0,0.8431,1735.2,494.6,1920.0,1070.1
561,611,0,0.5929,1395.2,53.4,1560.1,317.1
561,676,0,0.8604,1129.4,573.5,1376.5,1073.6
561,747,0,0.4454,705.3,165.5,1142.7,1063.1
561,842,0,0.6707,1525.0,620.9,1648.4,968.3
561,853,0,0.5622,1470.2,905.9,1606.5,1078.0
561,866,0,0.4682,1374.9,530.2,1507.2,873.4
561,844,0,0.4855,1113.9,102.5,1329.2,439.6
561,871,0,0.6283,11.4,32.3,108.0,265.1
561,701,0,0.6702,1740.8,506.5,1920.0,1068.1
561,678,0,0.8011,0.0,573.7,287.1,1071.3
561,835,0,0.3138,1315.0,283.6,1440.4,526.0
562,611,0,0.6304,1422.9,49.4,1588.8,314.0
562,676,0,0.8214,1137.8,577.2,1381.9,1072.3
562,747,0,0.7142,565.3,59.7,1069.4,1057.1
562,842,0,0.6494,1546.9,619.4,1674.9,973.3
562,853,0,0.521,1489.5,907.5,1626.2,1077.7
562,866,0,0.3342,1390.5,528.2,1526.0,873.3
562,844,0,0.4152,1142.6,97.4,1357.0,436.3
562,871,0,0.5645,20.2,28.3,117.0,259.2
562,701,0,0.6971,1746.7,512.9,1920.0,1068.3
562,874,0,0.4455,133.8,32.1,280.2,265.9
562,678,0,0.4686,0.0,569.2,288.6,1070.6
562,835,0,0.3609,1342.4,280.6,1470.5,522.9
562,756,0,0.6008,984.9,169.5,1165.1,482.6
563,611,0,0.6579,1449.0,45.2,1615.8,310.8
563,676,0,0.4877,1158.1,583.7,1403.4,1069.6
563,747,0,0.392,537.8,17.4,1078.0,1055.8
563,842,0,0.7302,1569.5,618.2,1700.7,973.8
563,853,0,0.6209,1501.7,896.1,1649.2,1077.6
563,866,0,0.5116,1402.6,525.5,1546.5,882.6
563,844,0,0.3725,1155.8,91.6,1372.9,434.4
563,871,0,0.559,36.8,23.1,135.2,254.9
563,701,0,0.7878,1745.7,515.4,1920.0,1069.8
563,874,0,0.5434,151.6,29.6,298.1,263.5
563,678,0,0.8959,0.0,539.1,316.0,1071.8
563,835,0,0.3379,1363.4,277.2,1495.4,521.9
563,876,0,0.7406,214.9,114.9,356.7,342.8
563,755,0,0.3508,1465.6,246.7,1607.7,514.7
563,802,0,0.6989,369.6,96.7,515.0,323.2
564,611,0,0.6707,1474.5,42.9,1642.6,310.1
564,747,0,0.5017,646.3,5.2,1205.8,1053.2
564,842,0,0.7332,1590.8,618.0,1726.1,976.8
564,853,0,0.5282,1519.6,903.0,1663.8,1077.4
564,871,0,0.4258,53.3,21.9,153.5,253.9
564,701,0,0.7979,1743.7,527.3,1920.0,1069.7
564,874,0,0.3865,172.1,27.4,316.4,258.0
564,678,0,0.7762,0.0,502.0,319.6,1067.6
564,835,0,0.3348,1383.9,275.3,1519.3,522.1
564,876,0,0.5877,231.7,113.3,373.4,341.2
564,881,0,0.6992,366.2,225.3,508.0,598.6
564,882,0,0.6284,1832.2,52.1,1920.0,200.4
564,755,0,0.3005,1483.8,246.4,1625.2,515.0
564,802,0,0.476,382.9,95.7,522.4,307.7
564,775,0,0.5016,487.4,191.8,629.8,421.2
564,718,0,0.8884,449.4,639.6,634.0,1075.6
565,611,0,0.6872,1498.4,41.7,1668.5,311.2
565,747,0,0.6461,645.6,130.7,1147.0,1063.0
565,842,0,0.6313,1611.2,619.2,1750.1,978.4
565,871,0,0.4196,69.3,21.8,171.7,254.3
565,701,0,0.7832,1701.2,538.6,1918.0,1071.1
565,874,0,0.4549,190.3,26.9,336.9,261.3
565,678,0,0.9322,0.0,471.3,317.7,1071.9
565,835,0,0.427,1416.8,275.4,1550.6,521.5
565,876,0,0.6436,251.0,111.7,393.8,341.5
565,881,0,0.716,383.9,225.1,525.6,598.1
565,882,0,0.5219,1843.8,52.2,1920.0,200.5
565,755,0,0.4791,1504.0,246.6,1647.8,520.6
565,802,0,0.5501,397.7,95.7,535.9,301.6
565,775,0,0.5226,506.0,191.2,650.0,421.1
565,718,0,0.9226,446.9,637.9,636.5,1075.0
566,611,0,0.5577,1524.2,40.3,1694.0,308.2
566,747,0,0.8927,622.6,180.3,1094.7,1068.0
566,842,0,0.5039,1630.6,618.5,1772.8,983.4
566,871,0,0.3852,88.4,20.4,193.6,253.8
566,701,0,0.8547,1682.7,543.1,1903.4,1071.3
566,874,0,0.3983,209.4,25.5,357.2,261.9
566,678,0,0.6375,0.0,456.1,304.8,1069.2
566,876,0,0.685,271.7,110.4,414.0,339.8
566,881,0,0.7453,405.6,224.3,547.0,596.5
566,755,0,0.3358,1537.5,245.8,1677.3,517.4
566,802,0,0.6254,415.4,93.9,555.2,299.1
566,775,0,0.6112,524.0,189.8,667.0,418.8
566,718,0,0.9126,444.5,641.3,636.7,1074.7
567,747,0,0.8074,652.5,192.7,1125.9,1067.7
567,871,0,0.5191,107.2,17.2,214.8,250.4
567,701,0,0.797,1703.5,541.6,1920.0,1069.1
567,874,0,0.3664,227.5,20.1,377.8,261.0
567,678,0,0.8594,0.0,458.2,288.0,1069.4
567,876,0,0.648,291.6,105.7,434.6,336.5
567,881,0,0.7249,427.2,221.7,567.7,591.3
567,802,0,0.7146,433.9,89.9,575.5,295.3
567,775,0,0.4739,540.2,186.1,680.0,413.1
567,718,0,0.9147,441.5,641.2,636.7,1074.4
567,889,0,0.6506,0.0,583.9,121.7,946.3
567,779,0,0.4421,610.6,0.9,823.4,236.8
568,747,0,0.9388,660.2,189.2,1143.1,1068.8
568,871,0,0.4638,126.4,10.2,236.7,244.0
568,874,0,0.3491,249.3,13.8,399.4,254.6
568,678,0,0.9077,0.0,473.6,264.1,1070.0
568,876,0,0.6006,314.0,99.6,457.3,331.0
568,881,0,0.6904,450.3,215.9,590.6,585.0
568,802,0,0.6031,455.5,84.8,598.3,289.3
568,775,0,0.4301,556.4,180.7,690.3,404.2
568,718,0,0.9058,438.8,639.2,636.6,1074.4
568,779,0,0.4099,639.7,0.9,841.1,220.9
568,676,0,0.7734,1125.9,598.0,1363.2,1072.6
569,747,0,0.9418,666.1,185.3,1158.2,1069.2
569,871,0,0.4588,146.9,4.6,259.5,238.1
569,874,0,0.3409,271.9,7.0,421.3,246.7
569,678,0,0.845,0.0,506.5,233.1,1069.8
569,876,0,0.6084,338.6,91.6,481.6,322.7
569,881,0,0.569,477.2,208.4,613.9,566.2
569,802,0,0.5907,478.5,77.0,624.9,284.7
569,718,0,0.9011,437.9,635.3,638.8,1074.7
569,779,0,0.4688,671.2,0.9,861.9,203.2
569,676,0,0.7856,1116.3,592.5,1327.3,1027.9
570,747,0,0.9344,674.2,184.9,1174.4,1069.7
570,871,0,0.3591,171.4,1.2,285.5,232.2
570,874,0,0.3067,297.6,3.0,446.3,241.4
570,876,0,0.6158,364.6,85.7,507.3,316.6
570,881,0,0.6007,502.7,201.0,641.9,564.6
570,802,0,0.4672,501.5,71.0,654.1,286.3
570,718,0,0.8917,438.7,629.6,643.1,1074.2
570,779,0,0.4608,697.6,0.8,888.2,198.8
570,676,0,0.8598,1116.8,583.3,1339.8,1053.7
570,889,0,0.8236,0.0,579.3,162.5,1063.8
571,747,0,0.9361,689.8,189.6,1194.5,1070.4
571,871,0,0.3802,198.6,0.3,314.6,228.6
571,876,0,0.592,391.7,81.6,535.3,314.9
571,881,0,0.6573,529.0,195.9,670.3,564.6
571,802,0,0.4666,528.5,65.2,685.9,286.3
571,718,0,0.886,438.9,624.3,645.9,1073.3
571,676,0,0.9066,1126.4,572.1,1355.5,1066.3
571,897,0,0.799,1271.5,798.3,1621.1,1074.0
571,889,0,0.8385,5.5,573.8,182.6,1080.0
571,680,0,0.4927,738.1,608.0,920.6,1013.5
571,756,0,0.6763,1173.9,134.3,1395.4,503.4
572,747,0,0.9227,709.4,207.6,1212.1,1070.0
572,871,0,0.3493,226.4,0.0,344.9,226.6
572,876,0,0.5878,421.6,79.5,565.3,313.2
572,881,0,0.6236,553.7,193.0,699.3,575.7
572,802,0,0.4616,560.2,63.1,716.3,280.5
572,718,0,0.8969,444.8,619.8,654.4,1074.1
572,676,0,0.9145,1140.6,563.0,1371.7,1070.6
572,889,0,0.9092,17.4,567.6,200.9,1080.0
572,756,0,0.589,1190.2,132.2,1428.2,518.7
572,779,0,0.3067,750.5,1.2,953.7,210.9
573,747,0,0.9058,726.3,219.1,1230.0,1069.3
573,871,0,0.389,256.1,0.2,376.6,224.9
573,876,0,0.6128,452.1,77.5,595.2,310.4
573,881,0,0.6425,581.2,192.9,726.7,578.7
573,802,0,0.5787,591.1,61.3,745.0,274.1
573,718,0,0.8875,452.5,615.0,664.1,1073.5
573,676,0,0.904,1156.0,555.4,1386.2,1071.9
573,889,0,0.8348,49.2,672.3,205.8,1080.0
573,756,0,0.4696,1204.7,128.1,1463.3,542.2
573,902,0,0.6963,1416.6,620.3,1523.0,835.0
573,779,0,0.3557,779.0,1.2,987.7,216.2
573,842,0,0.5584,1760.7,570.8,1920.0,1061.2
573,678,0,0.7129,0.0,555.7,204.2,982.5
574,747,0,0.93,739.4,222.3,1248.4,1068.7
574,871,0,0.4196,284.6,0.2,406.8,223.5
574,876,0,0.6012,481.3,75.1,625.1,309.3
574,881,0,0.6621,608.5,192.6,752.5,578.6
574,802,0,0.5538,620.0,59.0,773.3,269.6
574,718,0,0.8923,460.7,610.9,674.1,1073.0
574,676,0,0.8605,1171.0,551.3,1397.5,1072.6
574,889,0,0.814,60.2,714.4,208.5,1080.0
574,756,0,0.6233,1245.3,124.6,1496.9,522.9
574,902,0,0.6846,1447.9,619.6,1549.6,824.2
574,779,0,0.356,808.5,1.3,1017.0,214.9
574,910,0,0.7312,6.8,300.3,92.5,538.4
574,678,0,0.5073,4.5,559.6,201.3,951.2
574,755,0,0.564,1684.3,242.0,1825.6,494.1
574,680,0,0.3707,746.4,593.8,956.4,1059.4
575,747,0,0.9263,752.6,224.4,1268.5,1069.0
575,871,0,0.4003,309.1,0.4,432.0,220.6
575,876,0,0.6484,506.8,71.4,651.6,307.1
575,881,0,0.6411,633.9,189.5,775.7,574.3
575,802,0,0.5394,646.0,55.7,799.8,265.8
575,718,0,0.889,465.8,606.3,680.9,1072.7
575,676,0,0.7363,1189.6,552.8,1408.8,1073.3
575,889,0,0.7601,48.9,708.7,204.9,1078.6
575,756,0,0.6627,1265.3,121.2,1525.5,528.9
575,902,0,0.6513,1475.5,616.6,1577.4,820.7
575,910,0,0.7235,15.9,291.4,104.8,536.2
575,678,0,0.3539,8.4,557.4,201.3,938.3
575,916,0,0.587,1523.2,684.8,1699.9,975.9
575,918,0,0.3995,1783.8,9.6,1920.0,272.2
575,755,0,0.4762,1707.1,239.0,1853.8,490.6
575,680,0,0.8704,745.6,590.5,964.7,1068.5
575,701,0,0.8775,1625.4,502.9,1870.8,1069.8
576,747,0,0.933,764.8,222.4,1290.2,1069.1
576,871,0,0.4402,329.7,0.9,452.6,215.6
576,876,0,0.6532,528.4,65.4,673.9,302.3
576,881,0,0.615,655.7,184.2,794.9,566.6
576,802,0,0.5793,667.4,50.9,820.9,259.6
576,718,0,0.8404,466.6,599.2,684.4,1072.7
576,676,0,0.5198,1209.1,560.3,1418.2,1074.0
576,889,0,0.8526,27.4,695.5,190.8,1077.4
576,756,0,0.6568,1294.3,117.0,1552.8,520.8
576,902,0,0.6417,1498.0,610.4,1601.5,817.0
576,910,0,0.5648,26.3,284.8,116.2,527.8
576,916,0,0.3355,1533.2,679.0,1696.8,949.8
576,918,0,0.327,1798.2,15.0,1920.0,266.5
576,755,0,0.4547,1724.0,233.7,1875.5,485.0
576,680,0,0.8413,737.0,587.6,962.1,1070.6
576,924,0,0.6068,183.6,916.8,337.5,1079.2
576,926,0,0.4511,367.5,915.9,488.6,1077.9
576,701,0,0.888,1595.9,502.6,1854.1,1071.9
577,747,0,0.9424,770.0,210.9,1310.0,1069.5
577,876,0,0.6175,546.6,57.2,689.7,290.1
577,881,0,0.5365,673.7,175.6,811.7,559.0
577,802,0,0.5641,684.8,41.6,840.0,250.9
577,718,0,0.8336,464.5,589.1,686.3,1072.6
577,756,0,0.5954,1312.8,108.9,1573.7,514.4
577,902,0,0.6848,1518.9,601.4,1622.8,807.7
577,910,0,0.7026,32.9,272.2,127.2,520.0
577,918,0,0.4002,1819.7,41.2,1920.0,255.3
577,755,0,0.4373,1728.5,224.1,1906.5,521.2
577,680,0,0.4925,722.9,584.1,953.1,1064.7
577,924,0,0.6719,181.4,910.1,340.1,1078.2
577,926,0,0.3555,377.1,909.6,502.3,1077.1
577,701,0,0.8864,1566.5,502.5,1837.8,1072.0
577,928,0,0.5837,300.8,902.6,401.0,1077.2
577,678,0,0.8824,0.0,540.1,230.5,1045.2
578,747,0,0.9547,768.8,196.7,1324.4,1069.9
578,876,0,0.6847,556.5,45.7,702.7,284.5
578,881,0,0.5358,686.5,165.4,823.3,549.5
578,802,0,0.5161,695.8,30.7,853.8,242.5
578,718,0,0.6202,447.9,579.2,669.5,1070.2
578,756,0,0.657,1334.8,98.5,1589.9,493.3
578,902,0,0.5526,1525.8,592.4,1629.4,798.7
578,910,0,0.5957,37.4,263.5,134.9,510.6
578,918,0,0.3611,1831.3,47.8,1920.0,248.9
578,755,0,0.4766,1747.5,214.1,1914.9,487.2
578,680,0,0.7651,649.6,580.3,903.6,1064.8
578,924,0,0.7077,179.7,900.5,345.0,1076.3
578,926,0,0.425,389.1,900.7,521.0,1078.1
578,701,0,0.9006,1527.5,501.3,1808.1,1070.8
578,928,0,0.6359,307.4,894.0,411.6,1075.9
578,934,0,0.4385,3.7,195.1,152.0,371.9
578,678,0,0.9005,0.0,529.4,233.3,1067.0
579,747,0,0.9529,763.9,184.8,1332.5,1069.8
579,876,0,0.6555,561.5,36.5,707.1,274.5
579,881,0,0.5397,691.7,155.3,827.9,541.7
579,802,0,0.5245,700.7,21.0,858.6,231.3
579,756,0,0.7044,1347.6,87.2,1595.8,469.5
579,910,0,0.508,31.0,256.0,144.3,536.2
579,918,0,0.5042,1837.1,50.3,1920.0,244.9
579,755,0,0.4996,1755.2,205.1,1918.4,467.1
579,680,0,0.6309,585.4,577.4,856.5,1065.5
579,924,0,0.5691,173.6,892.2,345.2,1075.7
579,701,0,0.8698,1483.4,497.7,1770.5,1070.8
579,928,0,0.4246,308.5,885.9,416.4,1074.7
579,934,0,0.4654,3.0,184.9,155.0,366.1
579,678,0,0.9259,0.0,520.0,229.1,1075.4
579,937,0,0.6759,1805.8,710.1,1910.7,854.7
579,938,0,0.5365,473.4,573.0,602.4,759.0
579,939,0,0.4793,1312.6,97.0,1443.5,326.2
579,751,0,0.3245,1761.3,856.8,1920.0,1076.7
579,874,0,0.3171,500.3,0.4,620.3,184.6
580,747,0,0.9496,755.3,175.9,1333.8,1068.5
580,876,0,0.6285,560.7,31.0,705.5,267.9
580,881,0,0.4151,690.5,149.0,825.5,536.8
580,802,0,0.576,698.4,13.8,858.7,226.2
580,756,0,0.7084,1352.0,81.3,1596.7,456.1
580,910,0,0.4597,32.3,249.0,142.3,510.8
580,918,0,0.4948,1841.9,51.5,1920.0,233.2
580,755,0,0.5152,1756.3,198.8,1919.6,457.5
580,680,0,0.7125,560.9,576.2,837.5,1069.1
580,924,0,0.3754,182.7,888.3,362.1,1077.4
580,701,0,0.8662,1441.3,489.6,1733.3,1070.0
580,928,0,0.3712,306.9,881.3,417.1,1074.5
580,934,0,0.508,1.0,179.8,153.9,362.0
580,678,0,0.9271,0.0,515.2,218.9,1078.6
580,937,0,0.6081,1790.9,704.0,1901.9,855.8
580,938,0,0.3729,446.6,571.6,577.0,759.9
580,939,0,0.4903,1311.0,92.7,1446.3,329.5
580,940,0,0.7268,779.4,617.4,919.3,1071.5
580,942,0,0.4157,837.6,106.3,981.2,255.3
580,751,0,0.7281,1752.4,854.9,1920.0,1077.2
580,844,0,0.3492,1546.4,4.5,1768.6,365.1
581,747,0,0.9496,746.5,169.7,1334.1,1069.6
581,876,0,0.6593,558.7,27.9,702.5,263.3
581,881,0,0.4075,688.1,145.5,822.8,537.1
581,802,0,0.6071,695.7,10.6,857.2,224.0
581,756,0,0.6548,1345.1,76.6,1601.4,469.5
581,910,0,0.633,30.1,244.2,141.6,500.3
581,918,0,0.4703,1844.7,52.5,1920.0,225.2
581,755,0,0.5119,1754.9,194.7,1919.9,453.4
581,680,0,0.7883,548.0,574.1,823.7,1068.9
581,924,0,0.3063,184.6,883.2,371.4,1076.5
581,701,0,0.8013,1412.0,481.3,1706.8,1070.0
581,934,0,0.5328,0.0,175.3,152.8,359.5
581,678,0,0.9184,0.0,513.0,206.2,1079.5
581,937,0,0.6412,1771.6,698.3,1892.1,861.0
581,938,0,0.518,422.8,573.7,552.4,761.3
581,939,0,0.433,1309.6,89.6,1448.1,331.8
581,940,0,0.7997,750.3,617.2,890.0,1068.4
581,942,0,0.3298,832.1,102.0,985.8,261.9
581,751,0,0.7536,1735.5,843.4,1920.0,1077.3
582,747,0,0.9573,738.5,163.4,1333.4,1069.3
582,876,0,0.6619,556.7,26.8,700.6,262.8
582,881,0,0.4227,686.4,143.9,820.3,537.5
582,802,0,0.6054,694.2,9.7,855.4,221.8
582,756,0,0.7268,1349.5,74.4,1598.7,454.3
582,910,0,0.7334,26.9,242.2,142.0,498.1
582,918,0,0.4535,1845.9,54.2,1920.0,223.9
582,755,0,0.5004,1754.5,193.6,1920.0,452.1
582,680,0,0.5648,535.7,570.6,774.0,992.2
582,924,0,0.5111,179.3,882.0,370.6,1077.1
582,701,0,0.8871,1384.5,471.9,1678.8,1069.4
582,934,0,0.49,0.0,174.6,151.2,358.2
582,678,0,0.9151,0.0,513.1,192.9,1079.8
582,937,0,0.5539,1751.8,692.9,1882.5,865.3
582,938,0,0.3174,410.4,578.0,537.7,761.5
582,939,0,0.3393,1309.1,88.6,1446.8,329.3
582,940,0,0.8736,717.2,616.0,859.1,1071.1
582,942,0,0.3135,829.8,100.3,987.1,264.7
582,751,0,0.7572,1714.3,841.2,1909.4,1077.0
582,943,0,0.3584,1851.1,462.4,1919.2,660.9
583,747,0,0.9572,728.5,157.6,1329.9,1069.3
583,876,0,0.6402,554.1,26.5,697.7,262.4
583,881,0,0.5,684.2,144.1,816.6,535.8
583,802,0,0.5913,691.2,9.2,852.9,221.0
583,756,0,0.7006,1350.2,74.5,1595.9,447.1
583,910,0,0.7926,23.3,243.2,141.7,499.1
583,918,0,0.4463,1847.0,56.6,1920.0,223.9
583,755,0,0.4748,1753.1,193.8,1920.0,452.8
583,680,0,0.5651,511.6,566.2,722.0,928.2
583,924,0,0.5711,162.4,885.8,349.4,1076.3
583,701,0,0.8938,1353.1,461.7,1646.7,1069.8
583,934,0,0.302,0.0,175.9,150.4,360.6
583,678,0,0.8854,0.0,515.9,178.0,1078.2
583,937,0,0.5219,1728.8,684.2,1874.8,871.2
583,939,0,0.3521,1309.1,89.0,1445.3,326.9
583,940,0,0.8742,686.2,614.8,830.1,1071.4
583,751,0,0.7561,1717.3,847.7,1910.7,1076.6
583,943,0,0.3393,1851.6,463.3,1920.0,663.5
583,944,0,0.4975,1620.7,648.6,1806.0,1058.8
583,945,0,0.4381,1753.1,574.7,1920.0,783.2
583,946,0,0.3832,863.8,762.1,1007.5,1076.1
583,718,32,0.9379,529.6,810.1,662.4,1062.0
584,747,0,0.9594,716.6,150.3,1323.9,1069.3
584,876,0,0.6395,549.9,26.6,695.2,265.3
584,881,0,0.3996,681.2,142.2,814.0,537.8
584,802,0,0.5784,686.9,9.6,849.7,222.2
584,756,0,0.6406,1343.5,74.9,1596.7,458.3
584,910,0,0.5538,19.5,243.9,139.9,498.1
584,918,0,0.4587,1846.5,57.3,1920.0,226.0
584,755,0,0.5487,1751.3,194.4,1920.0,454.3
584,680,0,0.5713,475.5,560.0,681.6,907.2
584,924,0,0.442,162.9,883.3,355.7,1077.2
584,701,0,0.8938,1317.1,454.3,1609.2,1071.6
584,934,0,0.343,0.0,176.6,149.2,365.0
584,678,0,0.8526,0.0,520.2,159.1,1077.7
584,937,0,0.5504,1711.2,689.1,1863.7,875.8
584,939,0,0.3267,1309.8,89.7,1441.7,318.9
584,940,0,0.8846,656.9,612.5,803.5,1071.7
584,751,0,0.7038,1719.9,856.8,1909.8,1076.5
584,944,0,0.418,1613.8,650.5,1778.0,1011.8
584,945,0,0.4057,1751.8,577.7,1920.0,787.8
585,747,0,0.952,707.2,147.5,1316.2,1068.4
585,876,0,0.4792,549.0,26.4,694.8,264.2
585,802,0,0.4903,684.1,10.2,847.1,222.1
585,756,0,0.6585,1340.5,74.8,1594.1,457.9
585,910,0,0.4845,7.8,245.9,147.6,540.6
585,918,0,0.4987,1846.6,58.1,1920.0,226.0
585,755,0,0.5791,1750.0,195.6,1919.8,454.8
585,680,0,0.5349,408.6,554.9,678.1,1016.5
585,924,0,0.5035,146.9,890.1,332.0,1077.3
585,701,0,0.8717,1281.2,452.7,1570.6,1071.4
585,934,0,0.3554,0.0,176.4,147.2,365.7
585,678,0,0.7678,0.0,525.3,139.8,1076.6
585,939,0,0.3113,1306.4,90.1,1441.4,324.4
585,940,0,0.8938,632.5,609.8,782.3,1071.9
585,751,0,0.5541,1718.7,863.0,1907.1,1076.4
585,944,0,0.3571,1611.5,652.9,1770.9,999.9
585,945,0,0.3135,1751.4,580.4,1920.0,793.3
585,948,0,0.5218,1537.4,904.2,1701.0,1077.0
585,951,0,0.4699,1547.6,583.1,1625.1,792.1
585,946,0,0.6877,798.3,580.1,1022.1,1070.3
585,718,32,0.9257,488.1,842.0,622.7,1069.0
586,747,0,0.9562,707.6,142.8,1322.8,1068.6
586,876,0,0.6373,543.7,26.5,690.2,265.3
586,802,0,0.4328,680.4,9.7,845.2,223.0
586,756,0,0.6294,1332.1,74.6,1599.6,481.5
586,910,0,0.5921,2.8,247.3,149.1,555.8
586,918,0,0.5344,1846.8,58.4,1920.0,226.7
586,755,0,0.5927,1748.7,195.8,1919.6,455.0
586,680,0,0.4505,366.8,554.2,653.0,1048.8
586,701,0,0.8865,1249.4,454.2,1536.0,1071.3
586,934,0,0.3547,0.0,177.1,144.0,365.3
586,939,0,0.3314,1306.1,89.6,1440.3,321.6
586,940,0,0.8977,608.0,606.1,761.5,1072.5
586,751,0,0.3816,1716.7,864.3,1907.8,1077.1
586,944,0,0.6564,1641.2,589.2,1850.7,1038.3
586,948,0,0.6056,1536.6,904.4,1700.5,1077.1
586,951,0,0.5185,1540.8,583.7,1618.3,790.5
586,946,0,0.7215,776.0,535.3,1019.3,1070.2
586,718,32,0.9731,464.8,862.8,605.4,1076.9
587,747,0,0.951,712.9,140.0,1336.6,1069.2
587,876,0,0.6039,539.7,24.7,689.5,267.7
587,802,0,0.3004,676.1,8.6,842.0,222.4
587,756,0,0.5892,1327.6,72.5,1598.4,486.1
587,910,0,0.6095,0.0,245.9,147.6,561.2
587,918,0,0.5068,1845.8,56.9,1920.0,226.7
587,755,0,0.5311,1746.1,194.1,1918.6,454.0
587,680,0,0.5057,342.8,556.7,639.0,1059.0
587,701,0,0.9052,1221.1,456.8,1504.5,1071.6
587,934,0,0.3931,0.0,176.2,140.3,364.2
587,940,0,0.9031,584.3,601.8,741.5,1072.4
587,944,0,0.8839,1628.2,569.8,1862.8,1060.7
587,948,0,0.717,1527.7,904.0,1692.0,1076.7
587,951,0,0.4778,1535.8,582.7,1613.7,787.5
587,946,0,0.8154,755.5,504.8,1010.9,1071.1
587,718,32,0.7034,443.4,896.5,579.4,1080.0
587,942,0,0.3691,813.6,98.6,984.8,281.2
588,747,0,0.9518,715.5,141.2,1348.0,1070.3
588,876,0,0.6706,539.2,23.6,693.1,269.6
588,802,0,0.4197,681.8,7.5,829.1,192.7
588,756,0,0.6553,1322.7,72.0,1592.0,483.6
588,910,0,0.5689,0.0,244.0,145.0,564.2
588,918,0,0.4908,1843.2,53.1,1920.0,227.1
588,755,0,0.5603,1743.0,193.3,1917.1,453.6
588,680,0,0.6664,303.8,563.5,586.2,1040.1
588,701,0,0.7654,1203.3,461.0,1481.5,1071.2
588,940,0,0.8938,557.3,598.5,718.5,1072.5
588,944,0,0.9282,1606.8,565.0,1856.6,1069.6
588,948,0,0.7556,1521.5,903.4,1686.2,1075.9
588,951,0,0.5759,1533.6,582.3,1609.6,777.2
588,946,0,0.8488,728.7,491.9,989.4,1072.3
588,942,0,0.4714,809.7,98.8,979.4,283.7
589,747,0,0.9504,708.5,147.4,1346.3,1070.7
589,876,0,0.6199,528.0,23.2,681.4,268.4
589,802,0,0.4605,668.9,7.4,831.4,210.3
589,756,0,0.6575,1318.0,72.1,1586.7,483.3
589,910,0,0.4716,0.0,243.8,140.5,564.4
589,918,0,0.514,1840.2,51.3,1920.0,231.1
589,755,0,0.56,1739.6,192.5,1915.9,453.9
589,680,0,0.8319,259.2,570.5,543.7,1050.1
589,940,0,0.8734,527.2,597.5,692.7,1072.3
589,944,0,0.9372,1584.3,565.2,1846.2,1071.6
589,948,0,0.7331,1519.3,905.0,1683.5,1075.8
589,951,0,0.532,1539.7,583.1,1618.6,783.2
589,946,0,0.8729,707.8,490.0,968.1,1072.1
589,942,0,0.3816,805.9,99.2,975.9,288.9
589,939,0,0.3369,1290.7,86.0,1432.2,330.3
590,747,0,0.9529,702.6,152.5,1345.8,1070.0
590,876,0,0.6595,527.2,23.5,682.2,268.5
590,802,0,0.4605,668.7,7.3,825.4,200.1
590,756,0,0.6574,1321.7,71.3,1583.5,471.3
590,910,0,0.4892,0.0,245.1,137.1,565.3
590,918,0,0.4743,1837.8,50.6,1920.0,240.0
590,755,0,0.555,1737.4,192.4,1915.7,454.9
590,680,0,0.8203,213.4,579.8,503.3,1067.2
590,940,0,0.9009,496.8,597.4,667.5,1071.8
590,944,0,0.9581,1558.5,566.0,1834.7,1073.2
590,948,0,0.7804,1518.3,907.2,1683.3,1077.2
590,951,0,0.6837,1530.4,583.8,1613.6,790.3
590,946,0,0.8713,690.4,494.8,948.0,1071.6
590,942,0,0.421,803.3,99.0,973.2,293.4
590,958,0,0.3834,1541.2,2.1,1757.4,365.9
590,939,0,0.3996,1288.4,85.9,1430.8,331.0
591,747,0,0.9483,693.5,158.7,1341.0,1069.4
591,876,0,0.5812,521.7,21.8,677.2,267.2
591,802,0,0.5055,662.8,6.9,824.1,204.0
591,756,0,0.666,1324.0,70.7,1580.9,462.1
591,910,0,0.4459,0.0,245.9,126.7,523.1
591,918,0,0.5184,1839.7,50.7,1920.0,231.6
591,755,0,0.593,1736.7,192.1,1916.2,454.8
591,680,0,0.8283,172.9,584.6,465.1,1072.5
591,940,0,0.9249,470.5,597.4,646.9,1072.0
591,944,0,0.9502,1531.2,564.2,1824.6,1073.1
591,948,0,0.7505,1514.2,907.9,1680.2,1077.7
591,951,0,0.7446,1524.4,583.8,1611.0,793.5
591,946,0,0.8959,669.3,502.0,923.8,1072.2
591,942,0,0.4228,800.0,97.0,970.5,296.6
591,958,0,0.3484,1542.2,1.8,1757.9,364.9
591,943,0,0.3258,1844.5,465.6,1910.1,651.4
592,747,0,0.9535,677.6,160.7,1329.7,1068.4
592,876,0,0.5732,520.0,19.7,675.6,264.7
592,802,0,0.4567,662.4,5.8,822.9,199.7
592,756,0,0.6853,1327.9,68.8,1580.5,452.3
592,910,0,0.5246,0.0,245.5,131.0,548.7
592,918,0,0.5049,1841.5,50.6,1920.0,226.4
592,755,0,0.5649,1736.3,190.6,1917.4,454.5
592,680,0,0.8792,137.6,582.8,432.0,1073.8
592,940,0,0.9292,449.0,596.2,631.4,1072.2
592,944,0,0.9582,1502.5,559.8,1816.8,1073.5
592,948,0,0.7651,1503.9,907.7,1670.2,1078.2
592,951,0,0.7241,1523.4,582.2,1612.7,793.0
592,946,0,0.8976,645.7,510.2,897.1,1072.5
592,942,0,0.3717,797.4,94.4,969.9,300.6
592,958,0,0.3561,1544.2,1.6,1759.0,363.0
593,747,0,0.9567,666.8,164.5,1321.9,1068.1
593,876,0,0.6341,518.1,18.1,673.6,263.6
593,802,0,0.4314,662.4,4.6,822.0,195.3
593,756,0,0.6077,1325.9,66.4,1580.8,451.3
593,910,0,0.5979,0.0,243.9,132.1,554.8
593,918,0,0.3554,1843.7,51.2,1920.0,225.3
593,755,0,0.5499,1737.0,189.0,1919.1,454.1
593,680,0,0.8526,105.9,579.9,401.4,1073.0
593,940,0,0.9125,430.8,596.9,618.4,1072.8
593,944,0,0.9584,1472.3,555.2,1808.2,1073.9
593,948,0,0.7298,1496.5,910.2,1657.9,1078.1
593,951,0,0.7478,1526.0,580.5,1618.9,793.6
593,946,0,0.8779,624.2,516.7,874.7,1072.8
593,958,0,0.3723,1548.5,1.6,1761.7,360.7
594,747,0,0.9579,654.3,160.1,1317.1,1068.0
594,876,0,0.6488,525.4,15.9,683.0,262.1
594,756,0,0.6902,1332.6,66.3,1585.0,445.7
594,910,0,0.4971,0.0,243.3,133.7,559.2
594,918,0,0.3366,1846.6,55.9,1920.0,226.5
594,755,0,0.5115,1739.2,188.9,1920.0,454.1
594,680,0,0.8533,73.6,576.5,370.4,1073.7
594,940,0,0.9205,415.6,598.1,607.5,1072.9
594,944,0,0.9617,1439.7,551.6,1796.4,1073.9
594,948,0,0.5395,1490.1,912.4,1645.6,1078.3
594,951,0,0.7674,1526.9,579.8,1620.7,790.9
594,946,0,0.8343,603.1,523.0,853.6,1072.6
594,958,0,0.384,1553.9,1.6,1767.0,360.7
595,747,0,0.9616,642.5,150.6,1315.1,1067.9
595,876,0,0.6093,529.1,16.4,687.1,262.8
595,756,0,0.7258,1340.5,65.0,1593.9,444.4
595,910,0,0.4737,3.4,243.0,128.7,519.8
595,918,0,0.3156,1855.0,72.1,1920.0,223.2
595,755,0,0.4638,1743.7,189.9,1920.0,453.5
595,680,0,0.8467,41.6,574.1,337.7,1073.2
595,940,0,0.9245,403.2,601.3,598.3,1073.5
595,944,0,0.9585,1412.2,550.0,1788.4,1074.0
595,951,0,0.6182,1526.2,581.3,1617.3,785.8
595,946,0,0.8471,586.6,528.2,839.2,1072.5
595,958,0,0.3906,1560.3,1.8,1773.5,360.8
595,945,0,0.3368,1740.1,578.6,1920.0,847.1
596,747,0,0.9555,631.5,141.5,1312.1,1067.7
596,876,0,0.6071,534.0,16.1,691.4,262.7
596,756,0,0.7455,1350.6,65.3,1604.9,445.0
596,910,0,0.4845,10.4,242.3,131.5,503.4
596,755,0,0.5411,1749.6,189.8,1920.0,454.7
596,680,0,0.7686,15.0,567.5,308.1,1066.0
596,940,0,0.9043,392.6,604.9,590.2,1073.7
596,944,0,0.9592,1389.5,551.1,1782.6,1074.1
596,946,0,0.8488,584.0,531.4,836.0,1073.2
596,958,0,0.4587,1571.4,1.7,1784.1,361.5
596,934,0,0.3032,0.0,170.2,142.0,364.8
596,942,0,0.6826,706.7,15.7,955.6,306.2
597,747,0,0.9604,618.0,133.0,1304.2,1068.0
597,876,0,0.6227,541.0,14.0,698.0,261.6
597,756,0,0.673,1360.5,62.9,1617.3,445.1
597,910,0,0.5021,14.1,239.5,137.2,497.9
597,755,0,0.4115,1744.1,188.5,1920.0,496.7
597,680,0,0.9073,0.0,561.7,281.6,1069.1
597,940,0,0.9174,380.8,608.1,581.4,1074.7
597,944,0,0.9639,1367.7,553.6,1775.4,1073.3
597,946,0,0.9025,557.0,531.1,813.8,1073.2
597,958,0,0.3536,1583.3,1.8,1795.0,360.0
597,942,0,0.5582,701.7,5.5,963.3,305.2
598,747,0,0.96,604.7,129.1,1290.9,1067.9
598,876,0,0.6333,551.1,10.0,709.4,261.8
598,756,0,0.7039,1375.2,62.6,1631.5,443.2
598,910,0,0.4698,18.2,237.8,145.1,495.3
598,755,0,0.4906,1761.2,187.4,1920.0,471.0
598,680,0,0.9033,0.0,559.9,261.2,1071.1
598,940,0,0.8958,366.4,611.3,570.2,1074.3
598,944,0,0.9598,1347.0,557.3,1768.6,1073.1
598,946,0,0.9318,539.3,529.0,801.8,1073.5
598,958,0,0.3908,1596.6,2.1,1806.3,358.5
598,942,0,0.5681,706.1,1.3,976.2,305.7
598,963,0,0.3964,1334.8,76.8,1483.6,331.3
598,934,0,0.439,0.0,166.7,150.1,358.9
599,747,0,0.9545,594.3,132.5,1273.8,1068.9
599,876,0,0.4935,566.3,9.5,723.3,260.6
599,756,0,0.7103,1390.3,61.3,1648.6,443.6
599,910,0,0.5679,13.5,239.4,163.5,539.5
599,755,0,0.4575,1774.8,183.0,1920.0,459.0
599,680,0,0.9025,0.0,559.8,248.1,1070.8
599,940,0,0.9094,357.0,615.5,562.8,1073.3
599,944,0,0.962,1326.6,562.4,1760.5,1072.8
599,946,0,0.9142,527.9,525.0,795.9,1073.2
599,958,0,0.3974,1617.3,2.0,1826.3,357.7
599,934,0,0.3014,3.8,166.4,158.7,360.5
599,802,0,0.5211,716.8,1.2,874.0,186.0
600,747,0,0.9479,584.6,140.3,1253.3,1068.9
600,876,0,0.3218,592.4,8.3,733.6,230.6
600,756,0,0.6806,1408.4,61.0,1668.1,444.3
600,910,0,0.6408,24.2,240.1,168.4,514.5
600,680,0,0.9141,0.0,566.9,237.7,1071.7
600,940,0,0.9122,350.7,620.7,557.8,1073.1
600,944,0,0.9613,1306.6,569.0,1750.8,1073.0
600,946,0,0.9198,521.7,521.3,794.9,1073.1
600,958,0,0.361,1637.1,2.1,1845.6,357.4
600,934,0,0.4762,6.7,166.6,170.4,369.2
600,968,0,0.4955,859.5,87.2,1031.0,324.8
600,802,0,0.3878,728.8,1.6,897.2,200.5
601,747,0,0.9427,578.1,157.0,1231.1,1069.1
601,876,0,0.5409,616.0,8.2,750.0,214.9
601,756,0,0.5804,1426.5,59.0,1688.1,444.3
601,910,0,0.4279,33.1,240.1,178.9,503.3
601,680,0,0.9153,0.0,574.2,230.8,1071.2
601,940,0,0.8911,340.2,626.0,549.1,1073.7
601,944,0,0.9613,1291.4,574.9,1745.3,1072.8
601,946,0,0.9245,519.3,518.7,796.2,1072.2
601,934,0,0.4204,12.1,166.5,185.8,378.5
601,968,0,0.3795,870.7,87.8,1054.5,342.9
601,802,0,0.3459,745.8,1.5,913.7,199.6
601,969,0,0.5898,1647.7,582.9,1748.4,717.5
601,971,0,0.4376,1720.2,653.2,1917.8,1014.1
602,747,0,0.9447,583.9,170.0,1227.9,1070.7
602,876,0,0.63,637.1,8.2,767.7,205.6
602,756,0,0.6017,1446.3,59.1,1710.0,446.7
602,910,0,0.4698,35.8,239.7,207.0,542.1
602,680,0,0.9245,0.0,583.3,226.8,1072.2
602,940,0,0.9066,332.8,629.2,544.5,1073.9
602,944,0,0.9637,1276.4,581.2,1738.5,1072.7
602,946,0,0.927,519.6,518.3,799.1,1072.1
602,934,0,0.624,26.2,165.3,202.9,378.1
602,968,0,0.4703,883.0,88.0,1086.7,372.1
602,802,0,0.4969,763.9,1.9,933.9,203.1
602,971,0,0.4593,1740.1,654.9,1914.7,973.5
603,747,0,0.933,594.4,183.4,1231.8,1073.2
603,876,0,0.5901,656.2,7.7,789.4,206.8
603,756,0,0.5883,1469.5,60.1,1732.9,446.5
603,910,0,0.5799,48.6,240.3,231.0,556.6
603,680,0,0.9139,0.0,590.5,224.4,1072.7
603,940,0,0.9071,326.0,630.2,540.6,1074.2
603,944,0,0.9605,1260.9,584.3,1732.3,1072.6
603,946,0,0.9165,522.0,521.1,802.5,1072.4
603,934,0,0.5203,42.7,165.5,223.9,381.2
603,968,0,0.3596,898.8,87.8,1123.7,403.9
603,802,0,0.3667,782.6,1.7,957.1,208.7
603,971,0,0.5333,1745.8,655.7,1915.0,964.0
603,974,0,0.6795,1684.8,584.5,1796.4,799.8
603,975,0,0.4584,811.7,130.9,937.1,317.5
604,747,0,0.9361,604.5,190.6,1238.8,1072.1
604,876,0,0.6282,680.6,5.7,823.6,216.0
604,756,0,0.5756,1494.3,59.6,1757.5,445.3
604,910,0,0.5539,65.9,240.4,255.4,563.9
604,680,0,0.9145,0.0,599.5,225.8,1072.7
604,940,0,0.9309,320.3,628.8,538.9,1073.7
604,944,0,0.9599,1246.7,584.2,1729.0,1072.8
604,946,0,0.925,525.2,522.3,807.1,1072.5
604,968,0,0.4791,920.5,87.9,1143.7,404.3
604,802,0,0.3629,807.0,1.7,981.3,208.3
604,971,0,0.7201,1755.3,656.0,1920.0,962.5
604,974,0,0.6153,1701.7,584.5,1813.4,800.1
604,975,0,0.5584,823.7,130.4,955.0,325.5
604,976,0,0.5455,807.1,585.8,921.6,1073.8
605,747,0,0.9325,611.2,192.0,1247.2,1069.6
605,876,0,0.6725,693.2,4.0,844.2,227.0
605,756,0,0.6185,1516.4,54.5,1781.8,443.5
605,910,0,0.5746,83.7,239.3,276.6,563.7
605,680,0,0.9221,0.0,602.8,232.3,1072.5
605,940,0,0.9174,314.2,624.4,537.8,1073.9
605,944,0,0.9426,1240.8,579.7,1733.4,1073.0
605,946,0,0.9211,524.3,524.5,805.1,1072.1
605,968,0,0.4528,942.9,84.9,1169.0,408.7
605,802,0,0.5188,826.4,1.6,1003.0,211.8
605,971,0,0.7077,1767.6,657.0,1920.0,959.4
605,974,0,0.6586,1719.8,583.1,1833.5,801.4
605,975,0,0.6194,840.0,128.5,974.1,326.9
605,976,0,0.6173,801.7,513.7,932.9,1069.6
606,747,0,0.9406,617.0,193.7,1258.0,1068.9
606,876,0,0.6864,709.6,3.5,865.8,235.7
606,756,0,0.718,1538.7,49.4,1805.3,440.3
606,910,0,0.4985,102.0,237.4,298.1,562.5
606,680,0,0.883,0.0,603.8,242.4,1073.3
606,940,0,0.9226,308.1,619.0,536.1,1074.3
606,944,0,0.9485,1233.6,573.9,1732.8,1073.0
606,946,0,0.9186,525.7,526.7,805.9,1072.7
606,968,0,0.5001,961.5,81.2,1193.4,418.2
606,802,0,0.4524,847.6,1.9,1022.1,210.3
606,971,0,0.6461,1778.2,654.3,1920.0,964.5
606,974,0,0.6732,1739.5,579.7,1854.3,799.7
606,975,0,0.7011,860.7,126.0,996.9,326.8
606,976,0,0.7264,795.0,483.9,934.7,1069.3
606,751,0,0.7081,1748.5,913.3,1902.7,1077.5
606,958,0,0.3984,1746.6,2.8,1920.0,351.6
607,747,0,0.9507,621.5,191.6,1271.2,1068.6
607,876,0,0.7312,728.6,2.2,887.2,239.6
607,756,0,0.6215,1560.5,45.5,1829.6,440.3
607,910,0,0.6533,121.5,236.0,320.2,561.5
607,680,0,0.872,0.0,566.7,260.1,1072.9
607,940,0,0.9226,302.7,614.0,534.3,1074.3
607,944,0,0.9348,1235.8,568.0,1736.8,1072.8
607,946,0,0.9182,525.8,530.1,804.1,1072.9
607,968,0,0.4794,991.0,78.3,1208.5,396.8
607,802,0,0.5228,869.0,1.7,1041.1,207.6
607,971,0,0.6667,1794.7,660.3,1920.0,963.3
607,974,0,0.6907,1763.4,578.1,1879.6,799.7
607,975,0,0.6464,881.1,122.4,1020.8,327.4
607,985,0,0.4244,121.1,158.6,314.5,369.2
607,751,0,0.7925,1759.5,914.7,1914.0,1078.3
607,701,0,0.713,734.2,482.7,990.8,1070.7
608,747,0,0.9506,625.1,191.2,1283.9,1069.4
608,876,0,0.7064,747.9,1.5,908.3,243.3
608,756,0,0.6628,1585.7,44.8,1853.2,436.6
608,910,0,0.5759,140.5,234.6,341.2,559.9
608,680,0,0.8886,23.5,550.3,305.5,1072.9
608,940,0,0.9343,297.3,610.6,531.5,1074.2
608,944,0,0.9184,1239.0,563.8,1737.0,1072.2
608,946,0,0.9021,525.5,536.0,800.6,1072.9
608,968,0,0.5998,1018.8,76.5,1218.3,370.4
608,802,0,0.4753,891.6,1.5,1064.0,207.7
608,974,0,0.5857,1787.4,577.4,1906.7,803.6
608,975,0,0.693,899.7,121.2,1044.5,332.9
608,985,0,0.4292,137.1,157.9,333.0,371.1
608,751,0,0.8163,1772.2,915.6,1920.0,1078.7
608,701,0,0.7515,713.7,479.9,969.0,1068.5
609,747,0,0.9456,629.8,190.2,1297.1,1069.8
609,876,0,0.7072,768.7,1.7,928.1,243.1
609,756,0,0.7134,1609.1,42.3,1878.7,437.2
609,910,0,0.6072,159.8,232.7,363.0,559.0
609,680,0,0.8739,23.4,544.9,313.6,1072.4
609,940,0,0.9269,292.2,608.8,528.5,1073.8
609,944,0,0.9149,1244.4,561.1,1735.4,1071.8
609,946,0,0.9063,523.7,541.0,796.3,1073.1
609,968,0,0.5799,1047.9,75.9,1230.1,344.7
609,802,0,0.424,913.5,1.4,1085.2,206.3
609,974,0,0.5758,1804.1,577.3,1920.0,804.8
609,975,0,0.6881,918.8,119.0,1068.0,336.6
609,751,0,0.8019,1787.3,916.0,1920.0,1078.7
609,701,0,0.8177,705.7,474.5,961.0,1068.2
610,747,0,0.9376,639.8,190.9,1312.3,1069.7
610,876,0,0.7228,792.0,1.6,950.7,242.6
610,756,0,0.7355,1633.5,41.7,1903.1,436.3
610,910,0,0.5176,180.0,232.3,385.3,559.7
610,680,0,0.8351,30.6,541.1,331.2,1073.1
610,940,0,0.9229,291.4,609.3,528.6,1073.4
610,944,0,0.9299,1252.1,560.3,1732.5,1071.4
610,946,0,0.9065,522.5,545.4,792.8,1073.6
610,968,0,0.4986,1073.9,75.6,1255.4,345.0
610,802,0,0.3812,937.9,1.4,1111.3,207.8
610,974,0,0.4758,1818.5,573.9,1920.0,803.5
610,975,0,0.7171,940.3,118.3,1093.5,341.3
610,751,0,0.7532,1805.0,916.0,1920.0,1077.7
610,701,0,0.8363,704.0,469.8,960.3,1068.7
610,993,0,0.4076,567.6,1.5,785.2,158.4
611,747,0,0.9352,649.2,190.6,1326.2,1069.4
611,876,0,0.7603,816.0,1.7,974.0,242.3
611,756,0,0.7752,1653.2,40.3,1920.0,438.7
611,910,0,0.5999,203.3,233.3,409.6,559.7
611,680,0,0.6449,36.5,537.7,348.3,1073.5
611,940,0,0.925,289.9,613.6,526.6,1073.1
611,944,0,0.9366,1258.9,562.0,1726.9,1071.2
611,946,0,0.9122,522.5,546.2,792.5,1073.0
611,968,0,0.6547,1099.5,75.2,1274.9,335.2
611,802,0,0.4157,961.3,1.8,1133.0,206.3
611,974,0,0.4639,1833.9,567.2,1920.0,800.6
611,975,0,0.7391,958.8,118.1,1122.8,358.2
611,751,0,0.5388,1826.4,922.6,1920.0,1076.4
611,701,0,0.8865,702.1,465.7,959.2,1068.7
611,993,0,0.4696,590.0,1.5,807.4,158.4
612,747,0,0.9414,657.6,186.8,1339.6,1068.9
612,876,0,0.731,841.0,1.3,997.1,238.9
612,756,0,0.7667,1671.5,38.8,1920.0,437.3
612,910,0,0.5268,226.0,231.5,434.5,559.6
612,680,0,0.6413,44.4,533.3,369.3,1073.3
612,940,0,0.9039,287.6,617.4,524.5,1073.4
612,944,0,0.9216,1263.3,564.2,1718.9,1071.3
612,946,0,0.9197,524.3,543.9,796.4,1072.6
612,968,0,0.6504,1123.9,75.2,1298.8,334.5
612,802,0,0.3709,988.1,1.5,1158.5,203.8
612,975,0,0.7979,978.4,118.0,1151.6,373.9
612,701,0,0.9029,701.9,460.5,961.4,1067.0
612,993,0,0.5361,616.7,1.5,833.3,157.6
612,996,0,0.4339,13.2,534.0,166.5,1073.0
613,747,0,0.9439,670.5,186.4,1355.4,1069.9
613,876,0,0.7786,865.8,1.3,1021.7,238.8
613,756,0,0.6205,1689.9,38.1,1920.0,434.0
613,910,0,0.5133,262.4,227.9,449.3,514.0
613,680,0,0.7742,48.9,530.3,386.9,1073.1
613,940,0,0.9055,288.2,622.0,524.1,1073.2
613,944,0,0.9167,1276.4,567.4,1717.5,1071.9
613,946,0,0.8829,524.4,541.8,799.1,1072.6
613,968,0,0.612,1146.2,74.1,1324.6,338.0
613,802,0,0.4281,1015.3,1.7,1183.8,200.6
613,975,0,0.7663,1000.3,116.7,1181.2,387.3
613,701,0,0.8272,699.0,456.9,962.5,1070.0
613,993,0,0.5062,644.0,1.5,859.7,157.0
613,998,0,0.4581,253.3,151.9,450.6,365.8
614,747,0,0.9378,690.0,187.0,1377.5,1070.1
614,876,0,0.7404,892.5,1.4,1049.3,240.8
614,910,0,0.5919,281.1,228.6,486.0,541.3
614,680,0,0.4514,49.9,530.1,398.9,1073.0
614,940,0,0.9049,289.5,628.3,523.7,1072.5
614,944,0,0.9213,1293.2,572.0,1717.2,1071.9
614,946,0,0.9243,525.8,533.9,806.2,1072.6
614,968,0,0.5816,1175.2,73.3,1355.7,340.2
614,802,0,0.3991,1042.5,1.8,1211.6,200.7
614,975,0,0.7808,1024.4,116.4,1212.6,402.0
614,701,0,0.8648,699.9,456.9,965.6,1071.1
614,993,0,0.4578,672.2,1.4,885.6,155.3
614,998,0,0.445,277.1,152.5,473.4,365.1
615,747,0,0.937,710.9,190.3,1398.0,1069.8
615,876,0,0.7621,920.5,1.6,1079.0,244.7
615,910,0,0.5757,304.6,226.6,517.2,550.7
615,680,0,0.9306,0.0,530.0,341.9,1071.9
615,940,0,0.8954,290.4,636.0,522.1,1071.9
615,944,0,0.887,1307.7,576.7,1714.3,1071.7
615,946,0,0.9142,527.4,526.4,814.3,1072.7
615,968,0,0.6445,1204.6,73.6,1382.6,336.2
615,802,0,0.5092,1072.2,1.7,1243.2,201.3
615,975,0,0.8045,1049.5,113.1,1244.9,415.1
615,701,0,0.7555,702.8,460.4,968.1,1072.2
615,993,0,0.4327,700.8,1.4,913.7,154.7
615,998,0,0.4359,306.8,152.6,501.9,363.9
616,747,0,0.943,729.9,190.9,1420.2,1070.4
616,876,0,0.7404,947.2,1.7,1107.9,249.3
616,910,0,0.5304,340.8,225.9,533.2,512.1
616,680,0,0.9439,0.0,530.4,324.6,1072.1
616,940,0,0.9085,290.8,641.7,520.5,1071.9
616,944,0,0.8727,1320.1,580.4,1710.4,1072.1
616,946,0,0.8937,529.4,520.2,823.4,1072.8
616,968,0,0.6678,1232.7,73.4,1408.8,331.8
616,802,0,0.4873,1099.6,1.7,1272.7,202.1
616,975,0,0.7679,1075.0,111.1,1274.9,426.3
616,701,0,0.4317,704.3,464.6,968.3,1071.6
616,993,0,0.4349,727.5,1.5,939.7,154.1
616,998,0,0.539,333.5,152.5,530.0,365.1
617,747,0,0.9482,748.2,191.7,1442.3,1071.5
617,876,0,0.7621,971.5,1.8,1132.7,251.1
617,910,0,0.5455,367.1,226.7,553.0,496.9
617,680,0,0.9474,0.0,530.5,327.1,1072.8
617,940,0,0.9053,288.6,645.7,516.9,1073.2
617,944,0,0.9083,1324.4,580.4,1701.4,1072.0
617,946,0,0.8922,531.3,516.3,831.5,1072.5
617,968,0,0.6895,1259.6,73.6,1434.8,329.8
617,802,0,0.496,1124.9,1.8,1298.9,202.1
617,975,0,0.7522,1099.3,112.3,1302.0,438.3
617,701,0,0.7183,709.4,470.8,972.4,1071.4
617,993,0,0.4547,752.1,1.5,963.7,153.3
617,998,0,0.4774,356.7,152.2,555.7,367.5
617,1004,0,0.4342,1780.9,49.6,1920.0,321.0
617,1005,0,0.6263,0.0,596.5,64.8,714.0
618,747,0,0.9468,768.6,193.3,1463.3,1070.2
618,876,0,0.7546,993.5,1.7,1154.4,250.8
618,910,0,0.4518,387.6,228.0,573.3,492.5
618,680,0,0.9505,0.0,531.7,332.8,1072.7
618,940,0,0.9002,280.0,647.1,507.3,1073.8
618,944,0,0.9209,1324.4,577.6,1690.8,1072.0
618,946,0,0.8964,531.0,512.5,837.3,1071.6
618,968,0,0.7073,1284.7,72.8,1458.8,326.9
618,802,0,0.4774,1146.6,1.5,1321.4,202.2
618,975,0,0.74,1122.6,109.5,1325.4,441.7
618,701,0,0.7055,707.9,474.6,970.0,1070.5
618,993,0,0.4455,773.4,1.6,985.4,153.1
618,998,0,0.3792,378.7,152.7,578.7,368.9
618,1005,0,0.4482,0.0,592.4,67.5,716.6
619,747,0,0.9568,782.1,195.2,1476.6,1070.2
619,876,0,0.7659,1011.5,1.3,1172.7,251.3
619,910,0,0.365,402.5,227.7,591.1,491.6
619,680,0,0.9384,4.4,533.2,341.9,1072.4
619,940,0,0.8615,272.2,647.8,497.5,1074.7
619,944,0,0.9212,1322.1,575.3,1678.5,1072.6
619,946,0,0.8995,528.9,503.4,843.7,1071.3
619,968,0,0.6761,1302.8,73.1,1478.1,328.0
619,802,0,0.4581,1166.4,1.7,1340.2,200.1
619,975,0,0.7808,1143.6,108.4,1340.5,435.9
619,701,0,0.3903,704.6,482.0,939.3,1005.7
619,993,0,0.5546,790.7,1.5,1003.5,153.3
619,998,0,0.356,402.0,152.6,596.2,362.6
619,1005,0,0.4289,0.0,591.8,67.0,722.9
620,747,0,0.9152,774.6,191.6,1473.7,1070.4
620,876,0,0.729,1028.1,1.4,1187.7,248.8
620,910,0,0.5206,400.5,229.8,619.5,538.0
620,680,0,0.9307,9.4,538.9,346.2,1072.6
620,940,0,0.873,239.4,599.4,486.9,1073.7
620,944,0,0.9,1321.0,573.3,1667.3,1072.1
620,946,0,0.7503,528.8,512.7,842.6,1071.7
620,968,0,0.6708,1321.1,74.6,1497.1,330.7
620,802,0,0.4339,1180.7,1.6,1358.6,204.2
620,975,0,0.7508,1163.2,111.2,1352.7,430.1
620,993,0,0.4562,804.1,1.6,1019.6,155.0
620,998,0,0.3471,411.8,155.2,607.1,366.2
620,1005,0,0.5725,0.0,596.5,65.5,727.2
620,1006,0,0.7442,0.0,55.7,125.6,440.5
621,747,0,0.9502,784.4,188.7,1481.1,1070.1
621,876,0,0.764,1040.3,1.4,1198.0,245.2
621,910,0,0.6143,416.3,228.9,624.9,518.9
621,680,0,0.9205,10.6,546.2,345.0,1072.2
621,940,0,0.8398,235.8,590.6,480.7,1072.7
621,944,0,0.9093,1320.7,570.5,1657.3,1071.6
621,946,0,0.7975,516.7,495.0,841.2,1071.9
621,802,0,0.4553,1192.4,1.8,1371.8,205.4
621,975,0,0.734,1176.8,112.9,1362.1,428.1
621,993,0,0.5357,814.8,1.5,1033.6,156.9
621,998,0,0.432,421.3,156.2,615.3,365.1
621,1005,0,0.3806,0.0,605.2,60.4,731.5
621,1006,0,0.7761,2.2,44.9,133.3,445.7
621,963,0,0.6954,1340.7,75.6,1494.8,331.1
622,747,0,0.866,749.2,181.6,1453.9,1069.7
622,876,0,0.697,1047.9,1.6,1201.5,238.0
622,910,0,0.5774,423.1,225.1,625.2,502.0
622,680,0,0.947,10.0,549.4,344.3,1071.7
622,940,0,0.8076,244.8,593.5,483.9,1073.0
622,944,0,0.8742,1319.4,566.9,1646.2,1071.6
622,946,0,0.8817,504.0,498.7,825.9,1072.0
622,802,0,0.4755,1197.7,1.6,1379.0,206.1
622,975,0,0.7537,1185.0,111.3,1366.6,423.1
622,993,0,0.474,820.8,1.4,1038.7,155.5
622,998,0,0.5044,423.6,153.0,618.2,361.9
622,1006,0,0.8055,1.8,27.5,140.5,451.1
622,963,0,0.6978,1342.8,74.2,1499.9,328.9
623,747,0,0.865,778.2,170.9,1479.1,1067.6
623,876,0,0.679,1051.3,1.3,1202.4,232.0
623,910,0,0.5867,425.1,221.8,626.0,494.2
623,680,0,0.9411,6.7,551.0,341.2,1071.8
623,940,0,0.8866,268.1,597.1,503.0,1072.5
623,944,0,0.8529,1316.7,564.4,1631.4,1070.8
623,946,0,0.7858,489.1,512.1,802.7,1070.1
623,802,0,0.4883,1200.2,1.4,1383.5,207.2
623,975,0,0.5999,1192.7,107.6,1366.6,407.1
623,993,0,0.3365,825.7,1.5,1039.2,151.3
623,998,0,0.4579,422.2,148.9,620.1,360.9
623,1006,0,0.8811,0.0,10.4,143.6,452.6
623,963,0,0.6724,1345.2,70.6,1505.1,325.8
624,747,0,0.9466,662.1,150.3,1396.9,1067.4
624,876,0,0.7022,1048.3,1.3,1199.9,229.9
624,910,0,0.4788,421.6,219.2,623.3,489.4
624,680,0,0.9409,1.5,552.1,335.0,1071.8
624,940,0,0.8898,290.9,600.7,523.6,1073.3
624,946,0,0.8838,466.3,522.0,776.1,1071.2
624,802,0,0.5593,1202.2,1.3,1383.4,203.3
624,975,0,0.5548,1197.0,104.7,1362.8,389.5
624,993,0,0.3669,826.7,1.4,1035.0,146.3
624,998,0,0.5399,417.9,144.8,618.7,359.6
624,1006,0,0.84,0.0,0.9,142.4,449.5
624,963,0,0.688,1344.2,66.9,1508.0,326.0
625,747,0,0.9285,612.6,131.9,1373.3,1065.9
625,876,0,0.6821,1045.9,1.3,1198.2,229.8
625,910,0,0.434,412.2,219.0,617.9,492.1
625,680,0,0.9071,0.0,554.8,324.5,1071.5
625,940,0,0.633,299.5,603.7,530.1,1072.5
625,946,0,0.8794,428.5,490.8,755.4,1071.0
625,802,0,0.5573,1199.7,1.4,1378.0,198.0
625,975,0,0.6612,1200.2,103.2,1347.3,350.9
625,993,0,0.3435,822.1,1.4,1028.2,143.2
625,998,0,0.3354,410.4,143.0,612.4,359.2
625,1006,0,0.8602,0.0,0.0,138.1,448.1
625,963,0,0.734,1336.9,64.4,1504.8,327.3
626,747,0,0.9533,700.9,125.3,1474.3,1064.3
626,876,0,0.5356,1034.6,1.2,1188.4,231.1
626,910,0,0.582,397.2,217.1,605.8,492.1
626,680,0,0.8041,0.0,553.1,312.6,1071.2
626,946,0,0.8723,389.9,475.5,726.6,1071.2
626,802,0,0.5328,1186.0,1.3,1365.0,197.2
626,975,0,0.7535,1190.6,102.3,1332.3,337.0
626,998,0,0.3782,394.9,143.2,597.8,360.1
626,1006,0,0.8943,0.0,0.0,130.9,449.0
626,963,0,0.6972,1326.1,63.6,1496.8,329.2
627,747,0,0.9474,741.2,120.4,1537.6,1063.6
627,876,0,0.6611,1019.8,1.3,1174.9,233.0
627,910,0,0.8028,377.5,219.7,586.4,492.7
627,680,0,0.605,0.0,581.2,281.3,1071.5
627,946,0,0.9057,351.8,468.5,693.2,1070.3
627,802,0,0.5136,1168.4,1.3,1349.5,198.3
627,975,0,0.7374,1172.9,102.5,1313.7,331.4
627,998,0,0.6194,374.5,143.2,578.4,360.8
627,1006,0,0.8622,0.0,0.0,119.8,450.5
627,963,0,0.7134,1311.2,63.7,1481.5,327.6
628,747,0,0.9249,761.6,122.3,1586.8,1062.1
628,876,0,0.6715,992.7,1.1,1149.0,232.5
628,910,0,0.7778,350.5,219.8,562.0,494.3
628,946,0,0.8774,307.8,466.3,653.1,1070.2
628,802,0,0.5363,1147.5,1.3,1328.0,195.8
628,975,0,0.7662,1148.7,105.6,1289.6,330.9
628,1006,0,0.7069,0.0,0.1,104.1,451.3
628,963,0,0.7511,1287.0,63.7,1457.4,326.2
628,985,0,0.4361,330.5,144.1,537.9,369.3
628,996,0,0.6433,17.7,542.9,174.0,1071.8
629,747,0,0.9234,794.6,123.9,1640.4,1064.0
629,876,0,0.6706,964.6,1.1,1123.9,236.5
629,910,0,0.7601,318.9,223.3,532.4,498.1
629,946,0,0.7989,254.8,470.8,601.0,1071.1
629,802,0,0.5863,1118.1,1.4,1300.4,196.3
629,975,0,0.7208,1119.4,110.7,1262.7,336.4
629,963,0,0.7583,1259.6,66.5,1431.1,329.7
629,985,0,0.3148,316.9,147.7,526.7,375.6
629,996,0,0.7668,10.3,623.1,145.6,1072.8
629,1004,0,0.5428,1789.9,62.3,1920.0,320.5
630,747,0,0.8382,769.0,128.5,1639.3,1066.7
630,876,0,0.4791,932.6,1.2,1095.7,241.9
630,910,0,0.6493,286.4,229.4,499.7,501.8
630,946,0,0.8748,202.8,474.1,550.2,1071.7
630,802,0,0.4363,1086.8,1.4,1273.7,200.2
630,975,0,0.5389,1080.4,113.4,1242.6,369.8
630,963,0,0.7038,1230.1,69.2,1403.2,333.4
630,985,0,0.4389,287.7,148.7,501.7,380.8
630,1015,0,0.4483,1294.0,968.3,1464.0,1079.7
630,1004,0,0.5016,1777.1,52.8,1920.0,321.8
630,701,0,0.8938,522.1,611.9,734.4,1070.1
631,747,0,0.8311,702.6,131.9,1596.2,1067.3
631,876,0,0.5355,903.7,1.2,1066.3,240.6
631,910,0,0.7741,254.2,230.3,468.5,501.7
631,946,0,0.9111,155.1,476.8,503.5,1072.2
631,802,0,0.5567,1058.0,1.5,1247.5,202.5
631,975,0,0.7548,1046.2,116.7,1221.4,396.5
631,963,0,0.7243,1199.8,70.7,1374.8,335.8
631,985,0,0.4427,257.1,151.1,472.9,384.7
631,1015,0,0.4842,1265.7,968.7,1435.4,1079.7
631,701,0,0.8858,541.7,617.6,790.4,1072.5
632,747,0,0.8425,608.7,141.3,1524.2,1069.6
632,876,0,0.5952,877.2,1.1,1038.3,237.4
632,910,0,0.6112,223.2,228.3,440.5,501.7
632,946,0,0.9018,113.6,479.5,463.0,1072.0
632,802,0,0.5411,1031.7,1.5,1222.3,202.6
632,975,0,0.7222,1014.4,115.6,1200.9,417.7
632,963,0,0.743,1173.0,69.7,1349.3,334.8
632,1015,0,0.5118,1236.2,967.5,1407.6,1079.5
632,701,0,0.8609,520.4,614.4,799.6,1073.0
632,934,0,0.5496,219.4,147.2,420.5,379.4
632,1004,0,0.6121,1738.0,45.8,1890.3,325.0
633,747,0,0.9586,542.6,147.9,1464.2,1069.5
633,876,0,0.7545,857.1,1.6,1016.7,234.4
633,910,0,0.6464,198.3,224.8,418.7,500.6
633,946,0,0.927,80.0,482.9,429.0,1071.4
633,802,0,0.4631,1013.3,1.5,1202.0,198.9
633,975,0,0.8009,988.0,108.9,1187.2,438.4
633,963,0,0.7152,1153.1,65.7,1330.3,330.7
633,1015,0,0.3131,1220.5,967.9,1392.8,1079.8
633,701,0,0.8538,486.8,620.2,764.7,1073.2
633,1018,0,0.4058,1757.8,21.9,1915.0,448.6
633,934,0,0.6492,206.3,144.4,410.2,374.5
633,1004,0,0.5559,1718.5,43.4,1870.3,319.6
634,747,0,0.9514,494.3,150.3,1412.4,1069.3
634,876,0,0.7814,844.9,1.7,1003.3,231.0
634,910,0,0.6362,183.1,220.2,405.4,497.4
634,946,0,0.9279,55.3,485.4,404.8,1071.5
634,802,0,0.5235,1002.3,1.4,1188.6,194.4
634,975,0,0.749,969.9,105.3,1180.9,463.1
634,963,0,0.7329,1141.6,61.6,1320.4,327.7
634,701,0,0.7548,515.2,621.8,806.0,1062.4
634,1018,0,0.3336,1752.4,13.5,1913.1,448.9
634,934,0,0.3567,199.6,142.5,401.3,367.7
634,1004,0,0.5365,1707.4,39.9,1860.0,315.3
635,747,0,0.8999,428.6,152.0,1336.8,1071.1
635,876,0,0.7805,839.9,1.9,999.9,232.5
635,910,0,0.7951,177.9,218.5,401.3,496.6
635,946,0,0.9432,41.6,491.2,390.1,1071.5
635,802,0,0.4206,1000.2,1.4,1185.1,191.0
635,975,0,0.7895,964.6,101.8,1179.0,474.0
635,963,0,0.7185,1138.0,59.3,1318.4,327.0
635,701,0,0.7136,487.1,575.1,825.6,1070.9
635,1018,0,0.3585,1752.9,9.6,1912.2,439.9
635,934,0,0.3843,193.5,138.1,398.2,365.2
635,1004,0,0.5582,1705.4,37.3,1857.6,309.2
636,747,0,0.9223,431.3,158.9,1309.6,1070.5
636,876,0,0.7421,840.9,2.1,1002.7,234.3
636,910,0,0.6094,166.5,217.9,413.8,529.1
636,946,0,0.9374,39.6,513.8,379.1,1071.7
636,802,0,0.4144,1000.5,1.5,1188.2,193.0
636,975,0,0.7269,967.7,102.1,1181.4,481.5
636,963,0,0.651,1142.4,59.4,1322.6,325.8
636,701,0,0.66,463.2,548.9,832.5,1073.6
636,1018,0,0.3287,1757.8,16.5,1917.3,447.3
636,934,0,0.4771,194.2,138.2,398.5,363.3
636,1004,0,0.5185,1710.3,35.4,1864.9,310.1
636,680,0,0.3612,0.0,504.8,265.6,1067.3
637,747,0,0.921,447.4,165.1,1299.3,1069.5
637,876,0,0.7469,846.1,2.0,1010.1,236.5
637,910,0,0.6509,177.5,221.3,411.5,514.4
637,946,0,0.9379,39.5,527.9,375.6,1071.9
637,802,0,0.4009,1006.1,1.5,1196.7,195.0
637,975,0,0.7512,975.9,102.7,1187.9,487.2
637,963,0,0.6588,1149.1,61.5,1331.2,330.0
637,701,0,0.587,457.8,574.9,827.5,1074.2
637,934,0,0.6298,194.2,136.2,403.8,366.8
637,1025,0,0.381,1229.3,969.1,1406.8,1079.5
637,968,0,0.5589,1713.4,36.1,1901.5,316.8
638,747,0,0.9324,460.2,170.4,1291.3,1069.4
638,876,0,0.7784,855.9,2.0,1021.2,237.6
638,910,0,0.5635,190.1,225.2,418.8,510.0
638,946,0,0.9373,41.2,536.0,377.2,1071.8
638,802,0,0.3643,1016.1,1.4,1207.6,194.9
638,975,0,0.8088,987.6,104.0,1197.1,491.0
638,963,0,0.6265,1160.5,64.0,1343.9,334.4
638,701,0,0.7182,453.6,587.6,831.8,1072.9
638,934,0,0.4384,203.3,141.3,413.1,371.1
638,1025,0,0.4621,1241.7,973.5,1412.0,1079.6
638,968,0,0.4508,1732.6,43.0,1916.0,320.7
638,996,0,0.5231,0.0,516.5,159.9,1068.1
639,747,0,0.9277,472.6,171.3,1289.0,1068.8
639,876,0,0.7617,868.9,2.0,1035.5,238.5
639,910,0,0.5951,188.2,224.4,445.4,549.4
639,946,0,0.9455,45.0,539.5,383.7,1072.1
639,802,0,0.4618,1029.4,1.5,1220.4,193.7
639,975,0,0.7506,1002.3,103.8,1210.5,496.1
639,963,0,0.6493,1173.3,63.4,1358.5,336.2
639,701,0,0.9402,455.0,591.3,846.2,1073.4
639,934,0,0.4382,213.4,140.1,423.0,368.8
639,1025,0,0.5357,1263.1,984.5,1415.7,1079.7
639,996,0,0.8716,0.0,510.4,155.9,1068.5
639,1018,0,0.4697,1759.4,35.6,1913.9,450.5
640,747,0,0.935,485.6,171.3,1289.6,1068.0
640,876,0,0.7428,884.9,2.1,1050.6,236.1
640,910,0,0.6925,139.4,220.3,521.0,727.3
640,946,0,0.9417,49.3,538.0,393.1,1071.9
640,802,0,0.3707,1045.1,1.5,1232.2,188.7
640,975,0,0.7224,1019.4,100.2,1224.8,493.7
640,963,0,0.6076,1189.3,60.7,1374.5,332.8
640,701,0,0.932,455.7,591.7,859.3,1072.9
640,934,0,0.3093,229.8,138.5,439.3,367.0
640,1025,0,0.4415,1272.2,979.7,1431.7,1079.6
640,996,0,0.7317,0.0,505.1,142.0,1016.9
640,1030,0,0.3839,653.2,1.5,885.6,145.9
640,968,0,0.5452,1763.0,37.8,1920.0,311.9
641,747,0,0.9409,500.1,171.8,1294.4,1068.7
641,876,0,0.7525,900.9,2.0,1067.1,235.1
641,910,0,0.57,181.9,218.9,502.0,648.3
641,946,0,0.9454,54.7,536.2,403.7,1072.0
641,802,0,0.4023,1063.0,1.4,1246.7,183.8
641,975,0,0.7223,1037.0,98.5,1240.1,493.8
641,963,0,0.6841,1201.9,58.4,1386.9,328.9
641,701,0,0.9149,453.2,593.1,868.5,1072.4
641,934,0,0.4555,240.4,135.7,454.0,367.5
641,1025,0,0.4553,1288.0,979.4,1447.0,1079.6
641,996,0,0.5245,0.0,500.5,138.6,1048.6
641,1030,0,0.469,669.7,1.5,899.2,144.0
641,968,0,0.5649,1776.3,39.5,1920.0,308.7
642,747,0,0.9386,509.8,167.9,1296.8,1068.7
642,876,0,0.5831,919.0,1.9,1081.2,226.9
642,910,0,0.6216,216.1,216.4,499.8,600.7
642,946,0,0.952,60.3,534.9,413.7,1072.0
642,975,0,0.7911,1054.9,95.3,1254.0,488.4
642,963,0,0.5947,1214.8,54.8,1403.5,330.7
642,701,0,0.904,452.4,595.3,872.3,1072.1
642,934,0,0.3203,267.2,132.3,472.8,357.5
642,1025,0,0.4921,1299.1,972.6,1466.9,1079.4
642,996,0,0.6338,0.0,497.4,130.8,1054.5
642,1030,0,0.3861,688.0,1.5,915.5,142.4
642,968,0,0.5769,1786.2,37.7,1920.0,313.0
642,1034,0,0.7703,1442.6,957.5,1613.1,1079.2
643,747,0,0.9448,518.0,160.0,1300.6,1068.0
643,876,0,0.6794,931.7,1.9,1096.9,230.3
643,910,0,0.5496,237.7,215.2,506.1,581.6
643,946,0,0.9481,66.4,534.0,423.6,1072.1
643,975,0,0.8261,1072.9,93.2,1267.9,482.8
643,963,0,0.5782,1226.7,52.0,1417.5,330.1
643,701,0,0.9238,449.7,598.8,870.4,1072.1
643,934,0,0.3879,270.6,127.7,481.5,357.9
643,1025,0,0.4123,1314.3,968.5,1486.3,1079.7
643,996,0,0.8574,0.0,495.9,130.3,1066.2
643,1030,0,0.3466,704.9,1.4,926.9,138.5
643,1034,0,0.765,1451.8,948.1,1634.2,1078.5
643,944,0,0.836,1117.7,567.2,1411.0,1073.4
644,747,0,0.936,535.4,146.2,1322.1,1065.6
644,876,0,0.7009,944.3,2.2,1108.9,229.0
644,910,0,0.5022,253.6,214.5,515.1,574.6
644,946,0,0.9473,72.1,533.6,432.1,1072.0
644,975,0,0.793,1094.8,90.6,1275.0,450.5
644,963,0,0.6332,1238.9,49.4,1433.5,333.1
644,701,0,0.9263,440.4,604.0,857.0,1072.4
644,934,0,0.3386,293.9,130.3,496.3,352.6
644,996,0,0.8609,0.0,502.5,123.3,1070.5
644,1030,0,0.3528,719.5,1.4,940.0,137.0
644,1034,0,0.5536,1461.5,939.4,1655.7,1078.5
644,944,0,0.882,1135.5,556.5,1433.3,1072.4
644,802,0,0.4129,1100.9,1.5,1288.3,185.2
645,747,0,0.9356,546.4,132.4,1341.8,1066.5
645,876,0,0.6725,955.7,2.1,1120.7,228.8
645,910,0,0.543,264.3,213.6,523.1,572.5
645,946,0,0.9497,75.8,534.5,437.6,1072.2
645,975,0,0.7761,1114.3,86.1,1280.9,416.1
645,963,0,0.6506,1250.6,48.3,1444.3,330.2
645,701,0,0.9006,430.1,609.0,841.0,1072.8
645,934,0,0.5167,293.1,129.7,501.8,357.8
645,996,0,0.8546,0.0,509.9,123.1,1072.2
645,1034,0,0.7261,1464.5,933.4,1666.4,1077.8
645,944,0,0.9107,1172.2,557.7,1479.6,1071.6
645,802,0,0.3542,1114.2,1.2,1301.9,183.2
646,747,0,0.939,546.3,120.9,1348.9,1067.2
646,876,0,0.5663,968.2,1.6,1131.8,224.6
646,910,0,0.5288,288.0,213.3,517.4,526.9
646,946,0,0.9472,78.6,535.8,441.4,1072.2
646,975,0,0.7771,1128.8,90.7,1289.2,405.4
646,963,0,0.6607,1261.4,48.1,1454.2,328.0
646,701,0,0.902,419.5,611.7,825.1,1072.5
646,934,0,0.4506,296.7,129.1,508.1,359.3
646,996,0,0.6676,0.0,555.6,115.7,1072.6
646,944,0,0.9285,1239.3,563.8,1567.9,1071.1
646,802,0,0.3223,1124.4,1.6,1314.8,184.7
646,1030,0,0.3076,737.4,1.3,963.2,139.3
647,747,0,0.955,536.0,122.6,1335.8,1068.2
647,876,0,0.7298,977.2,1.8,1143.7,227.8
647,910,0,0.5869,302.9,211.7,521.1,505.9
647,946,0,0.9485,81.6,535.4,445.4,1071.7
647,975,0,0.7979,1132.7,86.1,1307.8,431.8
647,963,0,0.6672,1271.9,45.0,1464.9,324.8
647,701,0,0.8865,409.1,608.3,813.1,1072.8
647,934,0,0.3534,307.6,128.5,517.4,356.3
647,944,0,0.9386,1308.3,571.8,1657.3,1071.2
647,802,0,0.3146,1136.6,1.6,1325.3,181.3
647,1040,0,0.7596,3.5,2.4,65.2,436.8
647,1041,0,0.6494,1819.9,680.2,1906.8,819.2
648,747,0,0.9594,523.4,126.7,1316.8,1068.6
648,876,0,0.6464,988.2,2.0,1152.8,224.1
648,910,0,0.5242,312.9,208.4,528.5,495.2
648,946,0,0.9449,84.7,532.6,450.2,1071.7
648,975,0,0.8453,1137.2,78.8,1326.5,457.5
648,963,0,0.6059,1284.6,40.0,1475.5,316.7
648,701,0,0.8776,410.3,602.1,810.9,1073.1
648,934,0,0.3598,312.1,121.9,527.4,355.3
648,944,0,0.9503,1376.2,575.1,1752.8,1071.7
648,1040,0,0.7168,8.0,2.8,67.5,419.0
649,747,0,0.9564,504.5,142.8,1280.6,1067.7
649,876,0,0.6268,1000.3,2.0,1164.1,221.3
649,910,0,0.504,308.1,203.7,549.7,526.9
649,946,0,0.9449,88.5,531.6,453.7,1071.7
649,975,0,0.7179,1138.1,74.2,1349.1,506.1
649,963,0,0.545,1294.2,34.3,1486.8,313.6
649,701,0,0.9035,403.3,596.3,799.4,1073.0
649,934,0,0.419,315.6,120.0,529.1,352.1
649,944,0,0.9556,1416.8,572.7,1815.8,1071.8
649,1040,0,0.7598,13.8,2.4,70.9,395.7
650,747,0,0.9425,503.9,161.6,1262.3,1065.6
650,876,0,0.642,1010.6,1.9,1175.0,220.8
650,910,0,0.4875,322.0,202.4,547.5,502.3
650,946,0,0.946,95.1,534.5,456.6,1071.9
650,975,0,0.6949,1147.0,72.0,1363.9,525.8
650,963,0,0.5909,1306.5,32.1,1498.9,311.1
650,701,0,0.9188,395.3,592.5,786.6,1072.7
650,934,0,0.3953,346.3,120.3,530.6,320.8
650,944,0,0.9585,1448.7,567.3,1864.2,1071.8
650,1040,0,0.7737,19.4,2.2,75.6,378.6
650,1044,0,0.4718,1248.2,959.7,1317.4,1078.2
651,747,0,0.9531,508.7,179.6,1253.4,1067.7
651,876,0,0.6046,1024.0,1.9,1190.6,222.4
651,910,0,0.5924,313.0,204.7,566.7,549.1
651,946,0,0.9352,101.8,540.8,457.1,1071.9
651,975,0,0.7643,1160.1,70.3,1379.4,538.5
651,963,0,0.5359,1321.0,33.6,1513.4,312.8
651,701,0,0.9152,387.2,593.4,771.3,1072.6
651,934,0,0.3256,369.1,122.7,538.5,306.6
651,944,0,0.9533,1467.2,560.6,1894.9,1072.1
651,1040,0,0.7609,24.2,2.2,81.8,373.5
651,1044,0,0.7113,1255.9,964.6,1323.1,1078.8
652,747,0,0.9492,512.6,179.1,1254.8,1067.7
652,876,0,0.5135,1037.7,2.2,1207.4,226.1
652,910,0,0.6268,325.1,208.0,585.9,567.0
652,946,0,0.913,101.4,546.7,452.6,1072.0
652,975,0,0.7779,1177.0,73.8,1395.0,548.4
652,963,0,0.5548,1336.6,35.2,1529.3,314.9
652,701,0,0.9064,379.0,595.7,756.0,1072.8
652,934,0,0.4492,358.0,126.4,555.0,341.8
652,944,0,0.9532,1482.3,553.8,1917.7,1072.9
652,1040,0,0.8346,28.8,2.1,91.3,384.7
652,1044,0,0.6203,1266.3,971.2,1330.9,1078.5
653,747,0,0.9396,510.7,160.6,1262.3,1066.9
653,876,0,0.6246,1053.8,2.0,1224.7,227.4
653,910,0,0.6305,344.8,210.4,607.3,574.3
653,946,0,0.8989,111.3,549.7,458.2,1072.1
653,975,0,0.7837,1196.6,77.3,1410.4,550.7
653,963,0,0.5803,1355.6,35.7,1547.6,314.7
653,701,0,0.9331,373.9,597.5,744.8,1072.8
653,944,0,0.9528,1507.4,547.1,1920.0,1073.0
653,1040,0,0.6775,33.9,2.3,101.4,389.5
653,1044,0,0.7078,1275.3,974.7,1340.5,1078.7
654,747,0,0.9372,506.5,126.5,1280.2,1066.3
654,876,0,0.7245,1073.9,1.9,1242.9,223.8
654,910,0,0.5957,364.4,207.7,626.6,573.7
654,946,0,0.9082,97.6,549.7,448.4,1072.4
654,975,0,0.786,1218.4,75.8,1429.1,549.7
654,963,0,0.58,1374.8,32.8,1568.7,315.0
654,701,0,0.9151,369.1,596.7,736.3,1072.8
654,944,0,0.9521,1527.4,536.7,1920.0,1073.2
654,1040,0,0.7534,39.5,2.6,113.0,392.5
654,1044,0,0.5373,1291.6,974.4,1360.0,1078.9
655,747,0,0.9251,506.5,103.3,1297.0,1065.3
655,876,0,0.7301,1097.4,2.0,1263.8,218.6
655,910,0,0.574,383.5,196.4,649.1,569.5
655,946,0,0.869,87.8,548.8,444.1,1073.0
655,975,0,0.7725,1242.4,71.0,1449.5,543.6
655,963,0,0.6712,1396.8,27.7,1590.5,309.4
655,701,0,0.911,364.4,595.4,727.8,1072.7
655,944,0,0.9443,1546.5,530.3,1920.0,1073.1
655,1040,0,0.8329,45.2,2.9,125.3,391.3
655,1044,0,0.5247,1314.0,970.0,1387.7,1078.8
656,747,0,0.9391,509.2,95.1,1310.6,1065.1
656,876,0,0.6617,1119.0,2.0,1284.8,216.0
656,910,0,0.3818,406.9,210.7,658.6,565.6
656,946,0,0.7757,79.3,546.7,442.9,1073.0
656,975,0,0.7218,1264.7,66.8,1469.2,539.4
656,963,0,0.555,1416.3,22.4,1612.0,307.2
656,701,0,0.5873,360.6,594.2,720.8,1072.6
656,944,0,0.9476,1569.9,524.0,1920.0,1072.3
656,1040,0,0.7242,50.5,2.7,137.8,386.2
656,1044,0,0.4856,1338.3,965.5,1416.3,1079.2
656,1015,0,0.4496,773.9,979.5,929.6,1080.0
657,747,0,0.9145,519.9,99.5,1324.5,1064.6
657,876,0,0.6789,1136.7,2.1,1303.1,215.2
657,946,0,0.8411,72.2,546.3,443.5,1073.1
657,975,0,0.7574,1284.5,66.9,1486.6,539.2
657,963,0,0.5752,1434.0,20.6,1629.6,305.1
657,701,0,0.8714,354.3,599.1,706.5,1072.4
657,944,0,0.9357,1594.0,521.0,1920.0,1071.4
657,1040,0,0.8252,55.1,2.4,151.4,385.9
657,1044,0,0.3982,1356.7,964.1,1436.1,1079.3
657,1015,0,0.5232,708.8,966.7,879.9,1079.7
658,747,0,0.932,530.2,120.7,1326.4,1066.5
658,876,0,0.6696,1149.5,2.0,1317.8,216.5
658,946,0,0.5796,60.3,550.3,438.3,1072.6
658,975,0,0.7088,1299.7,67.8,1499.7,540.3
658,963,0,0.6419,1446.8,21.2,1643.6,306.9
658,701,0,0.8664,345.5,605.7,689.3,1073.7
658,944,0,0.9417,1615.1,521.8,1920.0,1070.8
658,1040,0,0.8149,57.3,2.2,164.1,388.7
658,1044,0,0.6582,1368.1,966.3,1447.4,1079.5
659,747,0,0.9416,526.0,133.8,1323.1,1068.9
659,876,0,0.5905,1157.8,2.1,1329.1,219.6
659,946,0,0.5417,50.4,556.6,433.7,1072.1
659,975,0,0.7331,1310.5,71.5,1509.1,545.6
659,963,0,0.5721,1456.3,24.1,1654.9,312.7
659,701,0,0.8053,333.4,614.8,666.0,1074.2
659,944,0,0.93,1637.1,527.7,1920.0,1070.1
659,1040,0,0.8326,56.6,1.9,174.4,393.0
659,1044,0,0.6555,1375.7,970.6,1453.5,1079.4
659,1053,0,0.3943,801.8,987.6,960.2,1080.0
659,1054,0,0.4897,1667.5,917.5,1738.1,1075.3
660,747,0,0.9561,524.4,151.3,1319.2,1070.2
660,876,0,0.5723,1162.7,2.1,1337.7,223.9
660,946,0,0.7095,90.3,562.2,467.2,1072.5
660,975,0,0.7465,1318.5,73.8,1515.7,549.2
660,963,0,0.5671,1463.7,27.2,1663.9,318.6
660,701,0,0.7605,318.9,624.7,639.4,1073.8
660,944,0,0.877,1660.2,543.3,1920.0,1070.3
660,1040,0,0.8531,54.6,2.1,183.1,397.2
660,1044,0,0.5991,1381.1,974.3,1458.1,1079.8
660,1054,0,0.5369,1669.1,919.3,1740.1,1076.9
661,747,0,0.9538,524.6,163.7,1319.8,1070.4
661,876,0,0.5548,1168.0,2.0,1345.6,227.3
661,946,0,0.7813,59.2,565.8,441.8,1071.6
661,975,0,0.7561,1326.3,76.1,1521.8,551.0
661,963,0,0.5837,1470.8,29.9,1671.6,322.5
661,701,0,0.3005,300.5,627.9,611.9,1072.9
661,944,0,0.8888,1693.6,601.4,1920.0,1070.2
661,1040,0,0.8427,53.5,2.0,192.6,400.8
661,1044,0,0.5635,1386.3,978.1,1462.8,1079.8
661,1054,0,0.527,1675.0,920.1,1746.6,1076.2
662,747,0,0.9582,525.6,172.6,1323.9,1070.0
662,876,0,0.5718,1175.6,2.0,1353.5,227.8
662,946,0,0.9095,44.7,569.0,433.2,1071.6
662,975,0,0.7645,1335.5,76.4,1530.1,552.3
662,963,0,0.5544,1480.2,31.0,1680.3,322.8
662,944,0,0.8028,1721.8,643.3,1920.0,1071.8
662,1040,0,0.7775,57.8,1.8,205.8,401.6
662,1044,0,0.5655,1391.8,978.7,1470.1,1079.8
662,1055,0,0.5398,509.9,109.4,668.0,215.7
662,1034,0,0.608,1591.3,917.2,1808.2,1078.2
663,747,0,0.945,525.1,175.4,1330.3,1069.0
663,876,0,0.5715,1182.9,2.1,1360.7,227.5
663,946,0,0.9196,35.8,570.0,430.4,1071.7
663,975,0,0.7409,1343.2,75.2,1536.9,551.6
663,963,0,0.4771,1487.3,29.6,1688.5,323.8
663,944,0,0.8098,1750.1,694.3,1920.0,1070.6
663,1040,0,0.774,63.1,1.8,218.7,400.2
663,1044,0,0.6636,1395.5,977.5,1477.3,1080.0
663,1055,0,0.3395,516.6,108.5,672.1,213.0
663,1034,0,0.7755,1600.3,914.2,1814.9,1078.0
664,747,0,0.9458,524.0,177.1,1336.6,1069.1
664,876,0,0.5554,1190.8,2.0,1366.6,224.5
664,946,0,0.8333,48.0,571.9,442.3,1072.4
664,975,0,0.7191,1350.0,74.5,1542.3,550.4
664,963,0,0.5076,1494.5,27.3,1694.2,319.4
664,944,0,0.7969,1768.6,717.5,1920.0,1070.0
664,1040,0,0.738,69.4,1.9,229.8,395.1
664,1044,0,0.698,1397.6,976.8,1482.7,1080.0
664,1055,0,0.3744,524.8,107.4,678.1,210.1
664,1034,0,0.7654,1611.2,911.6,1824.6,1078.1
665,747,0,0.9362,527.0,177.2,1345.9,1068.7
665,876,0,0.5749,1200.1,2.1,1375.0,222.9
665,946,0,0.708,32.5,575.2,428.8,1072.6
665,975,0,0.747,1359.3,74.1,1550.0,548.6
665,963,0,0.5524,1501.7,25.3,1704.3,322.4
665,944,0,0.7723,1790.4,746.8,1920.0,1070.1
665,1040,0,0.8024,80.7,1.9,243.1,384.3
665,1044,0,0.7203,1401.4,976.4,1489.8,1079.9
665,1034,0,0.784,1625.6,909.6,1838.7,1078.1
666,747,0,0.925,536.2,178.9,1358.4,1068.3
666,876,0,0.5849,1212.3,2.1,1389.0,225.0
666,946,0,0.935,22.5,577.6,420.5,1072.4
666,975,0,0.7337,1372.5,75.7,1561.9,548.9
666,963,0,0.4901,1513.7,26.1,1716.8,324.4
666,944,0,0.6576,1822.3,818.9,1920.0,1069.8
666,1040,0,0.758,97.5,2.0,257.5,363.8
666,1044,0,0.6905,1414.1,977.4,1504.3,1079.9
666,1034,0,0.767,1644.6,909.6,1855.3,1077.6
666,1055,0,0.3041,544.9,108.2,705.5,215.8
667,747,0,0.9415,551.1,184.8,1373.7,1069.3
667,876,0,0.5874,1226.9,2.2,1403.7,224.9
667,946,0,0.6993,35.1,579.9,429.5,1072.4
667,975,0,0.6998,1388.0,76.2,1577.2,550.9
667,963,0,0.5607,1528.4,27.2,1732.6,328.2
667,1040,0,0.7983,117.6,2.0,277.9,351.7
667,1044,0,0.6708,1429.9,978.3,1521.8,1079.8
667,1034,0,0.7144,1662.2,911.5,1869.9,1077.7
668,747,0,0.9356,565.1,187.4,1387.3,1068.9
668,876,0,0.6325,1240.1,2.0,1417.9,226.2
668,946,0,0.8649,53.6,581.2,439.9,1072.8
668,975,0,0.6362,1403.1,76.6,1590.2,547.9
668,963,0,0.5871,1543.0,28.1,1746.3,328.3
668,1040,0,0.7591,132.8,2.0,295.4,346.0
668,1044,0,0.7081,1443.0,979.2,1536.7,1079.8
668,1034,0,0.7509,1674.1,913.2,1878.6,1077.6
669,747,0,0.8957,576.9,192.3,1396.9,1069.1
669,876,0,0.6175,1249.1,2.0,1427.4,227.0
669,946,0,0.8478,53.5,579.9,433.2,1072.9
669,975,0,0.7031,1412.5,76.9,1599.1,548.9
669,963,0,0.572,1551.8,27.7,1756.0,329.6
669,1040,0,0.8244,142.9,1.9,308.8,345.1
669,1044,0,0.6942,1452.1,979.7,1547.9,1079.9
669,1034,0,0.4684,1678.6,914.7,1880.1,1077.8
670,747,0,0.944,588.0,196.3,1408.4,1069.9
670,876,0,0.615,1252.9,2.0,1431.5,227.5
670,946,0,0.8388,17.7,578.4,396.9,1071.8
670,975,0,0.7293,1416.6,77.2,1602.8,549.8
670,963,0,0.5878,1556.3,27.8,1759.9,329.0
670,1040,0,0.8273,147.0,1.9,315.7,344.1
670,1044,0,0.7267,1456.2,979.9,1553.9,1079.7
670,1034,0,0.3871,1679.4,916.8,1877.9,1077.4
671,747,0,0.9593,597.2,204.0,1414.3,1068.0
671,876,0,0.6352,1253.1,1.9,1432.3,228.3
671,946,0,0.8931,0.1,576.0,378.8,1071.8
671,975,0,0.7708,1416.5,77.0,1602.4,550.8
671,963,0,0.5727,1557.3,28.4,1759.6,327.1
671,1040,0,0.8315,146.6,1.9,318.4,344.1
671,1044,0,0.6998,1458.2,979.5,1558.0,1079.8
671,1034,0,0.3669,1674.3,918.5,1871.9,1078.8
672,747,0,0.96,601.8,205.9,1423.0,1067.5
672,876,0,0.6635,1251.7,1.9,1430.5,228.2
672,946,0,0.9361,0.0,572.1,365.7,1072.4
672,975,0,0.7396,1414.7,76.2,1600.0,550.1
672,963,0,0.5687,1554.4,28.5,1758.6,330.5
672,1040,0,0.8297,144.8,1.8,319.6,344.4
672,1044,0,0.6125,1462.6,979.2,1562.6,1079.8
672,1034,0,0.5303,1670.4,921.6,1864.0,1078.0
673,747,0,0.9585,603.7,202.4,1434.7,1067.5
673,876,0,0.5352,1252.7,1.9,1431.3,228.3
673,946,0,0.8816,0.0,568.8,357.1,1072.0
673,975,0,0.786,1415.9,77.3,1600.4,551.4
673,963,0,0.6086,1554.1,29.0,1757.5,329.4
673,1040,0,0.8055,144.9,1.9,322.1,344.2
673,1044,0,0.4139,1468.9,979.0,1567.7,1079.5
673,1034,0,0.3004,1668.4,923.1,1860.7,1078.3
674,747,0,0.9551,604.1,193.7,1450.8,1069.7
674,876,0,0.4888,1255.5,2.0,1434.2,228.6
674,946,0,0.8999,0.0,564.6,348.5,1071.8
674,975,0,0.7587,1418.7,77.6,1602.1,550.6
674,963,0,0.6628,1556.8,29.7,1759.5,328.6
674,1040,0,0.8444,145.9,2.0,325.7,345.4
674,1044,0,0.5071,1475.3,977.1,1574.9,1079.5
674,1034,0,0.3941,1669.4,924.5,1860.1,1078.1
675,747,0,0.9561,599.9,189.4,1454.8,1070.5
675,876,0,0.5247,1255.9,2.1,1434.3,228.7
675,946,0,0.9242,0.0,560.9,339.5,1071.8
675,975,0,0.7126,1418.6,76.0,1601.7,549.5
675,963,0,0.5763,1558.2,30.1,1759.0,325.5
675,1040,0,0.8339,146.5,2.0,327.7,345.5
675,1044,0,0.6743,1473.8,973.1,1576.1,1079.6
675,1034,0,0.4025,1667.6,926.1,1856.2,1077.4
675,1058,0,0.4015,0.0,9.3,61.5,216.9
676,747,0,0.9567,592.5,187.4,1449.6,1070.4
676,876,0,0.563,1255.4,2.2,1432.8,227.6
676,946,0,0.9324,0.0,559.0,329.2,1072.1
676,975,0,0.7917,1417.3,76.1,1600.0,550.1
676,963,0,0.6314,1557.1,29.1,1758.1,324.8
676,1040,0,0.8546,147.7,2.1,329.6,344.8
676,1044,0,0.6928,1465.4,969.8,1570.5,1079.2
676,1034,0,0.5612,1662.4,925.3,1852.4,1077.2
676,1058,0,0.3893,0.0,10.5,62.6,219.9
677,747,0,0.9612,584.9,188.5,1439.9,1070.5
677,876,0,0.5969,1255.3,2.1,1432.3,226.8
677,946,0,0.9271,0.0,556.2,320.7,1072.2
677,975,0,0.7621,1416.5,78.0,1597.4,548.4
677,963,0,0.627,1555.2,28.4,1756.9,324.9
677,1040,0,0.8502,148.9,1.9,330.5,342.7
677,1044,0,0.6973,1452.0,968.0,1560.8,1078.9
677,1034,0,0.4945,1656.8,922.1,1851.2,1077.2
677,1058,0,0.3875,2.2,7.3,64.1,213.2
678,747,0,0.9489,578.8,192.8,1426.8,1070.6
678,876,0,0.6095,1251.8,2.0,1428.7,227.1
678,946,0,0.9259,0.0,553.1,310.9,1072.2
678,975,0,0.7681,1415.0,79.2,1594.7,547.8
678,963,0,0.5937,1553.5,28.2,1755.2,325.0
678,1040,0,0.7991,150.4,2.1,331.3,341.1
678,1044,0,0.7225,1449.0,965.1,1561.1,1078.8
678,1034,0,0.5315,1649.7,917.9,1849.5,1077.2
678,1058,0,0.4873,4.3,4.9,65.7,208.3
679,747,0,0.9531,572.3,201.3,1407.1,1070.4
679,876,0,0.5481,1249.9,2.1,1426.1,227.0
679,946,0,0.923,0.0,552.9,300.0,1072.7
679,975,0,0.73,1412.8,80.2,1591.5,547.0
679,963,0,0.5428,1553.1,29.7,1751.9,322.6
679,1040,0,0.797,148.0,2.5,327.6,341.8
679,1044,0,0.7452,1445.6,963.4,1559.6,1078.8
679,1034,0,0.6362,1641.2,914.6,1845.6,1077.4
680,747,0,0.961,564.4,207.6,1386.9,1070.3
680,876,0,0.5755,1248.4,1.9,1425.4,228.7
680,946,0,0.9246,0.0,553.4,288.9,1072.7
680,975,0,0.6916,1411.7,83.7,1588.4,545.5
680,963,0,0.539,1550.7,32.5,1748.2,323.2
680,1040,0,0.7712,148.8,2.3,327.1,343.0
680,1044,0,0.7488,1444.2,962.3,1559.5,1078.5
680,1034,0,0.7001,1634.8,912.1,1843.1,1078.2
681,747,0,0.9605,560.2,209.7,1373.9,1069.8
681,876,0,0.5057,1246.0,1.9,1423.3,230.1
681,946,0,0.9221,0.0,555.1,277.3,1072.3
681,975,0,0.6767,1409.5,86.7,1584.6,545.0
681,963,0,0.6136,1546.3,35.7,1743.4,325.8
681,1040,0,0.817,152.3,2.0,327.7,340.5
681,1044,0,0.7488,1441.0,960.9,1557.9,1078.5
681,1034,0,0.6728,1628.9,909.7,1840.2,1078.4
682,747,0,0.9554,552.6,206.1,1363.2,1069.8
682,876,0,0.5782,1242.1,1.9,1419.0,230.3
682,946,0,0.8856,0.0,556.9,265.8,1071.3
682,975,0,0.7272,1404.9,87.3,1580.6,547.4
682,963,0,0.5514,1542.2,37.0,1737.9,324.9
682,1040,0,0.8245,156.5,2.1,323.4,326.1
682,1044,0,0.7384,1436.2,958.6,1555.8,1078.6
682,1034,0,0.5324,1619.7,906.5,1834.3,1078.3
683,747,0,0.9597,546.3,202.3,1353.4,1069.2
683,876,0,0.5751,1239.9,1.8,1415.8,229.6
683,946,0,0.7739,0.0,559.6,260.1,1070.0
683,975,0,0.7784,1401.2,87.5,1577.0,548.9
683,963,0,0.5687,1538.1,38.5,1733.9,327.0
683,1040,0,0.8398,160.9,2.0,318.3,308.2
683,1044,0,0.737,1431.5,956.3,1553.9,1078.6
684,747,0,0.9571,541.1,200.9,1344.0,1068.8
684,876,0,0.5216,1238.6,1.8,1415.2,231.4
684,946,0,0.7506,0.0,562.5,240.8,1069.9
684,975,0,0.7765,1400.6,90.3,1575.4,549.3
684,963,0,0.5581,1535.9,39.6,1731.5,328.3
684,1040,0,0.8544,165.0,2.1,316.8,297.0
684,1044,0,0.7233,1430.4,954.7,1554.7,1078.4
684,1058,0,0.4965,8.8,1.9,73.2,209.4
684,1034,0,0.3821,1606.8,902.6,1826.5,1079.0
685,747,0,0.9562,533.1,197.3,1334.6,1068.9
685,876,0,0.5326,1238.1,1.9,1414.5,232.1
685,946,0,0.6202,0.0,563.7,225.4,1070.0
685,975,0,0.7681,1400.7,92.7,1574.6,549.8
685,963,0,0.5801,1535.0,40.2,1729.1,326.8
685,1040,0,0.8423,169.6,1.9,319.9,293.8
685,1044,0,0.7562,1430.9,953.4,1556.6,1078.3
685,1058,0,0.3158,9.0,1.6,76.6,214.0
686,747,0,0.9637,519.7,189.0,1323.6,1069.5
686,876,0,0.5378,1237.2,1.9,1413.1,232.6
686,946,0,0.663,0.0,562.5,243.3,1069.8
686,975,0,0.7757,1399.5,94.1,1572.5,549.7
686,963,0,0.6206,1534.0,42.0,1726.6,326.4
686,1040,0,0.8401,173.0,1.9,322.7,292.6
686,1044,0,0.7369,1430.8,953.4,1557.2,1078.1
686,1034,0,0.5183,1592.9,899.4,1814.6,1078.2
687,747,0,0.9527,505.1,175.9,1313.0,1068.9
687,876,0,0.5208,1236.6,2.0,1412.4,233.5
687,946,0,0.5855,0.0,560.9,215.2,1067.2
687,975,0,0.7685,1398.2,95.3,1570.2,548.7
687,963,0,0.5983,1531.6,44.1,1722.7,326.1
687,1040,0,0.8305,176.8,2.0,326.6,293.4
687,1044,0,0.7696,1429.0,952.6,1557.1,1078.1
687,1034,0,0.7076,1585.8,898.9,1806.8,1078.0
687,1058,0,0.465,11.6,1.9,81.5,213.5
688,747,0,0.9516,490.0,161.6,1301.0,1068.4
688,876,0,0.5556,1236.1,2.0,1412.0,234.7
688,946,0,0.5793,0.0,559.2,199.9,1067.1
688,975,0,0.7459,1398.3,96.1,1569.2,547.3
688,963,0,0.618,1531.6,45.0,1721.5,325.3
688,1040,0,0.8248,182.0,1.8,331.7,293.7
688,1044,0,0.7853,1428.7,951.9,1558.7,1077.9
688,1034,0,0.6115,1578.1,898.7,1798.2,1078.3
688,1058,0,0.4422,13.1,2.2,85.2,211.6
689,747,0,0.9507,482.0,156.1,1288.0,1068.6
689,876,0,0.5883,1238.1,2.0,1414.3,236.0
689,946,0,0.5543,0.0,556.1,190.4,1066.7
689,975,0,0.7521,1399.5,95.7,1570.2,546.7
689,963,0,0.6518,1531.9,46.2,1721.6,325.9
689,1040,0,0.7132,188.8,1.9,339.2,295.4
689,1044,0,0.7799,1430.4,950.9,1562.9,1078.0
689,1034,0,0.7562,1576.7,900.1,1794.0,1077.5
689,1058,0,0.4486,15.4,2.6,90.5,210.5
690,747,0,0.9551,477.2,153.2,1274.0,1068.5
690,876,0,0.5379,1242.1,1.9,1417.7,235.9
690,946,0,0.5931,0.0,550.2,187.0,1067.8
690,975,0,0.6684,1404.2,96.6,1573.2,543.2
690,963,0,0.5839,1535.5,48.5,1723.5,325.8
690,1040,0,0.7326,196.2,1.9,346.5,296.2
690,1044,0,0.7937,1432.5,948.0,1568.8,1078.2
690,1034,0,0.7202,1577.0,901.5,1792.5,1077.6
690,1058,0,0.6462,17.5,2.4,97.3,212.2
691,747,0,0.9545,479.5,152.9,1265.4,1068.4
691,876,0,0.5986,1251.7,1.8,1426.2,235.3
691,946,0,0.747,0.0,545.9,188.3,1068.2
691,975,0,0.7706,1412.9,97.2,1580.9,541.0
691,963,0,0.6624,1543.9,48.9,1730.6,324.1
691,1040,0,0.8039,209.7,1.6,360.0,296.7
691,1044,0,0.769,1438.9,944.9,1578.8,1078.3
691,1034,0,0.6711,1575.0,900.9,1790.4,1078.3
691,1058,0,0.5693,22.1,2.8,106.5,211.0
692,747,0,0.9589,490.7,156.7,1262.7,1068.3
692,876,0,0.5256,1265.7,2.0,1438.3,233.8
692,946,0,0.6543,0.0,541.6,191.8,1068.8
692,975,0,0.7353,1426.4,98.3,1593.7,539.4
692,963,0,0.5359,1557.0,48.7,1743.3,323.1
692,1040,0,0.8056,228.4,1.7,377.8,296.0
692,1044,0,0.7797,1452.2,942.2,1595.1,1078.3
692,1034,0,0.7614,1577.7,898.4,1793.8,1077.9
692,1058,0,0.3923,28.9,2.1,120.7,211.8
693,747,0,0.9551,507.6,160.7,1266.0,1068.3
693,876,0,0.5154,1282.7,2.2,1455.2,235.0
693,946,0,0.8063,0.0,544.1,196.8,1070.1
693,975,0,0.7335,1443.4,99.3,1610.5,539.9
693,963,0,0.5451,1574.3,50.9,1758.9,322.4
693,1040,0,0.7586,249.9,1.7,399.6,297.4
693,1044,0,0.794,1469.0,941.4,1612.8,1078.5
693,1034,0,0.7534,1587.2,897.4,1803.6,1078.0
693,1058,0,0.5446,35.5,2.4,135.6,212.2
694,747,0,0.9568,530.9,166.8,1274.8,1068.2
694,876,0,0.604,1301.4,1.9,1476.1,239.3
694,946,0,0.7725,0.0,549.1,203.0,1070.1
694,975,0,0.809,1463.3,104.2,1630.0,544.1
694,963,0,0.6627,1593.5,55.4,1778.0,326.5
694,1040,0,0.7484,274.6,1.7,425.2,299.9
694,1044,0,0.7581,1490.4,942.2,1633.4,1078.4
694,1034,0,0.6875,1602.1,897.9,1817.3,1078.3
694,1058,0,0.6615,42.0,2.4,153.8,216.7
695,747,0,0.9498,572.9,173.2,1304.5,1064.5
695,876,0,0.4702,1323.3,1.7,1499.2,242.6
695,946,0,0.7001,0.0,541.7,215.1,1069.5
695,975,0,0.7375,1486.1,108.0,1652.4,547.0
695,963,0,0.5431,1615.5,60.2,1799.8,330.6
695,1040,0,0.8221,304.3,1.8,456.9,303.4
695,1044,0,0.7733,1514.9,943.7,1656.5,1078.3
695,1034,0,0.6659,1619.7,900.6,1830.7,1078.3
696,747,0,0.935,630.7,178.1,1361.7,1063.2
696,876,0,0.5026,1347.4,1.7,1523.4,244.6
696,946,0,0.8378,7.7,547.7,228.2,1069.9
696,975,0,0.7429,1510.2,110.1,1675.6,546.5
696,963,0,0.6026,1639.0,63.0,1823.0,332.6
696,1040,0,0.761,326.3,1.9,478.2,305.1
696,1044,0,0.8084,1539.7,943.2,1682.2,1078.2
696,1034,0,0.7935,1634.5,894.4,1850.5,1078.1
697,747,0,0.9401,686.6,182.8,1429.0,1066.7
697,876,0,0.4818,1370.3,1.7,1544.9,244.1
697,946,0,0.9244,18.4,549.6,243.5,1070.8
697,975,0,0.7252,1532.3,110.3,1696.6,544.0
697,963,0,0.587,1659.9,63.1,1844.1,332.7
697,1040,0,0.6304,350.1,2.2,498.8,301.7
697,1044,0,0.7764,1560.4,940.4,1706.0,1078.5
697,1034,0,0.7148,1651.7,888.1,1874.2,1078.4
697,1058,0,0.4638,61.0,1.7,176.6,192.1
698,747,0,0.9514,716.5,182.0,1475.8,1064.5
698,876,0,0.5671,1389.1,1.6,1562.0,243.0
698,946,0,0.9369,25.8,548.7,258.0,1071.9
698,975,0,0.7028,1549.9,108.6,1712.8,538.0
698,963,0,0.5902,1678.0,63.0,1861.6,331.8
698,1040,0,0.7312,373.4,2.1,517.8,295.2
698,1044,0,0.8005,1573.1,936.1,1722.9,1078.7
698,1034,0,0.6714,1663.2,883.4,1890.3,1078.8
698,1062,0,0.7671,413.7,881.4,573.9,1078.8
699,747,0,0.934,728.7,186.0,1496.0,1064.6
699,876,0,0.5681,1404.1,1.5,1575.9,242.6
699,946,0,0.9098,31.7,548.2,271.6,1072.2
699,975,0,0.7641,1562.2,107.8,1725.3,538.2
699,963,0,0.5731,1690.2,63.3,1873.9,332.1
699,1040,0,0.8334,392.3,2.1,530.4,282.6
699,1044,0,0.7797,1581.6,930.9,1735.1,1078.9
699,1034,0,0.7163,1670.3,880.4,1899.4,1078.7
700,747,0,0.9029,677.7,184.3,1456.9,1064.7
700,876,0,0.5513,1414.6,1.5,1585.7,243.0
700,946,0,0.4256,34.4,548.4,281.6,1072.1
700,975,0,0.7244,1571.3,108.2,1734.4,538.5
700,963,0,0.5037,1699.0,65.1,1882.0,332.8
700,1040,0,0.8251,407.4,1.9,538.1,264.9
700,1044,0,0.8208,1588.9,927.5,1743.6,1078.9
700,1034,0,0.663,1680.9,879.9,1906.8,1078.5
700,1064,0,0.6655,4.0,1.7,126.2,191.4
701,747,0,0.825,637.1,178.2,1422.8,1064.4
701,876,0,0.577,1419.4,1.3,1589.9,243.7
701,946,0,0.9389,36.5,548.6,291.3,1071.9
701,975,0,0.7155,1575.4,109.2,1737.5,536.8
701,963,0,0.5183,1702.7,66.1,1885.6,334.0
701,1040,0,0.767,414.3,2.0,542.5,256.7
701,1044,0,0.8052,1590.2,923.8,1745.8,1078.9
701,1034,0,0.7673,1683.6,879.1,1907.4,1078.4
701,1064,0,0.5843,8.6,2.0,130.7,190.9
701,1067,0,0.4174,102.7,2.0,341.7,224.1
702,747,0,0.9237,610.4,160.5,1398.9,1065.1
702,876,0,0.5309,1421.0,1.9,1588.1,240.0
702,946,0,0.9442,34.8,546.5,297.8,1072.3
702,975,0,0.7461,1575.1,108.2,1736.5,534.3
702,963,0,0.5726,1702.8,65.3,1884.1,330.2
702,1040,0,0.7934,416.6,2.0,544.1,251.6
702,1044,0,0.7989,1588.2,920.9,1743.6,1079.2
702,1034,0,0.7865,1682.5,877.4,1904.7,1078.1
702,1064,0,0.4583,10.7,2.0,132.0,188.6
702,1067,0,0.3692,103.3,2.0,341.4,223.1
703,747,0,0.932,582.5,136.4,1377.7,1066.5
703,876,0,0.5304,1419.2,1.8,1585.4,240.0
703,946,0,0.9482,31.8,543.2,302.6,1072.2
703,975,0,0.7941,1572.3,106.9,1733.4,532.5
703,963,0,0.5463,1700.9,63.1,1881.1,326.5
703,1040,0,0.8098,415.4,1.9,543.2,248.4
703,1044,0,0.7416,1582.7,917.7,1737.6,1079.3
703,1034,0,0.7446,1670.0,876.7,1890.8,1077.4
703,1064,0,0.4912,12.0,1.8,132.3,185.5
703,1067,0,0.5422,109.3,2.3,344.8,221.1
704,747,0,0.9533,565.5,113.6,1366.6,1066.6
704,876,0,0.5144,1415.5,1.7,1580.7,239.6
704,946,0,0.943,27.9,540.6,305.0,1071.5
704,975,0,0.7489,1567.7,104.9,1728.5,529.8
704,963,0,0.5423,1694.4,61.0,1875.4,325.6
704,1040,0,0.8022,410.8,1.7,540.2,246.5
704,1044,0,0.7158,1574.5,914.9,1728.2,1079.4
704,1034,0,0.726,1653.1,875.9,1873.1,1077.7
704,1064,0,0.4708,11.7,1.7,131.7,183.4
704,1067,0,0.3703,109.6,2.0,343.4,219.4
705,747,0,0.9569,557.2,105.5,1355.1,1067.5
705,876,0,0.5171,1410.9,1.8,1574.1,237.7
705,946,0,0.9459,23.9,539.7,305.6,1070.9
705,975,0,0.7861,1561.5,104.5,1721.1,526.0
705,963,0,0.5319,1687.6,60.6,1868.0,324.5
705,1040,0,0.7097,405.2,1.8,536.3,245.5
705,1044,0,0.7106,1565.6,913.3,1716.4,1079.2
705,1034,0,0.8122,1640.0,873.4,1861.9,1077.6
705,1064,0,0.5641,11.6,1.7,132.0,182.2
705,1072,0,0.5,854.4,141.8,965.4,254.0
706,747,0,0.9599,553.7,113.3,1338.6,1067.8
706,876,0,0.5202,1404.4,1.9,1566.5,237.1
706,946,0,0.9348,20.2,539.1,305.3,1070.2
706,975,0,0.778,1554.5,104.5,1713.3,523.6
706,963,0,0.548,1680.6,60.7,1859.7,322.3
706,1040,0,0.7481,398.8,1.9,531.4,244.6
706,1044,0,0.606,1558.6,913.1,1705.4,1079.1
706,1034,0,0.7804,1626.6,869.9,1851.0,1077.3
706,1064,0,0.6114,10.5,1.8,131.8,181.9
706,1072,0,0.6419,844.8,142.9,959.3,258.5
706,1067,0,0.3842,108.6,1.8,339.6,216.7
707,747,0,0.961,548.2,128.1,1319.0,1069.0
707,876,0,0.4917,1396.3,2.1,1556.6,235.6
707,946,0,0.9415,16.0,538.8,303.8,1069.7
707,975,0,0.7654,1545.6,105.3,1703.3,521.1
707,963,0,0.5062,1670.2,60.8,1848.8,321.6
707,1040,0,0.768,389.2,1.7,523.6,243.5
707,1034,0,0.6863,1603.9,866.4,1831.9,1077.2
707,1064,0,0.6725,8.0,1.8,130.4,182.3
707,1072,0,0.6817,825.1,144.0,951.8,271.5
707,1074,0,0.3946,1790.1,906.1,1914.6,1077.5
708,747,0,0.9588,545.9,154.2,1298.2,1070.6
708,876,0,0.509,1386.1,2.0,1545.8,235.5
708,946,0,0.9375,11.3,537.7,301.1,1069.2
708,975,0,0.7919,1534.4,105.2,1691.6,519.5
708,963,0,0.5006,1658.6,61.2,1836.7,321.5
708,1040,0,0.7232,383.0,1.7,518.2,242.9
708,1034,0,0.7331,1578.5,861.3,1811.5,1077.4
708,1064,0,0.4455,5.2,2.2,127.6,181.9
708,1072,0,0.7242,804.4,143.7,946.5,286.4
708,1074,0,0.3729,1772.0,900.9,1900.0,1077.4
709,747,0,0.9619,547.9,178.6,1285.2,1070.2
709,876,0,0.5742,1376.6,2.0,1534.9,234.3
709,946,0,0.9406,8.0,536.9,299.3,1069.0
709,975,0,0.7737,1524.0,105.1,1680.5,517.4
709,963,0,0.5705,1647.4,61.8,1824.3,319.8
709,1040,0,0.6726,379.1,1.7,514.5,242.0
709,1034,0,0.7634,1561.2,855.4,1798.1,1076.5
709,1072,0,0.6711,786.7,142.1,944.8,300.4
709,1074,0,0.5269,1755.7,898.3,1886.1,1078.1
710,747,0,0.9432,547.9,199.4,1275.2,1069.0
710,876,0,0.6063,1368.2,2.0,1526.7,236.0
710,946,0,0.9457,5.6,535.4,298.7,1069.2
710,975,0,0.7837,1515.8,107.1,1670.8,515.0
710,963,0,0.5174,1637.7,62.9,1814.0,320.2
710,1040,0,0.7095,376.4,1.7,512.3,241.9
710,1034,0,0.7407,1542.9,853.2,1781.3,1076.3
710,1072,0,0.656,772.4,142.8,944.5,315.0
710,1074,0,0.3952,1743.4,894.4,1876.8,1078.4
710,1075,0,0.5688,802.0,221.9,919.3,320.1
710,1062,0,0.5089,406.2,849.3,585.8,1077.2
711,747,0,0.948,543.5,215.7,1266.7,1068.8
711,876,0,0.5554,1361.4,1.9,1518.7,234.9
711,946,0,0.9432,3.4,533.6,298.8,1070.7
711,975,0,0.7745,1506.9,107.0,1662.2,515.4
711,963,0,0.5238,1627.9,63.2,1803.7,319.8
711,1040,0,0.6097,375.1,1.7,510.9,241.2
711,1034,0,0.7854,1526.6,845.5,1770.3,1075.6
711,1072,0,0.5148,768.6,142.4,947.4,322.0
711,1074,0,0.4831,1730.0,890.6,1865.7,1078.1
711,1075,0,0.6379,797.4,221.6,925.0,328.2
712,747,0,0.9529,541.9,222.7,1267.3,1067.3
712,876,0,0.4765,1357.2,1.9,1511.8,231.6
712,946,0,0.9445,2.5,530.2,300.8,1071.8
712,975,0,0.7624,1501.2,107.2,1654.8,510.9
712,963,0,0.5337,1621.1,62.9,1795.9,317.6
712,1040,0,0.798,376.2,1.6,511.4,240.1
712,1034,0,0.8027,1511.7,839.8,1758.9,1075.6
712,1072,0,0.4735,769.3,141.8,949.3,323.3
712,1074,0,0.6342,1718.0,886.1,1856.6,1078.1
712,1075,0,0.6389,791.0,218.7,927.4,332.4
712,1064,0,0.3261,5.2,3.1,127.4,180.7
712,1062,0,0.6248,400.9,837.8,582.4,1077.3
713,747,0,0.9584,536.4,222.1,1271.4,1069.0
713,876,0,0.5032,1353.0,2.0,1505.9,229.4
713,946,0,0.947,2.6,525.4,304.3,1072.2
713,975,0,0.7636,1495.5,105.0,1648.9,507.8
713,963,0,0.5177,1615.2,61.7,1788.6,314.2
713,1040,0,0.6973,378.6,1.8,512.7,237.9
713,1034,0,0.8451,1496.6,834.2,1747.1,1075.8
713,1072,0,0.4478,762.4,139.4,946.0,324.7
713,1074,0,0.5822,1707.9,879.6,1851.0,1077.9
713,1075,0,0.7083,789.9,216.5,927.6,330.7
713,1064,0,0.6664,6.3,1.9,129.3,178.6
713,1062,0,0.7043,402.6,834.6,579.9,1077.1
713,1067,0,0.3851,104.6,1.4,332.4,213.3
714,747,0,0.966,530.3,216.3,1275.2,1069.6
714,876,0,0.5005,1347.7,2.0,1499.2,227.7
714,946,0,0.9395,2.8,519.4,308.0,1071.5
714,975,0,0.7764,1489.0,102.1,1641.9,503.9
714,963,0,0.4729,1609.2,60.4,1780.2,309.0
714,1040,0,0.735,381.9,1.9,513.9,233.8
714,1034,0,0.7855,1483.1,835.9,1728.3,1076.1
714,1072,0,0.5724,758.8,137.7,941.9,321.9
714,1075,0,0.6777,791.8,214.0,927.6,326.0
714,1064,0,0.4822,7.6,1.6,131.1,176.2
714,1062,0,0.422,404.9,831.1,578.3,1076.4
714,1079,0,0.8815,1731.6,509.9,1913.6,1071.7
715,747,0,0.9594,527.2,210.0,1279.3,1070.2
715,876,0,0.4477,1343.2,1.8,1493.1,225.1
715,946,0,0.9433,3.1,513.6,312.1,1071.5
715,975,0,0.7688,1483.2,100.5,1635.0,499.5
715,963,0,0.4966,1603.0,60.0,1772.2,305.6
715,1040,0,0.7965,385.5,1.9,516.2,231.4
715,1034,0,0.8326,1471.3,828.1,1719.6,1075.8
715,1072,0,0.6484,760.2,136.7,940.5,317.6
715,1075,0,0.6085,794.7,210.8,930.6,322.4
715,1064,0,0.3384,9.5,1.5,133.8,174.1
715,1062,0,0.6497,406.8,824.5,579.0,1076.1
715,1079,0,0.9144,1713.3,492.9,1901.6,1071.8
716,747,0,0.9595,524.9,202.9,1280.8,1069.5
716,876,0,0.392,1338.3,1.9,1487.3,223.7
716,946,0,0.9316,4.4,507.7,317.8,1071.3
716,975,0,0.7623,1478.1,100.1,1628.6,495.8
716,963,0,0.507,1595.7,59.6,1764.3,304.1
716,1040,0,0.8025,391.3,1.9,520.7,229.3
716,1034,0,0.8725,1453.0,822.0,1700.1,1075.4
716,1072,0,0.6749,763.9,135.9,943.1,316.2
716,1075,0,0.5343,798.7,208.5,932.2,317.9
716,1064,0,0.4805,12.8,1.2,139.6,173.0
716,1062,0,0.593,411.3,818.5,581.8,1075.1
716,1079,0,0.9361,1693.3,476.2,1888.7,1071.0
716,1067,0,0.3262,120.6,1.4,340.7,206.4
717,747,0,0.9608,524.7,197.3,1281.1,1068.3
717,876,0,0.4149,1335.4,1.8,1483.6,222.9
717,946,0,0.9307,5.5,502.7,323.0,1071.4
717,975,0,0.7341,1473.7,100.7,1622.7,491.9
717,963,0,0.4409,1589.7,59.3,1757.2,301.8
717,1040,0,0.7946,397.4,2.0,524.5,224.9
717,1034,0,0.6647,1437.7,818.2,1680.4,1074.1
717,1072,0,0.5888,768.7,135.5,943.2,311.4
717,1075,0,0.5662,799.6,208.1,933.6,317.5
717,1064,0,0.6187,14.8,1.4,143.9,171.6
717,1062,0,0.5542,416.5,813.5,585.4,1074.7
717,1079,0,0.9532,1663.7,464.4,1867.6,1071.4
718,747,0,0.9525,528.8,192.3,1285.5,1068.6
718,876,0,0.36,1333.2,1.9,1479.8,220.7
718,946,0,0.9375,7.3,496.8,330.0,1071.8
718,975,0,0.6624,1470.1,99.7,1616.9,485.0
718,963,0,0.4227,1584.3,58.7,1750.1,297.9
718,1040,0,0.7854,405.8,1.9,528.3,215.4
718,1034,0,0.342,1438.5,815.6,1677.5,1073.2
718,1072,0,0.4636,771.2,134.2,949.7,315.0
718,1075,0,0.5711,802.8,206.1,941.2,319.3
718,1064,0,0.5283,18.5,1.4,151.4,170.9
718,1062,0,0.527,422.7,809.1,589.0,1073.9
718,1079,0,0.9559,1639.1,457.7,1852.0,1071.6
718,1067,0,0.3052,136.8,1.3,352.2,201.9
719,747,0,0.9637,534.9,187.5,1290.1,1067.9
719,876,0,0.3786,1331.4,2.0,1474.7,216.0
719,946,0,0.9221,14.3,488.9,344.8,1071.0
719,975,0,0.7666,1466.2,98.7,1611.0,478.9
719,963,0,0.4316,1578.6,57.3,1742.4,293.3
719,1040,0,0.8173,414.9,1.8,530.2,199.7
719,1075,0,0.684,802.7,202.3,946.1,320.0
719,1064,0,0.7365,21.7,1.3,157.4,168.1
719,1062,0,0.3611,427.7,801.2,594.3,1074.0
719,1079,0,0.954,1618.0,452.1,1841.4,1071.4
719,1067,0,0.3635,148.5,1.7,360.2,199.5
720,747,0,0.9567,542.5,184.9,1293.5,1067.5
720,946,0,0.9233,13.9,480.4,351.7,1070.4
720,975,0,0.6521,1460.6,94.6,1603.0,467.7
720,963,0,0.403,1571.8,53.4,1734.2,287.3
720,1040,0,0.8054,422.7,1.7,532.0,186.2
720,1075,0,0.637,803.7,197.1,948.8,316.7
720,1064,0,0.7643,25.5,1.1,163.5,163.6
720,1062,0,0.4093,431.7,789.4,599.3,1072.2
720,1079,0,0.9528,1596.7,453.0,1830.8,1070.8
720,1067,0,0.5381,162.7,2.0,368.2,194.5
721,747,0,0.9554,548.1,185.5,1293.1,1068.5
721,946,0,0.9314,12.0,471.9,356.3,1069.4
721,975,0,0.6286,1453.4,89.0,1594.0,457.3
721,963,0,0.3728,1563.0,49.9,1724.7,282.9
721,1040,0,0.6474,426.2,1.5,531.8,177.2
721,1075,0,0.5559,806.8,192.8,946.2,308.1
721,1064,0,0.7645,27.9,1.0,167.8,158.4
721,1079,0,0.9584,1579.1,452.5,1826.0,1070.7
721,1067,0,0.517,172.4,2.0,370.8,187.4
721,1072,0,0.3113,778.7,123.8,948.4,296.7
721,876,0,0.3325,1322.9,1.6,1460.7,206.7
722,747,0,0.9569,551.5,182.8,1291.4,1068.3
722,946,0,0.9133,13.0,463.3,363.5,1068.7
722,975,0,0.7034,1445.0,85.2,1584.3,449.8
722,963,0,0.3521,1552.8,47.1,1713.0,278.0
722,1040,0,0.6811,427.5,1.5,532.3,173.7
722,1075,0,0.4656,810.8,189.2,939.6,295.7
722,1064,0,0.7569,29.1,0.8,172.1,154.6
722,1079,0,0.9566,1563.0,457.4,1822.1,1070.3
722,1072,0,0.3262,780.6,120.2,946.8,290.5
723,747,0,0.9583,556.0,179.9,1290.0,1068.1
723,946,0,0.9314,17.3,455.3,373.0,1069.7
723,975,0,0.6873,1437.2,81.8,1574.6,440.8
723,963,0,0.342,1544.3,44.9,1701.3,270.7
723,1040,0,0.6232,431.3,1.5,535.0,170.2
723,1075,0,0.3162,814.6,184.5,936.8,285.9
723,1064,0,0.7823,34.2,0.7,181.1,152.1
723,1079,0,0.9553,1547.6,462.9,1819.7,1069.4
723,1072,0,0.6128,784.0,117.6,944.6,283.3
723,1067,0,0.4246,183.3,1.4,376.9,181.4
724,747,0,0.9626,561.5,178.4,1288.5,1068.5
724,946,0,0.9309,25.2,447.8,385.0,1070.5
724,975,0,0.6213,1430.2,79.9,1566.4,435.5
724,1075,0,0.3982,817.7,181.4,933.7,277.7
724,1064,0,0.7841,43.5,0.6,192.9,149.2
724,1079,0,0.945,1534.4,462.7,1819.9,1062.7
724,1072,0,0.6036,788.2,115.8,943.1,276.4
724,1067,0,0.3077,194.3,1.2,382.3,174.5
724,1034,0,0.4833,1322.4,740.4,1618.5,1073.1
725,747,0,0.9648,566.9,176.3,1286.8,1068.4
725,946,0,0.9355,34.9,440.6,397.3,1069.9
725,975,0,0.5638,1424.7,78.5,1558.4,427.6
725,1064,0,0.7957,53.3,0.8,204.6,146.6
725,1079,0,0.9461,1520.0,459.7,1824.6,1067.0
725,1072,0,0.6491,791.8,113.2,942.9,270.5
725,1067,0,0.3638,203.7,1.5,392.6,175.3
725,1082,0,0.7009,5.2,889.4,76.2,1026.2
725,1034,0,0.8225,1308.4,728.4,1603.9,1073.3
726,747,0,0.9644,570.1,173.3,1284.0,1068.3
726,946,0,0.939,44.8,434.3,408.3,1069.4
726,975,0,0.6811,1418.7,76.4,1551.0,421.7
726,1064,0,0.7839,63.8,0.8,216.7,143.7
726,1079,0,0.9526,1504.7,451.5,1830.2,1071.1
726,1072,0,0.5278,795.0,110.5,944.3,266.5
726,1067,0,0.5856,213.1,0.9,400.3,172.2
726,1082,0,0.8013,10.6,875.9,82.7,1013.9
726,1034,0,0.8271,1296.9,716.9,1590.6,1072.1
726,876,0,0.305,1298.2,1.2,1425.6,189.1
726,963,0,0.331,1522.3,40.2,1674.1,258.8
726,1075,0,0.4314,824.1,177.0,933.3,267.6
727,747,0,0.9689,569.6,170.2,1278.4,1069.0
727,946,0,0.9417,54.8,428.1,419.0,1069.6
727,975,0,0.6568,1411.0,74.8,1543.4,420.9
727,1064,0,0.8022,72.8,0.8,227.5,142.0
727,1079,0,0.9463,1482.6,441.1,1826.7,1072.7
727,1072,0,0.4871,796.9,108.9,944.4,264.4
727,1067,0,0.6469,222.3,1.2,406.2,168.7
727,1082,0,0.8345,15.7,863.4,87.8,999.4
727,1034,0,0.8551,1288.1,708.2,1579.1,1071.0
727,1087,0,0.5881,3.5,176.6,55.1,533.2
727,1075,0,0.4621,822.7,174.0,933.6,266.7
727,1040,0,0.5771,453.4,0.4,551.0,162.1
728,747,0,0.9705,569.2,165.0,1273.5,1069.5
728,946,0,0.9327,65.3,422.9,429.2,1069.8
728,975,0,0.583,1404.6,74.2,1534.8,414.7
728,1064,0,0.7805,81.4,0.7,237.5,140.2
728,1079,0,0.938,1451.9,430.2,1810.5,1072.8
728,1072,0,0.5486,799.0,108.2,945.0,262.9
728,1067,0,0.569,230.4,1.1,413.1,166.8
728,1082,0,0.841,20.8,852.7,93.2,986.1
728,1034,0,0.7705,1274.9,702.1,1560.5,1070.9
728,1087,0,0.6901,6.7,151.0,61.4,526.3
728,1089,0,0.7734,1804.1,885.8,1920.0,1077.9
728,1090,0,0.4513,2.2,658.1,35.6,812.0
728,1040,0,0.6663,460.0,0.4,554.1,158.7
729,747,0,0.9599,565.5,151.8,1268.8,1069.0
729,946,0,0.9355,75.4,418.4,438.1,1070.2
729,975,0,0.588,1397.1,74.4,1526.5,413.3
729,1064,0,0.8101,89.5,0.7,248.5,140.6
729,1079,0,0.9328,1419.5,419.0,1789.2,1073.0
729,1072,0,0.5916,801.1,108.0,944.3,260.8
729,1067,0,0.7011,237.7,1.0,421.9,168.5
729,1082,0,0.8681,25.1,844.7,98.8,975.9
729,1034,0,0.6374,1255.8,698.1,1533.9,1072.1
729,1087,0,0.7569,10.8,128.5,68.4,519.5
729,1089,0,0.7716,1800.8,877.3,1920.0,1077.9
729,1090,0,0.3724,5.2,646.6,39.3,803.3
729,1040,0,0.7159,464.7,0.3,556.4,156.8
729,1062,0,0.6541,477.4,691.0,628.8,958.0
730,747,0,0.9522,563.8,144.8,1260.2,1068.6
730,946,0,0.9309,86.6,414.7,446.8,1070.7
730,975,0,0.5784,1390.1,75.0,1518.5,411.8
730,1064,0,0.8298,96.2,0.9,257.8,141.3
730,1079,0,0.9432,1389.6,410.2,1766.8,1074.4
730,1072,0,0.6388,805.9,109.4,943.4,256.3
730,1067,0,0.7185,243.5,1.1,425.1,166.1
730,1082,0,0.8629,27.6,837.2,103.5,967.2
730,1034,0,0.7498,1239.9,694.2,1508.8,1072.5
730,1087,0,0.7824,14.6,119.1,74.1,515.3
730,1089,0,0.7973,1793.5,870.6,1920.0,1077.4
730,1090,0,0.4419,7.6,633.5,42.7,792.6
730,1040,0,0.7463,467.5,0.4,558.0,156.8
730,1062,0,0.4924,484.2,682.3,628.5,946.3
731,747,0,0.9539,560.3,137.6,1250.1,1069.3
731,946,0,0.9338,98.4,412.1,455.0,1071.2
731,975,0,0.5795,1384.5,77.5,1511.0,409.6
731,1064,0,0.795,102.5,1.1,266.6,142.1
731,1079,0,0.9274,1363.5,403.2,1744.6,1074.3
731,1072,0,0.6041,810.3,110.7,938.7,247.8
731,1067,0,0.7296,248.6,1.0,429.9,165.8
731,1082,0,0.8442,30.1,831.1,108.6,959.3
731,1087,0,0.805,17.9,112.1,79.7,512.5
731,1089,0,0.8436,1785.4,863.4,1920.0,1077.2
731,1040,0,0.7592,470.9,0.4,559.9,156.1
731,1062,0,0.3925,490.7,676.4,628.0,935.6
731,1093,0,0.4175,124.7,848.6,203.8,956.5
732,747,0,0.9546,558.9,134.0,1239.1,1069.6
732,946,0,0.9342,112.0,410.2,464.1,1071.9
732,975,0,0.577,1380.1,79.3,1505.3,408.6
732,1064,0,0.7727,108.9,1.1,275.2,142.9
732,1079,0,0.905,1333.7,396.2,1715.7,1074.5
732,1072,0,0.5932,812.7,111.7,937.2,244.6
732,1067,0,0.6125,253.7,1.1,432.8,163.6
732,1082,0,0.8253,35.8,824.6,117.0,951.2
732,1087,0,0.7774,21.3,112.6,85.3,510.8
732,1089,0,0.8344,1777.6,856.0,1920.0,1077.2
732,1040,0,0.7643,474.8,0.3,562.5,155.4
732,1093,0,0.4225,132.8,842.3,211.3,949.0
732,1094,0,0.7361,1.7,581.2,60.1,1069.1
733,747,0,0.9534,562.1,134.3,1231.1,1070.1
733,946,0,0.9255,123.8,406.9,471.1,1072.3
733,975,0,0.6118,1375.8,79.8,1498.2,401.6
733,1064,0,0.7948,116.2,1.0,283.0,142.5
733,1079,0,0.9051,1309.9,392.0,1690.0,1074.4
733,1072,0,0.6186,811.9,111.5,938.2,246.6
733,1067,0,0.5658,259.2,1.0,437.7,162.6
733,1082,0,0.8291,41.5,817.5,125.7,942.9
733,1087,0,0.7728,24.7,114.9,90.8,507.0
733,1089,0,0.8378,1769.2,848.8,1920.0,1077.2
733,1040,0,0.7696,478.4,0.4,564.8,154.7
733,1093,0,0.358,142.1,834.3,219.5,939.2
733,1094,0,0.7932,3.1,572.3,62.6,1068.3
733,963,0,0.3074,1470.7,46.0,1612.1,249.6
733,1062,0,0.5551,499.1,660.5,632.0,919.5
734,747,0,0.9547,566.9,134.8,1225.2,1069.5
734,946,0,0.927,136.8,402.5,479.1,1072.8
734,975,0,0.5152,1372.6,79.0,1492.3,393.0
734,1064,0,0.7323,124.0,1.1,290.0,141.2
734,1079,0,0.9391,1286.4,389.5,1662.7,1073.6
734,1072,0,0.5207,810.1,110.1,937.8,246.9
734,1067,0,0.6109,266.8,1.1,444.0,161.6
734,1082,0,0.8351,48.4,808.8,135.8,933.7
734,1087,0,0.7934,27.2,112.9,96.6,501.8
734,1089,0,0.8071,1758.9,840.0,1917.7,1077.3
734,1040,0,0.6985,482.3,0.5,566.6,151.8
734,1093,0,0.5344,150.9,823.9,228.7,929.1
734,1094,0,0.7982,4.6,560.3,65.9,1068.8
734,1062,0,0.42,504.5,652.1,633.5,910.3
734,1075,0,0.4173,824.5,167.5,922.4,248.8
735,747,0,0.9542,573.5,134.1,1223.6,1069.4
735,946,0,0.925,151.5,397.8,487.8,1072.0
735,975,0,0.5258,1370.1,76.9,1487.6,384.7
735,1064,0,0.7176,132.5,0.9,296.1,138.2
735,1079,0,0.9378,1265.7,389.2,1636.5,1074.0
735,1072,0,0.5986,809.8,107.4,939.4,246.3
735,1067,0,0.647,274.1,1.1,448.6,158.7
735,1082,0,0.8263,56.4,800.0,146.0,923.0
735,1087,0,0.7889,29.3,109.8,102.5,495.1
735,1089,0,0.8249,1746.9,831.3,1910.9,1077.5
735,1040,0,0.6607,487.0,1.1,568.8,147.9
735,1093,0,0.5716,160.2,815.1,237.2,918.7
735,1094,0,0.8583,5.1,515.9,72.1,1068.4
735,1062,0,0.4524,511.4,644.6,636.5,900.3
735,1097,0,0.8193,1580.7,675.0,1696.7,1076.3
735,1098,0,0.482,1832.6,842.6,1916.8,1077.0
735,1075,0,0.5521,823.8,166.4,920.4,245.4
736,747,0,0.9365,578.0,132.6,1221.3,1069.3
736,946,0,0.9261,166.5,392.7,496.2,1070.5
736,975,0,0.5059,1365.4,74.4,1484.3,386.2
736,1064,0,0.7357,140.6,1.0,302.3,135.7
736,1079,0,0.9303,1228.9,387.6,1598.9,1074.3
736,1072,0,0.606,811.1,105.4,938.3,241.4
736,1067,0,0.5539,280.8,1.1,453.1,156.4
736,1082,0,0.8338,62.8,790.8,154.5,912.4
736,1087,0,0.8084,31.8,109.8,109.1,490.0
736,1089,0,0.8023,1735.4,821.7,1904.3,1077.1
736,1093,0,0.6439,169.0,806.5,245.8,908.9
736,1094,0,0.8832,6.5,493.1,77.0,1069.7
736,1062,0,0.5738,518.0,637.3,640.1,890.9
736,1097,0,0.828,1565.4,670.3,1682.9,1076.2
736,1098,0,0.3662,1825.8,825.4,1916.5,1077.2
736,1075,0,0.352,825.0,162.3,922.0,240.8
737,747,0,0.9303,579.7,126.6,1217.6,1068.5
737,946,0,0.9236,180.4,388.7,503.5,1071.0
737,975,0,0.579,1360.9,72.3,1479.8,384.9
737,1064,0,0.7246,148.5,0.8,308.7,133.4
737,1079,0,0.9226,1210.7,386.5,1576.1,1074.4
737,1072,0,0.6504,813.9,104.1,935.5,233.4
737,1067,0,0.5023,289.0,1.6,459.3,155.5
737,1082,0,0.8324,69.3,782.6,163.3,903.3
737,1087,0,0.8242,33.1,108.6,115.1,484.4
737,1089,0,0.7685,1723.4,813.2,1896.2,1077.4
737,1093,0,0.7206,176.6,798.3,253.6,899.8
737,1094,0,0.8898,8.1,480.8,81.0,1070.3
737,1062,0,0.6193,523.8,633.2,641.8,882.1
737,1097,0,0.8557,1543.0,666.0,1662.9,1075.8
737,1098,0,0.5034,1819.6,814.8,1914.4,1077.1
737,1075,0,0.3908,824.9,161.1,913.7,232.2
737,963,0,0.3082,1451.8,41.4,1586.7,235.6
738,747,0,0.9032,653.9,112.8,1140.4,806.3
738,946,0,0.9127,195.3,385.7,510.8,1071.5
738,975,0,0.5614,1357.6,72.6,1476.0,384.4
738,1064,0,0.6905,155.6,0.8,315.8,132.7
738,1079,0,0.9345,1197.0,385.9,1556.5,1073.0
738,1072,0,0.5353,818.9,103.0,934.8,225.7
738,1067,0,0.3881,293.7,1.3,464.6,156.1
738,1082,0,0.8247,77.1,776.2,173.3,896.2
738,1087,0,0.825,37.2,109.7,123.5,480.7
738,1089,0,0.6947,1714.5,806.4,1889.6,1076.4
738,1093,0,0.7133,185.6,791.8,262.7,891.7
738,1094,0,0.8844,11.1,470.1,86.9,1071.0
738,1062,0,0.6804,528.7,627.9,643.7,874.5
738,1097,0,0.8286,1522.9,661.8,1646.0,1075.3
738,1098,0,0.5436,1812.9,808.1,1910.9,1077.4
738,1099,0,0.4378,1864.4,33.0,1915.9,230.9
739,747,0,0.9363,602.8,109.9,1207.8,991.4
739,946,0,0.9042,220.5,383.2,531.8,1071.6
739,975,0,0.5546,1355.5,73.3,1472.2,381.2
739,1064,0,0.6836,163.5,0.8,324.4,132.7
739,1079,0,0.9274,1178.6,383.0,1535.1,1073.1
739,1072,0,0.5825,824.8,102.6,934.4,218.8
739,1067,0,0.4951,300.0,1.3,470.7,156.1
739,1082,0,0.8282,86.2,769.9,184.3,889.5
739,1087,0,0.8299,44.7,111.4,135.1,477.6
739,1089,0,0.7807,1696.4,800.1,1876.1,1075.9
739,1093,0,0.749,196.6,785.3,274.8,884.7
739,1094,0,0.8708,14.6,456.7,94.3,1072.1
739,1062,0,0.4587,535.3,623.1,647.8,868.1
739,1097,0,0.8482,1507.5,656.6,1635.6,1075.0
739,1098,0,0.4536,1807.6,802.4,1908.8,1077.2
739,1099,0,0.5109,1862.6,30.3,1914.3,228.4
739,1040,0,0.3754,505.8,0.4,574.5,118.7
740,747,0,0.9013,622.8,105.3,1248.0,1025.9
740,946,0,0.9166,247.0,380.3,556.9,1072.0
740,975,0,0.6636,1353.6,73.8,1468.8,378.1
740,1064,0,0.6817,172.9,0.9,333.8,132.6
740,1079,0,0.8945,1164.7,380.7,1518.8,1073.8
740,1072,0,0.4859,831.4,102.4,935.3,212.9
740,1067,0,0.5032,308.7,1.2,477.6,154.3
740,1082,0,0.8373,97.1,762.9,196.4,881.3
740,1087,0,0.8066,53.8,112.9,147.6,473.0
740,1089,0,0.5639,1694.5,794.1,1875.4,1075.0
740,1093,0,0.7614,208.0,778.4,287.2,876.7
740,1094,0,0.8941,20.3,454.9,103.7,1072.3
740,1062,0,0.5862,542.8,619.4,652.3,860.6
740,1097,0,0.8588,1487.0,649.8,1620.8,1074.5
740,1098,0,0.4155,1804.5,799.6,1907.5,1075.7
740,1099,0,0.5432,1858.3,26.9,1911.0,226.6
740,1040,0,0.6575,511.7,0.4,578.7,111.1
740,963,0,0.3052,1441.0,43.1,1572.9,232.8
741,747,0,0.881,661.8,98.6,1307.0,1046.7
741,946,0,0.9124,266.3,377.5,575.8,1072.3
741,975,0,0.6843,1351.2,74.3,1465.0,374.8
741,1064,0,0.6602,182.4,0.8,342.8,132.0
741,1079,0,0.9209,1145.3,372.9,1500.9,1073.7
741,1072,0,0.3054,839.9,102.5,938.1,207.8
741,1067,0,0.4919,318.7,1.1,483.4,149.8
741,1082,0,0.857,107.5,755.8,207.7,872.8
741,1087,0,0.8205,63.1,112.2,160.3,469.1
741,1089,0,0.5536,1688.8,786.9,1866.6,1065.1
741,1093,0,0.7636,219.3,771.7,299.1,867.9
741,1094,0,0.8809,24.3,433.6,114.8,1073.2
741,1062,0,0.4781,551.4,615.6,657.8,852.3
741,1097,0,0.7719,1485.3,643.3,1611.8,1030.2
741,1098,0,0.6527,1797.4,790.8,1903.8,1070.4
741,1099,0,0.4314,1855.2,26.3,1907.7,221.5
741,1040,0,0.3904,513.9,0.4,582.5,108.4
741,963,0,0.3027,1437.4,42.9,1568.6,232.2
742,747,0,0.8594,693.8,92.5,1355.9,1059.3
742,946,0,0.8994,281.9,374.2,592.2,1072.1
742,975,0,0.6455,1348.2,74.0,1460.8,371.7
742,1064,0,0.6912,192.3,0.9,351.8,131.2
742,1079,0,0.9089,1118.1,364.3,1474.7,1074.2
742,1072,0,0.3276,848.5,101.6,942.6,204.0
742,1067,0,0.5065,326.3,1.1,491.0,149.7
742,1082,0,0.8501,118.4,747.9,219.3,863.7
742,1087,0,0.8105,72.7,112.2,172.6,464.3
742,1089,0,0.7217,1681.8,777.7,1862.1,1063.8
742,1093,0,0.778,227.6,763.0,309.2,859.2
742,1094,0,0.8564,27.2,402.4,126.7,1073.7
742,1062,0,0.5703,558.0,610.8,662.3,844.7
742,1097,0,0.7748,1465.9,636.0,1604.9,1048.9
742,1098,0,0.6386,1790.1,781.5,1900.2,1063.2
742,1099,0,0.5612,1848.3,25.6,1903.0,222.5
742,963,0,0.3319,1434.0,42.7,1563.8,230.1
743,747,0,0.876,705.1,88.5,1381.3,1065.1
743,946,0,0.8928,296.5,371.2,606.8,1072.1
743,975,0,0.6192,1344.9,73.9,1456.4,368.7
743,1064,0,0.6342,200.3,0.9,359.5,130.9
743,1079,0,0.9229,1093.9,354.2,1450.1,1073.0
743,1067,0,0.469,333.7,1.4,499.5,151.4
743,1082,0,0.8507,129.0,739.5,230.8,854.9
743,1087,0,0.8038,83.0,112.3,185.3,460.3
743,1089,0,0.7986,1663.6,769.6,1845.4,1058.4
743,1093,0,0.763,236.0,755.9,317.6,850.3
743,1094,0,0.9106,31.2,376.3,140.3,1073.7
743,1062,0,0.5262,564.9,606.0,666.5,835.5
743,1097,0,0.8105,1450.1,628.3,1598.6,1052.4
743,1098,0,0.7195,1784.8,776.0,1897.6,1056.2
743,1099,0,0.5379,1841.5,26.1,1897.9,219.9
743,963,0,0.3284,1429.8,43.6,1558.2,229.1
743,1040,0,0.4012,526.7,0.0,596.9,106.7
744,747,0,0.8595,713.4,87.1,1396.5,1066.7
744,946,0,0.8851,310.2,368.3,620.9,1072.5
744,975,0,0.7293,1340.5,74.3,1450.8,366.6
744,1064,0,0.6909,209.3,0.8,368.3,130.8
744,1079,0,0.9078,1078.4,350.8,1432.6,1072.8
744,1067,0,0.5028,338.8,1.5,505.8,152.5
744,1082,0,0.8611,140.0,732.6,241.8,846.4
744,1087,0,0.8072,92.3,113.9,196.3,456.6
744,1089,0,0.6646,1654.9,762.6,1834.5,1048.8
744,1093,0,0.7457,243.3,748.3,325.1,841.4
744,1094,0,0.9168,32.7,364.1,149.5,1073.6
744,1097,0,0.7025,1440.4,621.2,1593.7,1047.6
744,1098,0,0.657,1773.9,768.4,1889.3,1046.1
744,1099,0,0.5045,1834.9,27.2,1893.7,218.2
744,963,0,0.4614,1424.6,44.9,1551.2,228.0
744,1104,32,0.8097,855.3,652.7,1029.6,823.2
744,1105,0,0.5952,1361.4,630.0,1467.4,1040.9
744,1040,0,0.4663,536.0,0.1,607.2,107.4
744,876,0,0.488,1237.7,1.0,1351.1,168.8
745,747,0,0.9166,683.9,87.4,1376.5,1068.5
745,946,0,0.8929,316.2,366.7,627.0,1072.6
745,975,0,0.7138,1335.1,75.6,1444.1,364.6
745,1064,0,0.5745,217.3,1.0,377.6,132.3
745,1079,0,0.8877,1089.0,390.2,1417.5,1071.6
745,1067,0,0.3978,344.1,1.8,511.6,154.0
745,1082,0,0.8009,150.8,726.9,251.6,838.5
745,1087,0,0.7702,101.9,116.3,207.4,454.2
745,1089,0,0.6937,1642.9,755.3,1821.2,1039.8
745,1093,0,0.636,249.8,742.1,331.8,834.4
745,1094,0,0.9271,34.0,358.3,158.1,1073.2
745,1097,0,0.6535,1419.7,618.9,1574.2,1042.7
745,1098,0,0.6277,1761.2,764.4,1877.4,1036.8
745,963,0,0.4247,1418.1,47.4,1543.3,228.6
745,1104,32,0.9306,880.4,655.5,1050.9,822.3
745,1105,0,0.6937,1352.9,625.4,1459.2,1037.3
745,1040,0,0.4749,541.6,0.0,613.8,109.1
745,876,0,0.3827,1231.8,1.3,1344.7,169.0
746,747,0,0.9182,642.2,91.2,1340.3,1071.3
746,946,0,0.8713,323.8,367.6,632.1,1072.1
746,975,0,0.641,1329.1,79.3,1436.7,365.1
746,1064,0,0.5739,222.9,1.1,386.8,136.3
746,1079,0,0.9088,1082.3,399.9,1398.1,1071.4
746,1067,0,0.4759,348.4,1.8,519.4,158.3
746,1082,0,0.8433,161.2,723.8,261.0,833.1
746,1087,0,0.7583,109.9,119.5,217.1,454.3
746,1089,0,0.555,1633.6,750.8,1809.3,1032.5
746,1093,0,0.7313,255.5,737.5,337.5,829.4
746,1094,0,0.9276,35.1,357.7,166.0,1073.2
746,1097,0,0.6327,1406.3,615.6,1561.7,1035.7
746,1098,0,0.659,1748.5,759.1,1868.0,1031.2
746,963,0,0.4515,1411.5,51.8,1535.1,231.1
746,1104,32,0.9053,903.6,668.1,1073.7,834.6
746,1105,0,0.7492,1342.6,623.1,1446.9,1027.4
746,1040,0,0.5115,544.3,0.3,617.8,113.5
746,876,0,0.4031,1227.0,2.4,1340.7,173.4
746,1099,0,0.4357,1806.7,35.9,1867.7,221.6
747,747,0,0.9492,602.4,95.4,1302.6,1072.3
747,946,0,0.839,330.1,371.0,634.2,1072.0
747,975,0,0.6975,1322.7,86.0,1428.9,368.0
747,1064,0,0.4141,227.2,1.5,395.7,142.2
747,1079,0,0.9093,1072.6,400.5,1380.0,1070.8
747,1082,0,0.7693,170.6,721.4,270.4,830.4
747,1087,0,0.6594,118.4,125.1,226.9,455.9
747,1089,0,0.5529,1624.8,748.9,1796.8,1025.7
747,1093,0,0.5448,261.6,735.9,342.8,826.6
747,1094,0,0.9407,35.7,360.4,173.1,1073.2
747,1097,0,0.5232,1395.0,615.2,1551.6,1029.3
747,1098,0,0.6449,1737.4,755.3,1857.8,1022.3
747,963,0,0.414,1404.6,58.6,1526.6,236.1
747,1104,32,0.9595,923.4,692.1,1094.4,859.3
747,1105,0,0.7677,1331.3,622.3,1434.1,1021.8
747,1040,0,0.5725,547.0,0.1,622.3,119.1
747,876,0,0.449,1221.1,6.1,1335.0,180.0
748,747,0,0.9523,580.5,98.4,1281.1,1072.1
748,946,0,0.8889,316.6,374.4,609.9,1071.6
748,975,0,0.7002,1314.8,94.3,1419.3,371.9
748,1064,0,0.4714,230.0,1.2,403.6,148.6
748,1079,0,0.8653,1058.4,397.0,1360.0,1071.8
748,1082,0,0.6691,178.8,719.6,278.2,828.2
748,1087,0,0.7263,125.4,132.2,234.5,457.8
748,1089,0,0.4622,1612.0,747.9,1781.9,1022.0
748,1094,0,0.9439,35.3,364.5,178.9,1073.3
748,1097,0,0.4437,1391.3,618.7,1550.6,1023.8
748,1098,0,0.5815,1723.2,755.7,1844.3,1016.5
748,963,0,0.3923,1395.1,66.8,1515.4,241.8
748,1104,32,0.8323,942.4,728.0,1116.3,898.5
748,1105,0,0.7476,1322.6,622.1,1423.9,1016.8
748,1040,0,0.5923,549.9,0.1,627.1,125.4
748,876,0,0.45,1214.4,12.4,1326.6,185.9
748,1067,0,0.3055,352.0,2.1,530.8,168.4
749,747,0,0.9553,566.2,99.5,1264.0,1071.6
749,946,0,0.9089,315.9,377.1,600.3,1072.0
749,975,0,0.6209,1305.5,100.3,1408.7,374.2
749,1064,0,0.5156,231.8,1.1,408.1,153.7
749,1079,0,0.8988,1047.4,396.7,1341.3,1072.2
749,1082,0,0.7093,186.6,717.4,283.9,824.0
749,1087,0,0.7407,130.4,136.6,240.5,459.4
749,1089,0,0.564,1607.7,744.8,1771.8,1013.5
749,1094,0,0.9437,35.5,367.4,185.5,1072.9
749,1097,0,0.6928,1363.3,620.1,1521.9,1017.2
749,1098,0,0.5218,1704.1,753.0,1826.7,1010.8
749,963,0,0.3079,1384.1,72.9,1502.9,245.9
749,1104,32,0.7328,959.1,779.8,1135.1,952.8
749,1105,0,0.7239,1311.3,621.1,1410.4,1008.7
749,876,0,0.3677,1205.6,18.9,1315.3,190.0
749,1067,0,0.4097,352.8,1.5,533.6,172.9
750,747,0,0.9564,561.1,103.7,1251.3,1071.7
750,946,0,0.9084,317.5,378.7,594.3,1072.1
750,975,0,0.6127,1293.6,105.3,1395.5,375.7
750,1064,0,0.5061,232.8,1.3,410.7,158.3
750,1079,0,0.8633,1033.3,401.4,1317.5,1072.3
750,1082,0,0.6365,192.1,714.5,287.2,819.1
750,1087,0,0.7233,133.7,141.6,244.0,459.5
750,1089,0,0.6768,1595.5,740.7,1755.1,1005.6
750,1094,0,0.9424,34.6,369.1,191.1,1073.1
750,1097,0,0.5746,1341.3,619.2,1498.2,1008.4
750,1098,0,0.516,1682.4,748.5,1805.7,1003.8
750,963,0,0.3189,1370.3,78.8,1487.5,249.1
750,1104,32,0.8185,980.7,826.4,1147.7,990.8
750,1105,0,0.6234,1297.8,620.6,1394.6,1001.7
750,876,0,0.3137,1196.6,25.6,1303.8,193.8
750,1067,0,0.3857,352.7,1.3,533.9,176.4
750,1119,0,0.607,1447.3,636.6,1555.1,826.0
750,1120,0,0.4642,1839.2,624.0,1918.9,976.3
750,1121,0,0.3868,2.1,172.7,46.8,320.2
751,747,0,0.947,575.2,104.1,1256.7,1070.8
751,946,0,0.9098,318.9,379.5,588.5,1072.3
751,975,0,0.6422,1279.1,109.1,1379.8,376.2
751,1064,0,0.4443,232.3,1.2,410.9,162.2
751,1079,0,0.8626,1019.7,408.9,1291.3,1069.3
751,1082,0,0.5578,195.9,709.8,289.2,813.0
751,1087,0,0.6918,135.8,145.8,246.3,459.3
751,1089,0,0.591,1580.5,736.1,1734.3,994.8
751,1094,0,0.9408,32.1,369.9,194.6,1072.4
751,1098,0,0.5534,1661.8,744.3,1784.9,995.4
751,963,0,0.3277,1356.0,83.6,1471.8,252.6
751,1104,32,0.7288,993.5,886.7,1166.8,1057.8
751,1105,0,0.5336,1307.5,617.3,1406.4,994.7
751,876,0,0.3754,1183.7,31.2,1289.1,197.8
751,1119,0,0.7266,1427.4,627.4,1536.9,819.3
751,1120,0,0.4666,1837.0,620.1,1896.0,874.6
751,1121,0,0.4001,3.6,174.5,48.5,322.2
751,1125,0,0.5054,1861.1,403.5,1911.0,549.7
752,747,0,0.9426,589.3,106.4,1256.0,1071.4
752,946,0,0.9124,320.1,379.1,583.5,1071.7
752,975,0,0.6004,1264.1,113.0,1363.0,375.3
752,1064,0,0.4211,231.6,0.9,409.9,165.2
752,1079,0,0.3821,1006.1,409.9,1268.0,1069.4
752,1082,0,0.5056,199.2,704.5,289.9,806.0
752,1087,0,0.6983,136.5,148.4,247.1,457.9
752,1089,0,0.5462,1560.5,729.8,1711.6,986.8
752,1094,0,0.9437,30.0,370.7,198.1,1072.5
752,1098,0,0.523,1638.9,734.0,1764.9,987.6
752,963,0,0.3051,1340.0,88.1,1453.4,253.6
752,1104,32,0.7627,1025.6,957.6,1157.9,1080.0
752,876,0,0.4074,1170.8,36.4,1273.8,200.0
752,1119,0,0.702,1406.7,624.9,1514.1,812.4
752,1121,0,0.3433,4.9,177.4,49.1,321.9
752,1125,0,0.5568,1844.3,401.9,1893.5,544.2
752,1097,0,0.3455,1294.4,612.9,1446.7,989.5
753,747,0,0.955,604.4,106.4,1251.0,1065.4
753,946,0,0.911,320.0,378.2,578.2,1071.7
753,975,0,0.6748,1249.0,115.3,1346.5,373.8
753,1064,0,0.4433,230.0,1.0,405.8,166.6
753,1082,0,0.4973,201.3,697.7,289.8,798.3
753,1087,0,0.6212,135.5,148.6,246.0,454.9
753,1089,0,0.4789,1539.0,724.2,1686.9,977.1
753,1094,0,0.9441,27.7,369.2,201.7,1073.3
753,1098,0,0.4832,1621.2,732.4,1744.1,975.0
753,963,0,0.3753,1324.1,90.2,1434.4,251.3
753,876,0,0.4048,1156.9,38.3,1258.6,200.9
753,1119,0,0.767,1383.7,619.5,1490.7,804.4
753,1121,0,0.3574,7.1,180.5,51.5,323.5
753,1125,0,0.5941,1820.1,399.7,1868.9,538.6
753,1130,0,0.4723,1766.2,611.4,1900.0,971.8
753,1132,0,0.3995,280.8,652.8,382.1,792.2
753,1105,0,0.4991,1279.1,606.7,1379.0,976.6
754,747,0,0.9535,621.5,105.1,1249.7,1064.5
754,946,0,0.9064,318.7,376.2,572.1,1071.7
754,975,0,0.7044,1233.6,116.7,1329.8,371.4
754,1064,0,0.4408,229.3,1.4,401.5,167.0
754,1082,0,0.4587,203.5,691.0,289.0,790.1
754,1087,0,0.6146,134.5,149.1,244.8,451.6
754,1089,0,0.5322,1522.3,717.4,1666.8,967.1
754,1094,0,0.9457,25.6,367.6,205.1,1073.5
754,1098,0,0.4325,1601.0,724.2,1724.1,963.3
754,963,0,0.4582,1307.5,91.0,1415.9,249.3
754,876,0,0.4358,1143.5,40.6,1243.0,200.1
754,1119,0,0.7781,1362.1,615.5,1467.4,794.8
754,1125,0,0.5615,1795.2,397.4,1844.1,533.2
754,1132,0,0.4406,278.0,647.0,379.9,786.8
754,1133,0,0.4001,1005.8,1.3,1106.6,141.9
754,1105,0,0.7084,1256.7,600.7,1356.4,963.4
755,747,0,0.9577,634.4,101.9,1244.8,1061.4
755,946,0,0.9139,317.4,373.6,566.2,1070.0
755,975,0,0.6133,1218.4,116.6,1313.8,369.3
755,1064,0,0.4256,229.2,1.4,397.7,166.6
755,1082,0,0.4053,205.3,683.0,288.2,781.4
755,1087,0,0.6207,134.0,149.3,243.8,447.4
755,1089,0,0.5854,1504.4,710.1,1644.3,953.2
755,1094,0,0.9412,25.2,364.9,210.0,1073.3
755,1098,0,0.4655,1580.2,716.9,1703.6,952.4
755,963,0,0.455,1290.9,91.3,1398.6,248.5
755,876,0,0.463,1129.5,40.8,1228.0,199.7
755,1119,0,0.7861,1340.1,604.1,1448.7,785.4
755,1125,0,0.4543,1771.6,393.2,1821.2,527.2
755,1132,0,0.3654,273.9,639.6,376.6,780.1
755,1133,0,0.3921,994.2,1.2,1094.5,141.4
755,1105,0,0.7881,1233.6,598.6,1333.6,953.7
755,1121,0,0.4211,10.4,180.3,54.9,320.2
755,1130,0,0.5743,1725.2,598.5,1856.2,950.5
756,747,0,0.9432,642.0,100.1,1236.4,1061.2
756,946,0,0.9022,319.3,371.0,561.6,1063.8
756,975,0,0.6074,1204.8,116.4,1298.7,365.0
756,1064,0,0.4732,228.5,1.3,393.5,166.1
756,1082,0,0.3377,208.0,675.9,286.8,772.0
756,1087,0,0.6147,133.6,148.1,243.0,442.5
756,1089,0,0.6215,1486.0,701.8,1623.5,942.3
756,1094,0,0.9325,27.6,361.3,217.1,1074.3
756,1098,0,0.4572,1561.9,708.8,1684.7,940.9
756,963,0,0.4494,1275.6,91.4,1381.7,246.2
756,876,0,0.4769,1116.9,42.0,1213.0,197.4
756,1119,0,0.7683,1323.1,597.8,1431.9,776.5
756,1125,0,0.4295,1748.7,389.2,1799.3,522.2
756,1132,0,0.4851,268.8,631.1,376.2,778.0
756,1133,0,0.4254,982.3,1.1,1082.2,140.7
756,1105,0,0.8036,1210.1,590.2,1310.5,941.1
756,1121,0,0.4601,10.0,178.8,55.4,317.5
756,1130,0,0.5629,1703.3,592.1,1832.9,940.8
757,747,0,0.9469,650.4,95.2,1230.6,1058.8
757,946,0,0.927,320.6,366.6,555.7,1051.7
757,975,0,0.6157,1191.6,114.7,1284.5,360.9
757,1064,0,0.4264,229.0,1.1,389.6,164.6
757,1087,0,0.5757,133.4,145.5,242.4,436.6
757,1089,0,0.5337,1470.0,694.3,1604.4,930.9
757,1094,0,0.9312,31.8,358.1,223.5,1067.4
757,1098,0,0.4779,1542.1,699.1,1665.4,929.2
757,963,0,0.4386,1262.9,91.4,1367.4,244.2
757,876,0,0.4518,1104.9,41.4,1200.0,195.9
757,1119,0,0.8423,1307.8,593.1,1415.8,766.6
757,1132,0,0.4741,268.0,622.8,378.9,775.4
757,1133,0,0.3235,971.3,1.1,1069.8,139.0
757,1105,0,0.8266,1190.3,581.2,1291.7,928.0
757,1121,0,0.4194,9.4,177.0,55.2,313.3
757,1130,0,0.71,1688.3,585.8,1814.9,927.1
758,747,0,0.9564,655.7,90.6,1224.4,1059.6
758,946,0,0.9084,323.4,362.0,552.7,1042.3
758,975,0,0.5919,1179.7,113.6,1271.0,355.3
758,1064,0,0.3706,229.8,1.0,386.0,162.7
758,1087,0,0.5155,134.1,143.2,242.7,431.4
758,1089,0,0.4406,1451.1,686.9,1582.7,917.3
758,1094,0,0.9305,37.0,354.9,229.4,1057.0
758,1098,0,0.3925,1524.7,690.8,1647.4,918.1
758,963,0,0.3518,1249.5,90.5,1352.7,241.1
758,876,0,0.3776,1094.1,41.5,1187.3,193.3
758,1119,0,0.853,1294.7,588.6,1402.0,757.2
758,1132,0,0.4865,265.3,615.5,375.3,767.4
758,1133,0,0.3125,962.6,1.2,1060.0,137.6
758,1105,0,0.8124,1178.7,573.4,1281.1,917.9
758,1121,0,0.3292,9.7,175.1,56.3,309.5
758,1130,0,0.6434,1669.4,579.0,1793.1,912.7
758,1125,0,0.3755,1708.9,379.5,1760.1,509.6
759,747,0,0.9575,657.9,91.1,1212.6,1060.8
759,946,0,0.9113,324.3,358.8,547.9,1031.1
759,975,0,0.4891,1168.4,112.5,1258.0,349.2
759,1064,0,0.3224,230.2,0.8,382.3,160.8
759,1087,0,0.5251,133.9,142.1,241.9,426.7
759,1089,0,0.434,1429.9,679.2,1561.7,907.4
759,1094,0,0.9424,40.5,351.7,233.6,1047.0
759,1098,0,0.4669,1508.0,680.5,1631.8,908.0
759,963,0,0.3453,1237.3,89.4,1339.0,237.8
759,876,0,0.3062,1083.7,41.6,1175.0,190.8
759,1119,0,0.8064,1280.2,576.7,1391.8,749.3
759,1132,0,0.5039,261.9,608.8,370.6,758.6
759,1105,0,0.6781,1165.3,567.1,1267.7,907.3
759,1130,0,0.6876,1650.8,572.5,1773.5,903.9
759,1146,32,0.949,1035.4,629.2,1179.4,776.0
759,1148,0,0.6251,1851.4,574.2,1913.4,910.7
759,1149,0,0.4346,543.8,541.0,624.3,734.2
759,1125,0,0.3454,1689.7,374.9,1741.8,503.3
760,747,0,0.9536,655.3,93.8,1195.4,1063.0
760,946,0,0.9059,323.5,356.0,542.7,1022.8
760,975,0,0.5939,1155.6,112.6,1245.0,348.9
760,1087,0,0.5727,131.3,142.2,238.8,423.6
760,1089,0,0.4157,1420.9,674.6,1550.6,900.3
760,1094,0,0.9382,41.4,349.8,234.8,1037.6
760,1098,0,0.4168,1492.4,675.8,1614.9,898.9
760,963,0,0.3785,1223.5,89.5,1324.5,236.7
760,876,0,0.3061,1072.0,42.2,1162.4,190.3
760,1119,0,0.8101,1265.8,570.3,1378.8,742.9
760,1132,0,0.6351,259.2,603.8,367.9,753.8
760,1105,0,0.7151,1157.1,563.8,1260.7,902.1
760,1130,0,0.6804,1634.8,568.4,1755.5,896.1
760,1146,32,0.9331,1039.9,618.5,1179.5,760.8
760,1148,0,0.7306,1840.2,547.7,1906.5,904.1
760,1149,0,0.5096,538.6,535.7,619.4,729.3
761,747,0,0.942,651.1,95.4,1178.9,1065.2
761,946,0,0.9021,320.0,355.5,535.2,1014.9
761,975,0,0.5468,1143.0,113.1,1230.7,344.1
761,1087,0,0.56,126.0,141.9,233.1,420.9
761,1089,0,0.3086,1399.4,670.8,1528.4,892.8
761,1094,0,0.9329,38.8,348.9,232.8,1029.7
761,1098,0,0.4173,1473.9,670.4,1597.3,893.8
761,963,0,0.4202,1210.1,91.2,1309.9,236.5
761,1119,0,0.7788,1251.5,569.8,1363.8,738.6
761,1132,0,0.5769,251.5,600.5,359.2,749.2
761,1105,0,0.4158,1145.0,558.1,1249.9,894.8
761,1130,0,0.5808,1617.2,566.0,1737.2,893.2
761,1146,32,0.9547,1042.0,616.7,1178.9,756.1
761,1148,0,0.5031,1828.6,530.5,1898.5,898.7
761,1149,0,0.4353,529.7,534.0,609.4,724.8
762,747,0,0.9336,644.0,100.3,1161.5,1070.3
762,946,0,0.9148,316.4,355.7,528.1,1008.9
762,975,0,0.5075,1128.2,114.8,1216.5,347.8
762,1087,0,0.6692,118.4,143.1,225.0,420.1
762,1089,0,0.3769,1387.7,668.3,1516.2,890.4
762,1094,0,0.9335,32.7,348.6,227.8,1024.1
762,1098,0,0.4019,1456.1,668.6,1579.2,890.3
762,963,0,0.3557,1195.6,94.0,1293.5,236.1
762,1119,0,0.7799,1236.1,567.1,1349.6,735.8
762,1132,0,0.5945,242.3,598.4,349.6,746.5
762,1105,0,0.4167,1119.0,555.7,1221.2,889.0
762,1130,0,0.6077,1597.7,564.6,1716.8,889.6
762,1146,32,0.9366,1043.9,624.9,1177.5,760.7
762,1148,0,0.576,1817.6,529.1,1889.3,894.1
762,1149,0,0.3613,519.1,532.4,598.2,721.5
762,1064,0,0.4473,212.2,0.9,361.8,161.4
763,747,0,0.9356,638.3,110.5,1143.9,1072.1
763,946,0,0.9207,309.5,356.8,518.4,1004.7
763,975,0,0.5641,1112.9,117.6,1200.6,348.8
763,1087,0,0.6384,110.0,145.3,216.2,419.8
763,1089,0,0.4185,1364.1,666.3,1493.7,888.7
763,1094,0,0.9385,25.4,349.2,222.2,1020.9
763,1098,0,0.5191,1439.8,667.1,1562.8,888.0
763,963,0,0.3636,1179.8,96.5,1277.7,238.5
763,1119,0,0.7811,1218.6,563.1,1334.6,734.0
763,1132,0,0.6377,232.1,597.6,338.3,744.3
763,1130,0,0.6222,1578.5,564.3,1696.3,887.3
763,1146,32,0.9394,1041.9,642.8,1177.5,780.8
763,1148,0,0.6538,1820.9,531.7,1893.3,889.4
763,1149,0,0.5876,508.8,531.7,587.8,720.0
763,1064,0,0.4103,202.9,1.2,350.8,163.0
763,1097,0,0.5111,1130.4,560.8,1252.7,880.8
764,747,0,0.9438,634.3,121.9,1131.4,1076.3
764,946,0,0.9121,301.2,357.6,507.6,1000.6
764,975,0,0.4495,1097.2,121.1,1184.2,350.2
764,1087,0,0.5041,101.2,148.3,206.2,418.8
764,1089,0,0.4282,1342.9,664.5,1472.4,884.2
764,1094,0,0.942,17.3,349.7,215.3,1017.0
764,1098,0,0.3674,1421.9,665.3,1544.6,885.4
764,1119,0,0.7188,1203.2,566.5,1316.8,732.3
764,1132,0,0.5285,220.0,597.0,325.4,742.8
764,1130,0,0.5887,1558.7,563.8,1675.7,885.5
764,1148,0,0.6193,1812.2,533.1,1887.4,886.5
764,1149,0,0.3485,498.3,531.2,577.0,718.3
764,1064,0,0.3588,193.8,1.6,340.3,165.0
764,1153,0,0.5787,675.1,185.7,779.3,307.0
765,747,0,0.9465,635.2,132.4,1125.6,1077.3
765,946,0,0.9129,292.8,358.2,496.5,995.5
765,975,0,0.4046,1084.3,123.4,1164.4,331.2
765,1087,0,0.4433,92.6,150.8,196.8,418.0
765,1089,0,0.4449,1325.4,662.4,1454.8,881.1
765,1094,0,0.9419,11.9,350.3,210.2,1012.0
765,1098,0,0.3893,1401.2,664.5,1522.4,880.6
765,1119,0,0.7115,1185.9,564.2,1300.0,729.6
765,1132,0,0.5388,208.8,595.0,313.9,740.7
765,1130,0,0.6178,1538.3,563.2,1653.4,879.9
765,1148,0,0.6603,1796.0,536.5,1873.5,882.0
765,1064,0,0.3948,185.0,3.2,329.3,166.8
765,1153,0,0.5655,662.7,187.4,770.7,313.2
765,1156,0,0.4093,682.2,719.3,946.1,988.4
765,963,0,0.3196,1146.6,100.8,1244.2,242.4
765,1097,0,0.5605,1119.2,556.8,1199.8,757.2
766,747,0,0.9396,634.1,137.1,1121.1,1076.1
766,946,0,0.9193,285.0,358.5,486.2,990.1
766,975,0,0.4938,1069.7,125.4,1147.3,324.2
766,1087,0,0.462,85.5,151.9,189.1,416.4
766,1094,0,0.9416,8.7,350.3,206.7,1005.6
766,1098,0,0.347,1381.1,660.8,1502.3,876.7
766,1119,0,0.7041,1171.2,564.3,1284.1,726.9
766,1132,0,0.5166,199.1,592.9,303.5,737.8
766,1130,0,0.4986,1518.8,562.3,1632.3,874.7
766,1148,0,0.7067,1776.8,538.1,1856.7,877.4
766,1064,0,0.3072,178.1,5.1,320.1,168.5
766,1153,0,0.6003,646.8,188.4,765.0,326.4
766,1156,0,0.3004,668.3,704.4,940.4,981.9
766,1157,0,0.6535,997.5,568.3,1132.7,768.8
766,1158,0,0.3999,653.7,144.2,763.8,260.3
766,963,0,0.324,1129.9,102.8,1227.3,243.9
766,1097,0,0.6968,1100.4,555.0,1187.8,771.0
766,1149,0,0.3184,479.3,529.2,556.9,712.6
767,747,0,0.9367,639.4,138.7,1128.4,1074.2
767,946,0,0.9222,279.4,358.0,478.5,984.6
767,975,0,0.4159,1056.6,126.8,1134.4,324.5
767,1087,0,0.4977,80.4,152.9,183.0,413.9
767,1094,0,0.9361,7.1,350.3,204.7,999.9
767,1098,0,0.4199,1367.0,658.3,1487.7,871.9
767,1119,0,0.724,1158.0,562.5,1270.1,723.0
767,1132,0,0.6116,191.3,590.6,294.7,734.1
767,1130,0,0.6196,1501.7,559.9,1613.7,868.8
767,1148,0,0.6513,1757.6,538.9,1839.8,872.2
767,1064,0,0.3543,172.6,7.1,312.1,170.1
767,1153,0,0.57,636.0,189.1,756.8,330.7
767,1156,0,0.3174,619.5,623.1,962.5,975.7
767,1157,0,0.4282,985.5,565.0,1114.8,757.2
767,1158,0,0.5236,646.1,145.3,755.2,260.3
767,1097,0,0.6435,1081.6,553.0,1179.8,800.2
767,1161,32,0.9,1041.2,800.8,1180.5,946.2
767,1149,0,0.4642,472.0,528.0,549.0,709.0
768,747,0,0.9516,629.2,134.2,1121.9,1074.3
768,946,0,0.9253,275.0,356.6,471.9,978.6
768,975,0,0.4188,1044.1,127.1,1124.0,329.6
768,1087,0,0.529,77.5,153.4,179.7,412.6
768,1094,0,0.9348,5.6,349.3,202.8,993.8
768,1098,0,0.4944,1351.9,653.7,1473.2,867.5
768,1119,0,0.7125,1146.6,559.7,1258.2,718.5
768,1132,0,0.6596,187.1,587.9,289.1,729.6
768,1130,0,0.6687,1485.0,557.3,1596.3,865.1
768,1148,0,0.7217,1738.7,535.4,1823.8,866.6
768,1064,0,0.3687,169.8,9.3,306.4,170.7
768,1153,0,0.4758,628.6,190.0,749.5,332.4
768,1156,0,0.372,598.5,591.9,962.0,969.7
768,1157,0,0.3169,962.5,561.9,1110.0,782.9
768,1158,0,0.5911,638.8,145.7,747.5,260.3
768,1097,0,0.4628,1064.1,549.6,1174.0,833.9
768,1161,32,0.8621,1034.3,855.4,1195.1,1024.0
768,1149,0,0.4825,465.9,526.1,542.2,704.3
768,1163,0,0.5892,1665.7,534.1,1782.2,867.8
768,1089,0,0.4578,1278.8,651.3,1405.9,864.6
768,963,0,0.3095,1106.0,106.1,1201.4,244.6
769,747,0,0.9506,619.1,128.0,1114.3,1072.8
769,946,0,0.9241,271.5,355.5,465.9,972.1
769,975,0,0.4214,1032.8,128.1,1114.9,336.4
769,1087,0,0.4796,76.3,153.9,177.9,410.5
769,1094,0,0.9385,5.3,348.1,201.8,986.6
769,1098,0,0.4142,1343.2,652.2,1456.0,848.7
769,1119,0,0.6844,1135.9,557.2,1246.5,714.1
769,1132,0,0.5493,183.7,583.2,285.4,725.0
769,1130,0,0.6092,1469.3,553.9,1579.2,857.6
769,1148,0,0.6855,1720.8,533.1,1808.1,860.4
769,1064,0,0.3461,168.7,11.8,302.3,171.2
769,1153,0,0.445,616.3,190.3,748.9,348.3
769,1157,0,0.3855,943.2,553.9,1100.7,793.1
769,1158,0,0.4318,632.0,146.3,740.2,260.3
769,1097,0,0.6604,1051.4,546.1,1163.5,842.1
769,1161,32,0.92,1041.2,850.1,1182.9,998.7
769,1149,0,0.4291,461.3,523.8,537.2,699.7
769,1163,0,0.579,1648.5,531.2,1763.9,861.6
769,1089,0,0.3993,1265.9,646.9,1393.4,859.9
770,747,0,0.9397,626.1,119.9,1126.8,1070.3
770,946,0,0.9224,269.2,354.3,460.9,964.0
770,975,0,0.441,1023.0,128.8,1106.3,340.4
770,1087,0,0.4944,75.9,153.8,176.7,407.6
770,1094,0,0.9348,6.8,347.8,201.7,978.2
770,1098,0,0.4003,1330.7,646.1,1444.3,843.0
770,1119,0,0.6708,1125.2,551.0,1237.0,709.3
770,1132,0,0.5355,181.0,580.2,281.1,720.5
770,1130,0,0.673,1453.9,550.3,1562.4,850.8
770,1148,0,0.6685,1704.0,532.5,1792.5,853.6
770,1064,0,0.3284,168.8,14.2,299.3,171.3
770,1153,0,0.4737,607.9,190.4,744.6,355.6
770,1157,0,0.4813,927.1,548.1,1089.6,799.3
770,1158,0,0.4166,627.2,146.8,734.1,259.3
770,1097,0,0.7413,1045.7,543.4,1149.0,816.1
770,1161,32,0.9454,1033.9,810.8,1166.2,949.7
770,1149,0,0.4117,457.9,521.5,533.2,695.1
770,1163,0,0.6152,1629.5,529.3,1743.8,856.0
770,1089,0,0.4982,1253.4,642.7,1380.2,853.4
770,1165,0,0.6914,1862.0,511.2,1914.0,870.4
770,963,0,0.3118,1085.8,108.4,1178.3,242.5
771,747,0,0.9487,623.9,115.3,1126.0,1067.6
771,946,0,0.9186,266.9,353.3,456.2,957.6
771,975,0,0.4045,1014.1,129.4,1095.7,336.8
771,1087,0,0.4677,75.9,154.6,176.0,405.6
771,1094,0,0.9339,8.1,347.5,201.9,970.7
771,1098,0,0.4891,1316.8,643.2,1433.7,845.0
771,1119,0,0.5998,1115.6,548.3,1226.6,705.5
771,1132,0,0.5559,178.8,576.9,277.3,715.9
771,1130,0,0.6395,1439.4,547.2,1546.4,844.6
771,1148,0,0.6727,1687.4,530.4,1777.6,847.4
771,1064,0,0.3229,168.3,16.0,296.3,171.5
771,1153,0,0.4702,603.2,190.5,739.2,356.9
771,1157,0,0.4858,913.6,543.5,1077.3,802.2
771,1158,0,0.481,622.0,148.0,727.8,259.4
771,1097,0,0.6611,1041.7,541.3,1134.4,781.6
771,1161,32,0.7841,1023.3,773.7,1150.5,907.1
771,1149,0,0.3337,454.2,519.3,529.4,691.3
771,1163,0,0.68,1612.4,524.0,1726.5,850.0
771,1089,0,0.5561,1241.6,638.6,1367.3,846.5
771,1165,0,0.5803,1853.0,514.5,1904.5,865.3
772,747,0,0.9271,621.5,118.5,1119.8,1066.7
772,946,0,0.9181,265.7,352.8,452.5,951.1
772,975,0,0.3873,1005.9,131.2,1087.2,338.4
772,1087,0,0.4606,76.2,155.6,176.0,405.2
772,1094,0,0.9416,8.5,347.4,201.5,964.4
772,1098,0,0.4534,1305.0,640.3,1422.3,842.2
772,1119,0,0.586,1108.4,549.7,1216.0,701.4
772,1132,0,0.6135,176.9,573.2,274.1,711.3
772,1130,0,0.6423,1426.5,544.7,1532.4,840.1
772,1148,0,0.7122,1671.5,528.8,1763.2,841.7
772,1064,0,0.3039,168.6,18.2,294.7,172.4
772,1153,0,0.4767,601.3,191.1,734.4,355.9
772,1157,0,0.4588,896.6,539.1,1065.4,812.4
772,1158,0,0.4164,617.4,149.0,722.8,260.0
772,1097,0,0.722,1036.2,538.9,1121.8,755.4
772,1161,32,0.8435,1015.6,747.5,1137.9,875.5
772,1149,0,0.3056,451.2,517.8,525.6,686.8
772,1163,0,0.6703,1597.2,521.8,1710.6,844.3
772,1089,0,0.4911,1231.7,635.0,1356.7,841.5
772,1165,0,0.7032,1843.6,514.9,1895.6,859.1
772,963,0,0.3043,1067.4,111.1,1158.4,242.6
773,747,0,0.954,624.8,126.1,1115.5,1067.6
773,946,0,0.9135,266.1,352.8,450.6,946.2
773,975,0,0.3944,999.1,133.7,1081.2,344.1
773,1087,0,0.3896,77.6,157.0,177.3,405.6
773,1094,0,0.942,9.6,348.1,201.9,958.6
773,1098,0,0.4659,1295.2,636.5,1412.0,838.0
773,1119,0,0.6423,1101.6,548.8,1208.2,698.3
773,1132,0,0.5712,176.3,570.3,272.5,708.4
773,1130,0,0.4328,1418.6,542.5,1520.5,827.8
773,1148,0,0.7031,1658.0,527.9,1751.4,838.4
773,1153,0,0.4161,601.6,193.0,732.1,355.8
773,1157,0,0.5407,881.2,536.1,1058.3,830.4
773,1158,0,0.4107,615.0,150.3,720.1,260.8
773,1097,0,0.7004,1030.4,537.4,1112.1,738.2
773,1161,32,0.9126,1007.0,730.6,1126.7,855.3
773,1163,0,0.6789,1579.6,518.0,1693.7,840.1
773,1089,0,0.6115,1223.3,632.4,1346.3,834.7
773,1165,0,0.6224,1827.0,515.2,1880.0,854.9
773,1156,0,0.5554,407.7,348.0,942.3,932.9
774,747,0,0.94,628.9,135.2,1108.9,1069.8
774,946,0,0.9176,267.2,353.4,449.6,941.6
774,975,0,0.3637,993.8,135.7,1075.8,346.8
774,1087,0,0.3999,80.1,159.6,179.5,407.7
774,1094,0,0.9384,11.4,349.6,202.9,952.9
774,1098,0,0.5233,1287.4,634.5,1403.0,833.5
774,1119,0,0.6304,1095.6,546.0,1202.8,696.4
774,1132,0,0.5458,176.3,569.0,271.1,706.6
774,1130,0,0.61,1413.5,541.5,1508.6,806.4
774,1148,0,0.7434,1646.2,527.4,1740.6,834.4
774,1153,0,0.4618,607.6,195.3,724.2,340.5
774,1157,0,0.4357,878.1,538.9,1043.6,819.3
774,1158,0,0.3938,614.0,153.1,718.3,262.7
774,1097,0,0.7403,1024.5,536.6,1105.6,730.4
774,1161,32,0.9251,999.0,723.0,1116.6,845.2
774,1163,0,0.6871,1567.2,516.7,1681.3,836.0
774,1089,0,0.5661,1215.7,631.1,1339.0,833.4
774,1165,0,0.6065,1811.7,514.9,1866.2,851.8
774,1156,0,0.8613,398.6,327.5,917.2,926.6
774,1149,0,0.3625,449.6,517.7,522.8,682.3
775,747,0,0.929,635.6,149.2,1099.3,1069.7
775,946,0,0.9182,269.4,354.8,449.9,938.2
775,975,0,0.3892,990.9,139.1,1072.1,349.2
775,1087,0,0.483,84.5,162.5,183.3,409.1
775,1094,0,0.9329,14.7,350.9,205.7,948.8
775,1098,0,0.5245,1283.7,634.0,1398.5,832.8
775,1119,0,0.6566,1091.5,543.9,1198.8,694.8
775,1132,0,0.6328,178.3,569.4,270.6,704.7
775,1130,0,0.6448,1403.0,541.1,1503.1,821.6
775,1148,0,0.7098,1636.5,527.4,1732.1,832.3
775,1153,0,0.5166,610.8,197.6,721.5,335.0
775,1157,0,0.451,869.4,541.5,1033.2,826.3
775,1158,0,0.4479,614.2,155.9,717.4,264.4
775,1097,0,0.7689,1020.0,536.4,1103.5,732.1
775,1161,32,0.8701,993.5,723.4,1110.6,845.0
775,1163,0,0.6849,1556.6,515.7,1671.4,833.7
775,1089,0,0.3948,1217.0,630.2,1336.8,828.2
775,1165,0,0.608,1806.7,514.6,1863.9,849.4
775,1149,0,0.3806,450.0,518.4,522.9,680.5
775,1079,0,0.8571,541.6,338.5,763.6,929.6
776,747,0,0.9356,643.2,157.2,1093.1,1067.8
776,946,0,0.9184,273.6,355.9,452.4,935.5
776,975,0,0.3831,990.1,142.2,1070.5,351.6
776,1087,0,0.4839,90.2,164.8,188.9,411.1
776,1094,0,0.93,18.3,352.2,209.3,946.4
776,1098,0,0.5241,1278.9,632.8,1394.3,832.6
776,1119,0,0.7037,1090.3,544.0,1196.6,693.8
776,1132,0,0.4921,182.1,569.6,272.5,703.5
776,1130,0,0.7141,1396.4,540.8,1498.3,828.0
776,1148,0,0.7272,1629.6,527.8,1726.6,830.3
776,1153,0,0.4919,613.0,200.6,720.9,333.9
776,1157,0,0.5737,865.5,541.2,1028.0,831.4
776,1158,0,0.4582,615.9,158.8,717.7,265.7
776,1097,0,0.7632,1016.3,537.2,1103.8,740.4
776,1161,32,0.928,989.6,732.5,1107.5,855.0
776,1163,0,0.6899,1554.3,517.4,1668.5,832.2
776,1089,0,0.4804,1212.7,629.9,1330.6,824.1
776,1165,0,0.6776,1799.8,513.4,1859.7,847.5
776,1079,0,0.8788,540.7,338.2,752.9,925.4
777,747,0,0.9368,651.3,160.3,1092.0,1066.3
777,946,0,0.9236,278.4,357.1,455.5,932.9
777,975,0,0.4345,990.7,145.1,1070.4,353.7
777,1087,0,0.4346,96.8,168.1,194.4,411.4
777,1094,0,0.9349,22.3,351.6,213.7,943.6
777,1098,0,0.5639,1275.7,631.9,1390.7,831.0
777,1119,0,0.7012,1090.6,545.7,1194.9,692.6
777,1132,0,0.3624,185.8,569.0,275.2,703.1
777,1130,0,0.7233,1391.0,540.2,1493.2,829.0
777,1148,0,0.7849,1624.2,527.7,1722.2,827.8
777,1153,0,0.6427,616.8,203.1,723.0,334.1
777,1097,0,0.7286,1012.4,537.4,1106.5,756.4
777,1161,32,0.9534,987.0,748.7,1105.0,871.6
777,1163,0,0.6996,1548.4,517.2,1663.0,830.1
777,1089,0,0.4001,1218.2,629.6,1328.4,810.6
777,1165,0,0.719,1793.5,512.2,1856.4,845.7
777,1079,0,0.8449,538.2,338.7,746.1,922.7
777,1105,0,0.5706,903.7,543.7,994.5,827.1
778,747,0,0.9378,660.2,159.4,1095.5,1063.8
778,946,0,0.9232,283.0,357.3,458.8,929.5
778,975,0,0.3558,991.4,147.4,1070.2,354.8
778,1087,0,0.3951,103.4,170.2,200.7,412.2
778,1094,0,0.9381,27.0,349.7,219.1,940.9
778,1098,0,0.493,1276.1,630.1,1389.8,827.5
778,1119,0,0.7042,1091.0,546.9,1193.1,690.2
778,1132,0,0.3806,189.9,568.2,277.8,701.8
778,1130,0,0.6443,1387.8,538.8,1489.4,826.1
778,1148,0,0.7766,1620.5,527.1,1719.2,824.9
778,1153,0,0.6252,620.2,204.8,725.1,333.7
778,1097,0,0.7467,1007.8,536.5,1111.1,779.9
778,1161,32,0.9577,984.5,772.6,1103.7,897.1
778,1163,0,0.6443,1542.3,517.4,1656.3,826.8
778,1089,0,0.5015,1214.2,628.5,1325.3,809.5
778,1165,0,0.8111,1787.9,511.8,1853.3,842.2
778,1079,0,0.8749,531.5,338.6,738.5,919.6
778,1105,0,0.5719,897.2,544.6,990.3,827.1
779,747,0,0.9433,665.5,152.3,1099.3,1060.6
779,946,0,0.9211,287.5,356.5,462.1,925.9
779,975,0,0.3082,991.9,148.1,1070.0,354.3
779,1087,0,0.4521,108.8,170.6,205.7,411.6
779,1094,0,0.9345,30.2,347.2,223.0,937.2
779,1098,0,0.5379,1274.5,628.3,1388.1,825.1
779,1119,0,0.6813,1090.9,547.2,1191.7,688.2
779,1130,0,0.6226,1385.8,537.1,1486.5,822.2
779,1148,0,0.7548,1615.8,525.0,1715.4,821.3
779,1153,0,0.4994,622.6,204.8,726.9,332.8
779,1097,0,0.7505,1004.8,534.3,1114.3,796.5
779,1161,32,0.9309,983.8,801.8,1102.3,925.7
779,1163,0,0.6628,1537.5,515.3,1652.5,824.3
779,1089,0,0.6562,1210.5,626.4,1323.8,809.9
779,1165,0,0.7901,1782.1,510.4,1850.1,838.7
779,1079,0,0.9039,525.7,337.2,734.2,915.3
779,1172,0,0.3463,1674.6,357.2,1763.9,542.1
780,747,0,0.9419,666.2,143.7,1098.4,1056.5
780,946,0,0.9221,291.6,355.3,465.0,922.4
780,1087,0,0.463,113.8,170.2,210.7,411.0
780,1094,0,0.9356,32.7,345.3,225.7,932.6
780,1098,0,0.4946,1273.7,627.1,1386.3,821.9
780,1119,0,0.6398,1089.7,544.0,1190.9,685.7
780,1130,0,0.7383,1384.1,534.5,1484.8,820.2
780,1148,0,0.7245,1611.9,523.4,1712.3,817.8
780,1153,0,0.4438,624.0,204.6,728.3,332.1
780,1097,0,0.7047,1005.8,532.2,1113.7,793.6
780,1161,32,0.8586,977.1,789.3,1095.9,913.6
780,1163,0,0.6733,1529.5,513.0,1644.2,820.7
780,1089,0,0.6557,1208.3,624.4,1323.0,809.4
780,1165,0,0.6819,1778.6,508.4,1849.7,834.5
780,1079,0,0.9169,518.8,336.0,729.9,912.1
780,1132,0,0.346,195.6,563.6,282.0,696.5
781,747,0,0.9461,665.6,137.6,1094.4,1052.0
781,946,0,0.9164,295.5,353.9,467.6,917.6
781,1087,0,0.423,118.9,171.1,214.7,409.3
781,1094,0,0.9322,35.3,344.0,228.3,928.8
781,1098,0,0.4687,1273.8,623.0,1386.3,817.2
781,1119,0,0.6445,1089.8,543.1,1190.1,683.0
781,1130,0,0.5917,1382.6,531.8,1482.7,817.1
781,1148,0,0.7118,1608.5,521.8,1709.9,815.0
781,1153,0,0.479,625.9,204.7,729.7,331.1
781,1097,0,0.6954,1008.3,530.4,1110.5,779.1
781,1161,32,0.9437,968.9,765.3,1086.1,887.7
781,1163,0,0.6352,1522.6,510.6,1637.7,817.3
781,1089,0,0.5995,1207.0,622.1,1321.6,806.0
781,1165,0,0.6122,1775.3,506.8,1849.4,830.8
781,1079,0,0.9235,514.5,334.1,728.2,906.8
781,1132,0,0.3092,199.2,560.6,284.1,693.1
782,747,0,0.9447,665.3,134.3,1089.6,1048.3
782,946,0,0.9094,298.4,352.3,469.3,913.6
782,1087,0,0.5009,123.0,170.2,218.7,407.9
782,1094,0,0.9349,38.4,343.8,231.4,925.2
782,1098,0,0.4905,1271.6,620.4,1383.0,812.9
782,1119,0,0.6789,1089.2,542.0,1188.9,680.6
782,1130,0,0.6532,1379.7,530.0,1479.7,815.2
782,1148,0,0.6787,1605.6,519.7,1706.3,806.6
782,1153,0,0.4938,627.4,204.5,731.1,330.3
782,1097,0,0.6944,1009.0,528.5,1108.6,771.9
782,1161,32,0.9134,960.3,743.0,1075.6,863.2
782,1163,0,0.6314,1518.2,509.2,1634.0,813.2
782,1089,0,0.6056,1205.5,619.6,1320.3,803.0
782,1165,0,0.6585,1768.3,504.3,1845.2,828.2
782,1079,0,0.9274,509.0,333.8,724.9,902.4
782,1132,0,0.3552,202.5,557.7,286.5,690.6
782,1176,0,0.319,996.8,147.4,1070.8,347.2
782,1172,0,0.3951,1665.3,354.2,1751.1,532.0
783,747,0,0.9418,665.1,133.8,1083.8,1044.7
783,946,0,0.9094,299.7,351.0,469.8,910.4
783,1087,0,0.5279,126.8,170.7,221.9,406.7
783,1094,0,0.936,42.1,344.1,234.7,921.5
783,1098,0,0.4612,1269.5,618.7,1380.3,810.6
783,1119,0,0.6524,1088.6,541.0,1187.5,678.3
783,1130,0,0.7148,1374.1,528.5,1473.2,812.8
783,1148,0,0.7572,1602.0,517.9,1703.9,805.4
783,1153,0,0.4881,629.0,203.9,732.7,329.3
783,1097,0,0.6539,1007.6,526.7,1108.7,775.7
783,1161,32,0.8814,947.1,726.5,1061.4,845.0
783,1163,0,0.6335,1512.0,508.3,1628.9,809.7
783,1089,0,0.5387,1204.4,617.8,1318.7,799.4
783,1165,0,0.6037,1762.8,502.6,1841.6,823.9
783,1079,0,0.9159,504.7,333.5,723.0,899.0
783,1132,0,0.4133,205.0,555.6,287.8,688.2
783,1177,0,0.4333,884.8,530.5,974.7,672.5
783,1172,0,0.3672,1661.0,353.0,1747.4,532.0
784,747,0,0.9414,663.5,135.0,1075.7,1042.1
784,946,0,0.9138,298.4,350.4,468.1,908.2
784,1087,0,0.4541,130.7,171.0,225.5,406.3
784,1094,0,0.9376,45.3,344.9,237.9,919.6
784,1098,0,0.474,1268.8,618.1,1379.1,809.1
784,1119,0,0.6551,1087.9,540.7,1186.2,676.6
784,1130,0,0.6159,1370.2,527.7,1468.9,811.0
784,1148,0,0.7797,1598.6,517.1,1701.9,805.6
784,1153,0,0.4619,630.5,203.9,734.0,329.1
784,1097,0,0.6979,1005.4,525.9,1110.8,788.4
784,1161,32,0.5868,939.8,719.3,1051.9,836.2
784,1163,0,0.7185,1506.0,507.4,1624.3,806.9
784,1089,0,0.517,1203.9,616.1,1318.3,797.0
784,1165,0,0.7252,1758.0,501.7,1839.3,823.1
784,1079,0,0.9174,502.4,334.0,722.6,896.8
784,1132,0,0.3994,207.5,554.5,288.9,686.5
784,1177,0,0.3655,881.0,528.0,971.9,671.3
784,1172,0,0.3381,1657.7,352.8,1744.5,532.7
784,1176,0,0.3451,996.5,147.1,1069.3,343.8
785,747,0,0.9382,661.9,137.8,1066.8,1040.3
785,946,0,0.91,296.7,350.7,465.9,906.2
785,1087,0,0.4613,133.9,171.7,228.6,406.7
785,1094,0,0.9319,47.9,346.0,240.3,917.0
785,1098,0,0.469,1267.7,616.6,1378.3,807.8
785,1119,0,0.6619,1087.3,539.5,1186.0,675.5
785,1130,0,0.5893,1365.0,527.4,1463.5,809.1
785,1148,0,0.7877,1595.9,516.6,1700.0,804.9
785,1153,0,0.4275,631.6,204.4,735.2,329.5
785,1097,0,0.7275,1005.3,525.4,1110.9,790.8
785,1161,32,0.9194,933.5,718.9,1043.6,834.6
785,1163,0,0.6963,1501.8,507.4,1621.9,805.7
785,1089,0,0.5245,1202.5,615.6,1317.1,796.4
785,1165,0,0.7261,1754.4,501.6,1835.0,811.0
785,1079,0,0.9193,502.0,334.5,723.8,895.8
785,1132,0,0.339,209.8,554.1,290.1,685.7
785,1177,0,0.3723,877.8,527.0,968.8,669.9
785,1176,0,0.3786,996.1,148.3,1069.3,346.0
786,747,0,0.9372,658.9,140.6,1056.0,1039.7
786,946,0,0.9088,293.9,350.3,462.6,904.0
786,1087,0,0.4532,137.4,172.5,232.1,407.4
786,1094,0,0.9383,50.0,346.6,242.5,914.9
786,1098,0,0.43,1267.6,615.3,1378.6,806.8
786,1119,0,0.6486,1086.5,537.8,1186.0,674.6
786,1130,0,0.6255,1362.1,527.1,1460.4,807.4
786,1148,0,0.7907,1593.6,515.9,1698.4,803.6
786,1153,0,0.359,633.2,205.1,736.4,329.9
786,1097,0,0.7191,1005.1,524.9,1110.3,791.6
786,1161,32,0.9325,929.8,724.0,1039.3,839.7
786,1163,0,0.6542,1498.1,507.1,1620.5,804.7
786,1089,0,0.4725,1201.6,615.0,1316.5,795.8
786,1165,0,0.6883,1753.2,502.0,1831.1,789.8
786,1079,0,0.919,503.7,335.3,726.5,895.4
786,1132,0,0.428,212.1,553.5,291.5,685.0
786,1177,0,0.4011,874.6,526.8,965.8,669.4
786,1176,0,0.4038,996.2,149.3,1069.4,346.9
786,1172,0,0.3247,1654.1,353.4,1739.5,530.8
787,747,0,0.9274,656.8,142.3,1046.0,1039.4
787,946,0,0.9121,293.2,350.3,461.2,903.5
787,1087,0,0.4242,141.3,173.3,236.1,408.1
787,1094,0,0.9339,52.6,346.6,245.6,913.7
787,1098,0,0.4405,1268.1,614.6,1379.0,806.0
787,1119,0,0.6475,1086.8,536.2,1187.1,673.9
787,1130,0,0.6603,1361.9,527.4,1459.6,806.1
787,1148,0,0.7956,1593.0,515.6,1698.2,802.5
787,1153,0,0.4063,635.9,205.7,738.9,329.9
787,1097,0,0.7312,1005.8,524.8,1110.6,792.1
787,1161,32,0.9333,927.8,736.5,1037.9,852.9
787,1163,0,0.6317,1496.1,507.1,1620.5,803.7
787,1089,0,0.5098,1201.7,614.2,1316.3,794.4
787,1165,0,0.7111,1749.5,501.8,1832.1,801.7
787,1079,0,0.9215,508.7,336.1,731.6,895.1
787,1132,0,0.3517,214.8,552.6,293.8,685.1
787,1177,0,0.4273,874.7,527.6,964.5,667.2
787,1176,0,0.3708,997.6,149.8,1070.8,347.5
787,1180,0,0.3066,1826.5,232.3,1919.6,484.9
787,1172,0,0.3044,1653.7,353.7,1739.1,530.5
788,747,0,0.9005,657.4,142.5,1039.2,1037.9
788,946,0,0.9098,296.0,349.4,464.0,902.4
788,1087,0,0.4267,145.5,174.1,239.9,407.9
788,1094,0,0.9289,55.8,345.9,249.6,912.5
788,1098,0,0.4463,1270.2,614.2,1380.4,804.3
788,1119,0,0.6648,1089.1,537.3,1188.4,673.2
788,1130,0,0.6571,1361.9,527.6,1459.2,805.0
788,1148,0,0.8102,1593.6,514.9,1699.4,801.6
788,1153,0,0.3391,638.2,206.1,740.9,329.8
788,1097,0,0.6845,1007.9,524.2,1112.4,793.5
788,1161,32,0.812,924.9,754.6,1042.0,879.4
788,1163,0,0.6561,1490.1,507.1,1615.4,802.3
788,1089,0,0.5242,1204.4,613.7,1318.3,792.7
788,1165,0,0.7464,1748.4,501.0,1835.0,811.1
788,1079,0,0.9249,516.3,336.2,738.4,894.9
788,1132,0,0.4738,218.8,551.7,296.8,684.0
788,1177,0,0.3693,877.9,528.7,966.5,665.2
788,1176,0,0.3663,999.7,149.7,1073.1,348.2
788,1180,0,0.3355,1826.9,232.2,1920.0,485.3
788,1172,0,0.3318,1654.5,353.4,1739.6,529.0
788,1181,0,0.3858,0.0,485.7,32.8,596.3
789,747,0,0.9004,666.0,140.4,1043.4,1034.8
789,946,0,0.9026,302.6,348.5,472.0,900.7
789,1087,0,0.4543,149.6,173.4,243.8,406.8
789,1094,0,0.9239,59.6,344.6,254.0,910.3
789,1098,0,0.4855,1271.5,613.4,1381.0,803.0
789,1119,0,0.6741,1091.6,536.6,1190.8,671.8
789,1130,0,0.6751,1361.6,527.3,1459.3,803.7
789,1148,0,0.8002,1595.4,513.3,1701.9,800.2
789,1153,0,0.3247,640.8,205.4,743.6,329.6
789,1097,0,0.6874,1010.8,523.1,1113.9,790.4
789,1161,32,0.8688,929.4,760.3,1045.0,883.4
789,1163,0,0.6561,1486.3,505.8,1612.3,800.7
789,1089,0,0.4787,1207.1,612.7,1320.9,791.3
789,1165,0,0.7717,1747.8,499.8,1836.3,813.8
789,1079,0,0.9267,521.8,335.7,743.2,893.8
789,1132,0,0.4427,222.8,551.0,299.4,682.2
789,1177,0,0.3374,879.0,529.2,968.4,666.3
789,1176,0,0.3205,1002.8,149.2,1075.3,345.2
789,1181,0,0.5115,1.1,480.8,35.0,595.1
789,1183,0,0.3937,1.3,479.9,35.4,915.0
790,747,0,0.9085,675.5,137.2,1051.1,1032.1
790,946,0,0.8868,315.1,346.9,488.9,899.2
790,1087,0,0.5377,154.9,172.7,248.9,405.3
790,1094,0,0.9251,64.8,343.1,259.9,908.2
790,1098,0,0.4636,1273.7,611.6,1383.2,801.9
790,1119,0,0.7029,1095.4,536.6,1193.8,670.1
790,1130,0,0.7227,1362.9,525.5,1461.6,802.3
790,1148,0,0.7981,1598.4,511.6,1705.4,798.5
790,1097,0,0.7122,1014.4,521.4,1116.6,787.8
790,1161,32,0.7378,937.3,755.8,1051.2,876.6
790,1163,0,0.6549,1484.5,504.0,1610.6,799.1
790,1089,0,0.4237,1211.9,610.6,1323.9,786.0
790,1165,0,0.7804,1749.9,498.7,1839.7,814.1
790,1079,0,0.9187,527.3,334.3,748.1,892.1
790,1132,0,0.3468,228.1,549.6,303.6,680.3
790,1177,0,0.3785,880.3,528.9,970.5,666.0
790,1176,0,0.4139,1006.3,148.4,1079.3,346.0
790,1181,0,0.4318,1.4,469.7,38.2,593.5
790,1183,0,0.5961,1.2,469.7,35.9,912.7
790,1180,0,0.3045,1829.5,229.7,1920.0,480.6
790,1172,0,0.3391,1658.8,351.2,1744.4,527.6
791,747,0,0.8934,679.3,134.7,1052.4,1028.1
791,946,0,0.8875,326.5,345.7,504.1,897.2
791,1087,0,0.5569,161.3,171.7,255.3,404.3
791,1094,0,0.9321,70.8,341.8,266.4,906.4
791,1098,0,0.466,1277.5,609.7,1386.3,799.7
791,1119,0,0.6805,1099.2,532.9,1199.5,668.4
791,1130,0,0.7519,1364.2,523.3,1463.6,800.6
791,1148,0,0.8032,1603.0,510.6,1710.2,796.6
791,1097,0,0.7039,1018.6,520.0,1120.6,787.5
791,1161,32,0.7681,948.1,747.0,1061.6,866.1
791,1163,0,0.6133,1485.7,503.0,1611.8,797.8
791,1089,0,0.5299,1215.8,609.6,1328.9,786.6
791,1165,0,0.7716,1754.6,498.1,1844.9,812.1
791,1079,0,0.9136,533.3,333.0,753.6,890.0
791,1132,0,0.3434,234.6,548.1,309.5,679.0
791,1176,0,0.3663,1011.3,147.1,1084.2,344.3
791,1183,0,0.6906,4.7,463.7,39.9,908.2
791,1184,0,0.3466,1464.3,398.9,1560.6,544.5
791,1172,0,0.4031,1663.1,350.0,1748.1,525.5
791,1153,0,0.3205,641.0,203.9,759.7,351.0
792,747,0,0.8605,684.8,131.6,1058.9,1025.9
792,946,0,0.9053,335.6,344.9,517.7,895.2
792,1087,0,0.6622,168.9,170.8,262.9,403.3
792,1094,0,0.932,77.6,340.3,273.8,904.5
792,1098,0,0.4118,1281.9,608.1,1389.3,797.4
792,1119,0,0.6978,1105.2,532.4,1205.5,666.9
792,1130,0,0.7702,1367.1,520.8,1467.9,799.1
792,1148,0,0.7804,1607.6,509.1,1715.1,794.8
792,1097,0,0.6729,1025.5,518.9,1123.7,776.3
792,1161,32,0.706,965.5,739.5,1075.6,854.8
792,1163,0,0.6344,1487.8,502.0,1613.3,795.9
792,1089,0,0.4311,1221.0,608.3,1335.2,787.2
792,1165,0,0.7019,1759.4,496.5,1850.4,810.3
792,1079,0,0.915,540.4,331.9,759.8,887.7
792,1132,0,0.3543,242.2,546.1,316.4,677.4
792,1176,0,0.362,1017.7,147.1,1089.0,339.6
792,1183,0,0.7901,7.3,459.6,43.3,906.4
792,1186,0,0.3858,1413.7,362.3,1492.9,501.4
792,1153,0,0.3189,646.5,202.5,765.4,353.1
793,747,0,0.8906,688.4,130.9,1062.7,1022.7
793,946,0,0.91,341.5,344.0,526.9,893.9
793,1087,0,0.6681,177.1,170.9,270.6,401.9
793,1094,0,0.9267,85.3,338.6,281.9,902.0
793,1119,0,0.704,1111.2,529.8,1212.9,665.6
793,1130,0,0.7492,1371.9,518.9,1474.6,797.7
793,1148,0,0.8132,1613.9,507.9,1721.6,793.1
793,1097,0,0.7116,1034.8,517.6,1128.6,762.6
793,1161,32,0.8332,982.0,734.4,1092.4,849.8
793,1163,0,0.6612,1491.4,500.9,1616.3,794.2
793,1089,0,0.5786,1228.0,607.1,1341.9,784.9
793,1165,0,0.6993,1765.0,495.1,1856.7,808.8
793,1079,0,0.914,547.9,330.2,766.6,886.1
793,1176,0,0.4059,1024.3,146.9,1096.3,341.2
793,1183,0,0.8627,9.1,443.0,47.2,905.7
793,1186,0,0.3888,1419.2,361.5,1498.1,500.0
793,1153,0,0.3948,653.3,201.6,770.5,353.5
793,1184,0,0.3,1476.1,395.0,1573.0,541.7
793,1172,0,0.3025,1673.8,347.8,1758.6,523.6
794,747,0,0.8836,683.6,130.6,1058.8,1020.2
794,946,0,0.9099,344.4,343.5,531.7,893.5
794,1087,0,0.6066,186.5,170.4,280.2,401.7
794,1094,0,0.9266,94.1,337.3,291.3,900.7
794,1119,0,0.6664,1119.8,527.8,1222.8,664.5
794,1130,0,0.6536,1375.3,518.2,1479.5,796.5
794,1148,0,0.7975,1620.8,507.4,1728.8,792.5
794,1097,0,0.6616,1044.0,517.2,1133.5,748.0
794,1163,0,0.7169,1497.5,500.1,1622.0,793.4
794,1089,0,0.5,1235.7,605.8,1349.7,783.5
794,1165,0,0.7477,1772.7,494.2,1865.2,808.1
794,1079,0,0.9251,555.3,329.9,773.1,884.5
794,1176,0,0.3775,1032.0,147.3,1104.3,342.3
794,1183,0,0.8784,10.3,398.9,53.2,906.2
794,1186,0,0.3383,1427.0,361.4,1505.8,499.5
794,1184,0,0.3498,1483.4,394.2,1580.7,541.4
794,1132,0,0.3076,258.6,544.3,331.2,674.4
795,747,0,0.906,683.5,130.0,1064.7,1019.2
795,946,0,0.9096,347.9,343.5,535.5,893.2
795,1087,0,0.5555,196.3,170.4,289.9,401.7
795,1094,0,0.9244,103.2,336.6,301.1,900.2
795,1119,0,0.7174,1128.1,525.0,1233.8,664.1
795,1130,0,0.7437,1379.9,517.9,1485.2,796.0
795,1148,0,0.7801,1629.5,507.3,1737.6,791.6
795,1097,0,0.6866,1053.8,517.1,1140.3,736.7
795,1163,0,0.6411,1503.6,499.8,1627.8,792.0
795,1089,0,0.4265,1244.1,605.6,1358.2,783.4
795,1165,0,0.7708,1782.7,493.2,1876.2,807.1
795,1079,0,0.9239,560.6,329.8,778.1,883.7
795,1176,0,0.378,1040.8,147.0,1112.2,339.4
795,1183,0,0.887,13.5,380.4,59.6,905.1
795,1186,0,0.3554,1435.9,361.3,1514.7,499.4
795,1184,0,0.311,1491.0,393.5,1588.2,540.5
795,1132,0,0.337,268.1,543.5,339.8,673.8
795,1161,32,0.6725,1013.4,726.7,1128.0,846.2
795,1153,0,0.3728,678.5,201.5,777.0,329.2
795,1172,0,0.3272,1689.0,347.6,1773.3,522.7
796,747,0,0.8917,693.6,132.4,1086.4,1019.2
796,946,0,0.8972,354.6,343.5,541.9,891.7
796,1087,0,0.6112,205.2,170.6,298.7,401.4
796,1094,0,0.9285,111.4,336.3,309.8,899.3
796,1119,0,0.696,1135.7,523.4,1242.9,663.6
796,1130,0,0.683,1377.7,517.5,1482.0,794.8
796,1148,0,0.7997,1636.3,506.7,1744.6,790.5
796,1097,0,0.5962,1065.4,516.6,1147.4,721.3
796,1163,0,0.6543,1510.0,500.0,1633.8,791.1
796,1089,0,0.4363,1251.5,605.3,1365.5,782.6
796,1165,0,0.7172,1790.3,494.2,1884.2,805.7
796,1079,0,0.9169,563.9,332.3,780.0,882.9
796,1176,0,0.4182,1048.2,146.8,1120.2,341.1
796,1183,0,0.9057,16.3,372.3,65.2,903.9
796,1186,0,0.3747,1443.7,361.0,1522.4,499.1
796,1184,0,0.3551,1498.6,393.3,1595.7,540.4
796,1153,0,0.3221,692.7,201.7,779.6,312.8
796,1172,0,0.3181,1695.9,347.3,1780.2,522.9
797,747,0,0.6373,682.2,137.6,1019.8,873.9
797,946,0,0.8932,360.5,344.6,546.7,890.8
797,1087,0,0.6175,212.4,170.4,306.1,401.5
797,1094,0,0.9289,118.4,335.9,317.3,898.7
797,1119,0,0.7149,1142.0,522.5,1250.7,663.5
797,1130,0,0.7301,1378.0,517.8,1481.4,794.3
797,1148,0,0.8296,1641.8,507.0,1750.0,789.9
797,1097,0,0.653,1071.1,517.4,1150.6,711.0
797,1163,0,0.6708,1515.0,500.0,1639.0,791.3
797,1089,0,0.4773,1256.6,605.3,1371.6,784.3
797,1165,0,0.801,1797.3,494.4,1892.0,804.0
797,1079,0,0.9212,564.7,333.4,779.8,882.3
797,1176,0,0.433,1053.8,146.8,1126.3,342.6
797,1183,0,0.9051,17.8,369.1,69.6,903.0
797,1186,0,0.3729,1448.2,361.1,1526.9,499.0
797,1184,0,0.4061,1503.7,392.6,1601.2,540.0
797,1172,0,0.3636,1701.4,347.4,1785.6,523.2
798,747,0,0.9341,658.6,143.6,1044.8,971.6
798,946,0,0.8935,361.7,345.4,546.2,890.4
798,1087,0,0.62,217.6,170.5,311.4,401.5
798,1094,0,0.9349,123.2,335.0,322.6,898.0
798,1119,0,0.6752,1147.3,523.1,1256.4,663.1
798,1130,0,0.7134,1378.6,517.2,1481.2,793.4
798,1148,0,0.8107,1644.4,507.0,1752.6,789.8
798,1097,0,0.6088,1077.5,518.1,1156.8,708.3
798,1163,0,0.6792,1518.4,500.0,1642.0,790.5
798,1089,0,0.4841,1261.5,605.2,1375.2,781.7
798,1165,0,0.7953,1800.3,493.2,1896.5,805.0
798,1079,0,0.9067,562.9,335.8,775.7,881.6
798,1176,0,0.403,1058.1,147.0,1130.6,342.9
798,1183,0,0.9069,19.0,368.4,73.9,902.7
798,1186,0,0.3561,1451.2,361.2,1530.2,499.4
798,1184,0,0.4241,1507.9,393.7,1604.7,539.8
798,1172,0,0.3335,1705.9,347.1,1790.6,523.5
799,747,0,0.9551,652.2,152.8,1056.9,1000.5
799,946,0,0.9159,359.0,345.9,540.0,889.6
799,1087,0,0.6676,221.2,170.0,315.2,401.6
799,1094,0,0.9361,126.5,334.6,326.2,897.3
799,1119,0,0.3031,1152.0,524.5,1258.3,658.7
799,1130,0,0.6837,1378.4,516.9,1480.7,793.2
799,1148,0,0.7918,1646.3,506.8,1754.9,789.9
799,1097,0,0.4929,1085.9,517.3,1160.9,696.5
799,1163,0,0.6683,1520.1,499.8,1643.9,790.0
799,1089,0,0.4837,1263.9,605.0,1377.5,780.9
799,1165,0,0.8191,1802.2,492.2,1899.7,805.3
799,1079,0,0.8771,560.2,336.3,770.6,880.9
799,1176,0,0.3855,1061.1,147.9,1133.2,342.6
799,1183,0,0.9054,19.4,368.2,77.4,902.9
799,1186,0,0.3479,1453.8,361.2,1532.6,499.0
799,1184,0,0.4155,1509.9,393.8,1606.5,539.7
799,1172,0,0.3379,1708.8,346.9,1793.7,523.2
799,1195,0,0.3222,1595.7,359.0,1672.6,490.6
800,747,0,0.8356,663.8,159.4,1084.3,1011.2
800,946,0,0.9143,359.8,346.3,537.8,889.0
800,1087,0,0.688,223.7,169.4,317.6,401.1
800,1094,0,0.935,128.6,334.3,328.5,896.5
800,1130,0,0.6407,1379.1,515.7,1481.3,792.5
800,1148,0,0.8041,1648.0,506.0,1756.7,789.4
800,1163,0,0.678,1520.9,499.1,1645.1,790.4
800,1089,0,0.354,1267.0,604.0,1380.3,780.3
800,1165,0,0.8017,1803.0,491.3,1901.0,804.9
800,1079,0,0.8589,558.5,336.5,765.5,879.9
800,1176,0,0.3877,1063.1,147.8,1135.0,341.9
800,1183,0,0.9101,19.2,368.3,80.3,902.2
800,1186,0,0.3586,1455.3,361.0,1534.2,498.5
800,1184,0,0.4115,1510.9,393.5,1607.5,539.2
800,1172,0,0.3088,1709.9,346.6,1794.8,522.6
800,1195,0,0.3319,1597.7,358.5,1674.6,490.1
801,747,0,0.9031,653.2,167.8,1078.7,1015.6
801,946,0,0.9141,361.9,347.3,537.1,888.3
801,1087,0,0.688,227.1,169.5,320.9,400.9
801,1094,0,0.9363,131.2,334.3,331.1,896.1
801,1130,0,0.6626,1379.8,515.4,1481.9,792.6
801,1148,0,0.794,1650.0,505.8,1758.5,788.7
801,1163,0,0.678,1522.3,498.9,1646.7,790.5
801,1165,0,0.7769,1805.2,490.9,1903.1,803.9
801,1079,0,0.8672,555.3,336.3,759.0,879.2
801,1176,0,0.4089,1065.9,147.4,1136.5,337.3
801,1183,0,0.9122,19.3,368.6,83.8,902.2
801,1186,0,0.3391,1457.5,360.7,1536.4,498.5
801,1184,0,0.4207,1512.5,392.9,1609.2,538.6
801,1195,0,0.3263,1598.0,358.6,1674.7,489.8
802,747,0,0.7301,672.1,173.9,1103.0,1013.8
802,946,0,0.9075,365.7,348.7,538.0,888.0
802,1087,0,0.6363,231.3,170.1,324.9,400.9
802,1094,0,0.9314,134.5,335.3,334.1,896.0
802,1130,0,0.705,1381.0,515.7,1482.9,792.6
802,1148,0,0.7849,1652.9,506.1,1761.2,788.5
802,1163,0,0.6806,1525.3,499.0,1649.6,789.8
802,1165,0,0.7459,1806.7,489.1,1905.1,803.2
802,1079,0,0.8624,553.6,336.7,753.9,879.0
802,1176,0,0.4075,1068.8,147.6,1139.0,335.8
802,1183,0,0.9188,19.7,369.1,87.7,902.3
802,1186,0,0.3293,1459.2,360.6,1538.4,498.3
802,1184,0,0.3767,1513.8,392.1,1611.1,539.0
802,1195,0,0.3736,1600.6,359.0,1676.9,489.4
802,1097,0,0.6368,1070.5,520.1,1177.2,778.2
802,1089,0,0.4256,1270.7,603.6,1384.9,781.5
803,747,0,0.9199,734.0,170.6,1184.1,1017.0
803,946,0,0.9038,369.3,349.7,539.3,888.1
803,1087,0,0.6538,235.6,171.2,329.1,401.8
803,1094,0,0.9315,138.4,336.8,337.4,896.6
803,1130,0,0.6589,1382.1,516.0,1484.0,792.7
803,1148,0,0.7769,1655.5,507.1,1763.6,788.8
803,1163,0,0.6348,1527.4,499.0,1652.0,790.0
803,1165,0,0.725,1809.3,491.1,1907.6,803.7
803,1079,0,0.8699,556.1,336.8,753.4,879.4
803,1176,0,0.4136,1071.2,149.5,1142.5,341.2
803,1183,0,0.9264,20.0,370.3,91.6,902.2
803,1186,0,0.3656,1461.3,361.4,1540.6,499.0
803,1184,0,0.3626,1516.2,393.4,1612.7,538.8
803,1195,0,0.4374,1601.6,359.7,1677.9,490.1
803,1097,0,0.5949,1070.5,518.3,1181.7,791.8
803,1089,0,0.3555,1274.4,604.1,1386.4,778.7
803,1119,0,0.6827,1163.9,534.3,1267.9,661.7
804,747,0,0.8765,740.3,163.5,1205.8,1017.8
804,946,0,0.9012,370.4,350.1,538.4,888.4
804,1087,0,0.6254,240.0,171.9,333.6,402.8
804,1094,0,0.9329,142.7,338.3,341.1,896.4
804,1130,0,0.6126,1382.5,516.5,1484.4,793.0
804,1148,0,0.7461,1658.0,507.7,1765.9,788.9
804,1163,0,0.6613,1529.5,498.4,1654.5,789.8
804,1165,0,0.7287,1810.4,492.3,1908.5,804.3
804,1079,0,0.8323,559.7,338.1,752.9,879.5
804,1183,0,0.9324,20.5,371.3,95.9,902.3
804,1186,0,0.3712,1463.2,361.9,1542.7,499.5
804,1195,0,0.3628,1603.7,360.7,1679.7,490.5
804,1097,0,0.4732,1071.9,516.9,1183.8,798.0
804,1089,0,0.4031,1276.9,604.1,1389.9,779.8
804,1199,0,0.5016,1.5,229.1,51.6,381.6
804,1119,0,0.6161,1162.5,537.4,1265.8,662.2
805,747,0,0.8644,721.1,150.5,1199.2,1017.1
805,946,0,0.9032,370.5,349.8,536.6,888.2
805,1087,0,0.6215,245.0,172.7,338.5,403.5
805,1094,0,0.9276,147.2,339.9,344.8,895.9
805,1130,0,0.6269,1382.4,517.4,1484.1,793.3
805,1148,0,0.76,1660.1,508.2,1767.8,788.8
805,1163,0,0.6192,1531.7,498.2,1656.9,789.2
805,1165,0,0.7201,1811.3,492.3,1909.2,804.2
805,1079,0,0.794,563.6,338.5,753.3,879.5
805,1183,0,0.9345,20.9,372.4,100.3,902.4
805,1186,0,0.3336,1466.7,362.8,1545.7,499.7
805,1195,0,0.3463,1606.4,361.2,1682.3,490.8
805,1097,0,0.5111,1077.9,523.0,1186.7,799.8
805,1089,0,0.5139,1280.1,604.2,1393.4,780.0
805,1199,0,0.458,3.5,228.9,54.7,384.4
805,1119,0,0.454,1162.4,539.6,1264.3,662.2
805,1200,0,0.6048,922.9,518.2,1023.3,800.0
805,1172,0,0.3111,1718.4,349.5,1801.9,524.1
805,1176,0,0.3932,1077.4,150.0,1149.5,343.9
806,747,0,0.7752,684.3,135.6,1169.9,1016.1
806,946,0,0.8733,371.0,350.1,535.3,887.7
806,1087,0,0.5535,250.1,174.8,343.1,404.2
806,1094,0,0.9246,152.5,341.5,349.4,895.3
806,1130,0,0.7136,1381.9,518.0,1483.4,793.3
806,1148,0,0.8196,1661.9,508.4,1769.5,788.5
806,1163,0,0.6481,1532.9,498.0,1658.2,788.6
806,1165,0,0.7387,1812.3,491.5,1910.3,804.2
806,1079,0,0.5914,569.2,339.1,755.2,879.2
806,1183,0,0.9374,21.9,373.6,105.4,902.2
806,1186,0,0.3827,1468.7,363.4,1547.4,500.0
806,1195,0,0.3771,1609.9,362.2,1685.8,491.7
806,1089,0,0.5394,1282.3,604.4,1396.4,781.2
806,1199,0,0.4436,6.8,229.2,58.0,383.3
806,1119,0,0.609,1165.4,541.9,1266.2,662.5
806,1200,0,0.7006,923.4,517.2,1023.5,798.7
806,1172,0,0.3257,1720.4,350.5,1802.7,524.2
806,1176,0,0.4456,1080.4,152.1,1152.5,346.1
806,1184,0,0.3483,1525.6,397.0,1619.9,539.1
807,747,0,0.4957,649.0,127.4,1135.5,1015.5
807,946,0,0.8828,372.9,350.4,536.2,886.9
807,1087,0,0.54,255.1,177.0,347.7,405.1
807,1094,0,0.9279,157.6,343.8,353.5,893.9
807,1130,0,0.6935,1380.7,518.6,1481.8,792.6
807,1148,0,0.7979,1662.1,508.8,1769.4,788.0
807,1163,0,0.6764,1532.8,498.0,1658.0,787.8
807,1165,0,0.7729,1812.4,492.1,1910.0,804.1
807,1079,0,0.4878,568.7,339.5,750.3,878.6
807,1183,0,0.9391,22.6,374.5,110.4,901.3
807,1186,0,0.3309,1469.3,364.4,1547.3,500.2
807,1195,0,0.3214,1610.0,363.1,1685.7,492.0
807,1089,0,0.5878,1283.3,604.5,1397.8,781.9
807,1199,0,0.4922,9.9,230.6,61.6,383.7
807,1119,0,0.594,1168.3,544.2,1267.4,662.2
807,1176,0,0.3416,1082.6,155.0,1153.9,347.1
807,1097,0,0.4845,1086.6,524.3,1191.5,794.5
808,747,0,0.9187,602.2,124.0,1079.9,1016.0
808,946,0,0.8888,372.4,351.2,535.1,885.8
808,1087,0,0.4336,258.6,178.2,350.9,405.6
808,1094,0,0.9256,161.5,345.6,356.5,892.6
808,1130,0,0.7033,1379.4,519.4,1480.0,791.6
808,1148,0,0.7716,1659.7,509.1,1766.7,787.1
808,1163,0,0.6883,1531.2,498.1,1656.2,786.5
808,1165,0,0.72,1809.7,491.8,1906.7,802.5
808,1079,0,0.3981,568.0,339.9,744.4,877.3
808,1183,0,0.9365,22.5,375.7,114.4,900.0
808,1186,0,0.302,1468.7,365.2,1546.5,500.7
808,1195,0,0.345,1606.9,363.6,1682.2,491.9
808,1089,0,0.513,1282.6,604.7,1396.5,780.9
808,1199,0,0.5279,11.0,232.3,65.1,389.5
808,1119,0,0.5298,1169.7,546.2,1267.4,662.2
808,1176,0,0.3812,1082.9,157.6,1153.6,348.2
808,1097,0,0.5821,1091.8,525.6,1195.2,792.2
808,1172,0,0.3802,1717.8,351.8,1799.8,525.2
809,747,0,0.9369,575.6,124.4,1041.6,1015.7
809,946,0,0.8923,370.4,352.2,533.1,884.8
809,1087,0,0.4954,261.5,179.9,353.3,406.5
809,1094,0,0.928,164.8,347.4,359.2,891.7
809,1130,0,0.7549,1376.1,520.4,1476.0,790.8
809,1148,0,0.7961,1656.8,509.6,1763.3,786.8
809,1163,0,0.6897,1528.1,497.8,1653.3,785.9
809,1165,0,0.7911,1807.4,490.8,1904.8,802.3
809,1183,0,0.9351,22.1,377.2,117.8,898.8
809,1195,0,0.3454,1603.3,364.7,1678.8,493.4
809,1089,0,0.529,1281.6,604.5,1395.0,779.9
809,1199,0,0.449,10.1,233.6,69.7,404.1
809,1119,0,0.447,1169.9,548.2,1266.3,661.8
809,1176,0,0.3774,1082.5,159.1,1153.1,349.8
809,1097,0,0.594,1095.1,526.2,1197.9,790.7
809,1172,0,0.3697,1715.6,353.3,1797.5,525.6
809,1184,0,0.3137,1520.4,399.6,1613.7,539.8
810,747,0,0.9425,561.3,129.9,1012.1,1015.3
810,946,0,0.9026,371.5,352.9,534.5,883.5
810,1087,0,0.4744,265.8,181.8,357.2,407.7
810,1094,0,0.9343,169.5,348.9,363.3,891.0
810,1130,0,0.7509,1374.8,521.0,1474.1,789.9
810,1148,0,0.8031,1655.5,509.8,1761.4,785.6
810,1163,0,0.6925,1526.9,497.7,1652.5,785.5
810,1165,0,0.775,1806.2,491.0,1903.4,801.4
810,1183,0,0.9349,22.5,378.2,122.5,897.5
810,1195,0,0.3293,1602.5,365.9,1677.8,494.2
810,1089,0,0.5086,1281.5,604.5,1395.0,779.7
810,1199,0,0.5054,10.9,235.1,73.6,410.6
810,1119,0,0.3859,1170.8,550.3,1266.0,661.3
810,1176,0,0.4219,1083.3,160.6,1153.6,350.9
810,1097,0,0.5397,1097.8,528.3,1197.9,785.3
810,1172,0,0.4171,1713.6,354.4,1795.7,526.3
810,1184,0,0.3222,1518.9,400.9,1611.7,540.0
810,1200,0,0.6435,916.8,524.5,1013.5,797.1
810,1186,0,0.3888,1466.8,367.7,1544.0,502.1
811,747,0,0.9306,532.0,140.5,966.8,1015.9
811,946,0,0.9102,376.9,353.2,540.5,881.8
811,1087,0,0.49,273.3,183.2,364.2,407.9
811,1094,0,0.9299,176.5,349.8,369.7,889.5
811,1130,0,0.7383,1376.6,521.2,1475.6,789.0
811,1148,0,0.7404,1656.9,510.3,1762.6,784.9
811,1163,0,0.6422,1528.6,498.4,1653.6,783.8
811,1165,0,0.7316,1806.9,490.9,1904.1,800.7
811,1183,0,0.9416,24.1,379.5,128.6,896.2
811,1089,0,0.4917,1284.6,604.6,1397.5,778.8
811,1199,0,0.575,13.8,236.2,79.0,413.0
811,1176,0,0.398,1087.1,162.9,1156.6,350.8
811,1097,0,0.5644,1105.0,530.2,1203.9,781.1
811,1172,0,0.3067,1715.6,354.8,1798.1,526.5
811,1200,0,0.7554,917.3,525.6,1013.5,795.8
811,1186,0,0.3574,1468.3,368.7,1545.3,502.7
812,747,0,0.8889,509.2,143.9,933.8,1013.6
812,946,0,0.9197,387.4,354.1,550.9,879.7
812,1087,0,0.4525,284.6,184.7,374.9,408.5
812,1094,0,0.9234,187.9,350.7,380.6,888.1
812,1130,0,0.6804,1383.2,521.4,1481.2,787.8
812,1148,0,0.7205,1661.6,510.3,1766.9,784.0
812,1163,0,0.6049,1533.6,498.4,1659.1,784.0
812,1165,0,0.7186,1810.9,490.9,1907.6,799.0
812,1183,0,0.9389,26.9,380.4,136.9,895.1
812,1089,0,0.4298,1290.6,604.4,1403.3,778.0
812,1199,0,0.5799,17.9,237.9,85.9,414.8
812,1176,0,0.3433,1094.2,163.8,1163.5,350.9
812,1097,0,0.5256,1115.3,531.9,1215.0,778.7
812,1200,0,0.704,921.4,525.8,1017.1,793.6
813,747,0,0.9398,500.0,136.8,921.4,1011.1
813,946,0,0.8902,406.8,356.0,569.0,877.8
813,1087,0,0.3401,301.7,186.7,391.0,408.8
813,1094,0,0.9219,205.8,351.1,397.3,885.8
813,1130,0,0.6488,1395.4,521.0,1492.6,786.2
813,1148,0,0.6494,1672.1,510.1,1777.2,782.8
813,1163,0,0.5182,1543.9,497.6,1669.9,783.2
813,1165,0,0.6186,1820.1,489.5,1916.2,797.6
813,1183,0,0.9258,33.0,381.2,149.2,893.3
813,1199,0,0.4374,31.8,238.7,102.5,415.0
813,1176,0,0.3179,1107.0,164.8,1176.2,350.6
813,1097,0,0.4829,1126.2,533.6,1225.3,775.6
813,1200,0,0.6947,929.9,523.6,1025.7,789.7
814,747,0,0.9408,498.9,126.1,917.7,1006.6
814,946,0,0.8867,432.3,356.8,593.2,875.7
814,1094,0,0.9193,229.5,351.2,419.4,883.5
814,1130,0,0.5406,1413.8,520.1,1510.0,784.3
814,1148,0,0.6254,1688.6,509.5,1793.8,781.1
814,1163,0,0.4664,1561.1,497.2,1687.1,780.9
814,1165,0,0.6617,1831.5,482.6,1920.0,795.9
814,1183,0,0.9115,52.9,380.4,174.4,890.2
814,1097,0,0.3712,1143.9,538.3,1241.0,772.5
814,1200,0,0.6963,948.0,520.9,1043.8,787.0
815,747,0,0.9249,503.8,118.7,917.7,1005.4
815,946,0,0.8479,461.6,357.7,621.2,873.2
815,1094,0,0.914,259.7,351.2,447.7,880.7
815,1148,0,0.6641,1710.9,508.5,1816.5,779.4
815,1165,0,0.6808,1846.0,483.8,1920.0,793.5
815,1183,0,0.8943,80.7,380.2,206.6,887.2
815,1200,0,0.6691,969.1,519.5,1065.8,787.2
815,1207,32,0.5596,675.7,335.8,731.3,394.0
816,747,0,0.9211,516.8,118.1,920.8,1002.0
816,946,0,0.7858,494.4,363.7,650.0,869.2
816,1094,0,0.8978,296.5,350.7,482.4,878.5
816,1148,0,0.4734,1742.5,507.1,1849.1,777.5
816,1183,0,0.8947,114.9,379.8,244.8,883.9
816,1200,0,0.6675,999.9,516.5,1097.0,784.1
816,1177,0,0.3896,885.3,527.9,970.3,658.4
817,747,0,0.9288,534.8,123.2,925.3,997.3
817,946,0,0.3051,523.3,364.9,673.0,864.6
817,1094,0,0.901,338.9,350.6,521.3,874.1
817,1148,0,0.5433,1776.8,505.0,1883.7,774.6
817,1183,0,0.9112,153.9,378.1,288.0,880.6
817,1200,0,0.6637,1035.5,514.7,1132.1,780.1
818,747,0,0.9043,530.6,131.8,907.4,994.8
818,1094,0,0.8899,386.6,349.4,565.3,869.4
818,1148,0,0.6524,1810.2,503.7,1915.4,772.0
818,1183,0,0.8846,198.1,376.0,335.5,876.2
818,1200,0,0.6093,1073.3,522.2,1165.8,777.8
818,1217,0,0.5812,804.0,378.4,941.9,854.9
819,747,0,0.9238,532.0,137.7,903.2,991.4
819,1094,0,0.8975,437.5,347.0,612.4,863.8
819,1183,0,0.889,247.3,373.8,386.9,871.4
819,1200,0,0.6187,1114.6,523.2,1205.1,774.0
819,1217,0,0.5932,845.6,350.0,990.4,851.6
819,1227,0,0.5764,88.0,413.3,247.5,865.1
820,747,0,0.9306,528.4,143.6,898.4,988.1
820,1094,0,0.8773,491.4,344.6,662.5,857.6
820,1183,0,0.8863,300.7,370.8,441.8,866.7
820,1217,0,0.8344,886.0,339.1,1032.7,847.2
820,1227,0,0.8825,26.8,380.3,197.6,863.2
820,1097,0,0.6221,1161.3,504.1,1268.8,769.4
821,747,0,0.9473,530.9,149.3,902.6,980.1
821,1183,0,0.8865,353.0,367.3,495.3,860.8
821,1217,0,0.853,928.1,332.2,1075.5,841.8
821,1227,0,0.8429,40.5,364.2,215.7,858.4
821,1235,0,0.6214,189.1,433.5,347.8,854.4
821,1097,0,0.6124,1193.6,499.1,1299.4,765.4
821,946,0,0.6866,561.9,343.1,709.4,846.4
822,747,0,0.955,536.1,149.2,914.8,974.0
822,1183,0,0.8991,403.6,363.6,547.0,855.0
822,1217,0,0.8031,974.2,327.9,1121.6,837.3
822,1227,0,0.8493,84.2,356.7,260.9,852.8
822,1079,0,0.7081,603.3,340.2,762.1,847.9
823,747,0,0.953,543.3,147.9,931.5,968.9
823,1183,0,0.902,451.9,361.0,596.2,850.3
823,1217,0,0.8411,1021.2,325.7,1168.3,834.6
823,1245,0,0.6652,283.6,390.3,455.4,845.9
823,1089,0,0.6305,1269.5,495.8,1424.2,756.4
823,1235,0,0.8541,153.4,363.2,336.9,848.6
824,747,0,0.9501,558.4,147.7,957.9,965.9
824,1183,0,0.91,496.6,360.1,641.8,847.9
824,1217,0,0.8631,1062.4,324.7,1208.6,832.6
824,1245,0,0.6364,323.7,394.0,493.8,844.2
824,1089,0,0.5866,1297.6,493.4,1441.5,754.7
824,1235,0,0.84,178.1,348.9,366.9,846.2
825,747,0,0.9288,578.9,145.2,991.6,965.4
825,1183,0,0.9078,536.5,360.4,683.2,847.9
825,1217,0,0.8748,1099.5,327.3,1244.0,831.5
825,1245,0,0.6638,364.5,400.6,532.5,844.4
825,1089,0,0.6614,1333.2,493.0,1468.8,755.3
825,1235,0,0.8291,216.3,345.1,407.2,846.1
826,747,0,0.9423,603.8,139.5,1030.2,965.3
826,1183,0,0.9004,571.8,361.7,719.7,848.2
826,1217,0,0.8671,1133.0,329.8,1276.1,831.2
826,1245,0,0.6961,395.8,382.3,571.3,845.1
826,1089,0,0.6715,1368.6,497.2,1495.1,755.9
826,1235,0,0.7954,249.8,343.1,441.1,846.0
826,1262,0,0.7534,962.4,334.5,1067.3,835.1
827,747,0,0.9354,635.0,138.6,1072.2,970.4
827,1183,0,0.8966,602.7,362.6,752.1,848.3
827,1217,0,0.8621,1162.0,331.0,1304.1,831.1
827,1245,0,0.6558,426.2,383.7,601.3,844.1
827,1089,0,0.6347,1399.3,500.5,1518.3,755.9
827,1235,0,0.7642,279.7,347.6,468.2,845.4
827,1262,0,0.8519,978.6,343.7,1082.7,834.5
827,1263,0,0.4618,1808.4,578.9,1920.0,743.9
828,747,0,0.9489,661.1,140.6,1105.5,973.7
828,1183,0,0.8191,632.0,378.4,778.8,849.3
828,1217,0,0.8573,1187.8,330.9,1329.0,830.5
828,1245,0,0.6352,435.1,345.5,625.5,843.3
828,1235,0,0.7373,311.8,360.6,493.7,844.1
828,1262,0,0.8073,1002.6,345.4,1104.7,818.6
828,1263,0,0.4655,1821.0,578.7,1920.0,745.1
828,1130,0,0.6521,1451.1,505.0,1539.6,756.2
829,747,0,0.9341,669.5,150.3,1118.2,973.5
829,1217,0,0.8569,1212.4,331.0,1352.7,829.7
829,1245,0,0.552,466.0,356.0,652.6,842.3
829,1235,0,0.7076,343.6,365.4,521.0,842.6
829,1262,0,0.8685,1026.8,344.5,1133.1,827.8
829,1130,0,0.547,1471.4,503.1,1557.5,754.3
829,946,0,0.4797,641.5,330.6,793.8,846.3
830,747,0,0.9285,660.8,160.4,1117.0,973.2
830,1217,0,0.8539,1237.9,331.1,1377.6,829.2
830,1245,0,0.6403,486.3,338.5,679.6,841.3
830,1235,0,0.6291,374.2,357.4,552.1,843.1
830,1262,0,0.8756,1051.2,343.5,1160.6,830.4
830,1130,0,0.6461,1494.5,502.1,1579.6,754.1
831,747,0,0.9385,648.5,174.8,1111.2,973.9
831,1217,0,0.8604,1263.4,329.2,1403.6,829.2
831,1245,0,0.6493,517.7,364.1,702.5,840.9
831,1235,0,0.7391,405.4,351.5,582.3,842.9
831,1262,0,0.8702,1076.4,343.0,1188.6,831.6
831,1130,0,0.5443,1518.1,503.2,1603.0,753.8
831,1279,0,0.5594,15.9,555.5,81.2,650.3
831,1280,0,0.7554,913.9,336.2,1031.1,781.4
832,747,0,0.9372,631.7,187.8,1099.7,973.9
832,1217,0,0.8757,1290.6,327.6,1431.1,828.7
832,1245,0,0.6907,543.8,374.3,726.3,840.6
832,1235,0,0.6798,440.0,352.9,612.6,842.9
832,1262,0,0.8404,1102.4,341.1,1217.9,832.8
832,1130,0,0.5597,1546.2,503.5,1631.3,753.7
832,1279,0,0.5781,42.2,555.4,107.6,650.1
832,1280,0,0.7974,933.8,334.8,1053.1,785.9
833,747,0,0.9484,615.3,197.7,1086.9,973.1
833,1217,0,0.8648,1321.6,327.0,1462.7,828.3
833,1245,0,0.6824,576.3,396.7,752.2,839.4
833,1235,0,0.6839,481.6,360.1,648.3,843.5
833,1262,0,0.8732,1130.5,339.6,1249.1,833.7
833,1130,0,0.5963,1576.2,503.1,1661.3,753.2
833,1279,0,0.6256,75.8,554.3,141.9,649.2
833,1280,0,0.8768,958.6,332.8,1085.0,807.6
834,747,0,0.9408,603.1,203.9,1073.6,970.2
834,1217,0,0.8537,1354.7,326.5,1496.2,827.0
834,1245,0,0.6754,610.5,408.2,783.5,838.7
834,1235,0,0.5847,523.3,380.9,679.2,840.5
834,1262,0,0.879,1161.1,337.6,1282.2,831.9
834,1130,0,0.6056,1608.6,503.3,1694.0,752.5
834,1279,0,0.5568,111.9,553.4,178.5,648.2
834,1280,0,0.8673,988.3,331.0,1120.6,825.2
834,1288,0,0.5611,18.7,552.0,97.7,649.4
835,747,0,0.9326,593.9,204.1,1060.3,969.6
835,1217,0,0.8525,1387.6,325.4,1529.2,825.4
835,1245,0,0.4569,640.1,403.9,813.8,837.2
835,1235,0,0.4203,559.2,388.8,707.4,838.4
835,1262,0,0.8512,1193.4,333.7,1317.7,831.6
835,1279,0,0.65,149.2,552.1,216.4,646.8
835,1280,0,0.8836,1021.2,329.3,1154.0,821.4
835,1288,0,0.573,49.5,551.8,128.6,648.7
835,1163,0,0.3757,1646.4,499.9,1754.2,751.4
836,747,0,0.8917,600.1,197.1,1065.2,968.5
836,1217,0,0.8715,1421.9,321.2,1565.4,824.6
836,1262,0,0.8961,1229.1,334.4,1355.5,830.4
836,1280,0,0.8874,1053.3,327.7,1191.2,835.4
836,1288,0,0.4971,86.3,550.5,165.5,646.9
836,1183,0,0.6618,887.0,358.4,1035.4,838.6
837,747,0,0.9251,620.8,187.1,1087.6,968.3
837,1217,0,0.8739,1457.3,320.5,1601.7,823.9
837,1262,0,0.8763,1265.6,333.7,1394.0,829.0
837,1280,0,0.9054,1088.4,327.1,1228.7,840.2
837,1183,0,0.7917,918.3,356.5,1062.2,814.3
837,1079,0,0.3564,663.0,381.2,808.5,838.2
838,747,0,0.9362,638.0,170.3,1111.2,968.7
838,1217,0,0.8624,1493.8,318.6,1639.7,823.9
838,1262,0,0.8487,1303.8,327.7,1435.8,828.6
838,1280,0,0.9192,1125.7,327.0,1267.4,840.0
838,1183,0,0.8331,941.9,355.8,1093.8,827.4
838,1176,0,0.3035,1210.2,177.4,1289.4,385.6
839,747,0,0.9323,640.6,155.2,1122.7,969.7
839,1217,0,0.857,1529.5,316.4,1675.7,823.6
839,1262,0,0.818,1342.2,326.8,1475.8,828.0
839,1280,0,0.9067,1162.5,326.8,1305.4,838.6
839,1183,0,0.8895,973.6,354.9,1126.1,813.0
840,747,0,0.9452,632.7,147.4,1123.3,970.0
840,1217,0,0.8601,1568.7,315.0,1714.6,823.5
840,1262,0,0.8328,1383.3,325.3,1518.3,827.8
840,1280,0,0.905,1201.4,326.5,1345.9,837.6
840,1183,0,0.8805,1005.3,354.5,1163.5,816.9
840,1316,32,0.8587,234.4,413.0,341.7,524.3
841,747,0,0.9491,631.4,143.4,1129.7,973.3
841,1217,0,0.8712,1610.7,315.5,1756.2,824.3
841,1262,0,0.8525,1426.4,327.9,1562.2,828.5
841,1280,0,0.902,1242.1,326.6,1388.2,837.0
841,1316,32,0.78,258.0,388.4,361.0,495.1
841,1094,0,0.8997,1039.3,355.3,1208.4,836.7
841,1279,0,0.4666,307.1,548.9,377.7,643.9
842,747,0,0.9403,642.9,143.4,1141.6,975.7
842,1217,0,0.8558,1655.9,315.0,1801.0,824.6
842,1262,0,0.823,1469.5,324.7,1607.4,828.5
842,1280,0,0.8881,1285.6,327.6,1433.1,837.0
842,1316,32,0.9164,284.6,365.1,385.0,468.9
842,1094,0,0.8808,1072.6,353.9,1248.2,836.3
842,1279,0,0.4708,344.6,548.1,418.4,643.4
843,747,0,0.939,650.3,149.1,1140.8,976.5
843,1217,0,0.8476,1702.0,313.9,1847.1,824.4
843,1262,0,0.8469,1512.3,325.4,1651.6,828.3
843,1280,0,0.8933,1330.1,325.8,1479.3,836.3
843,1316,32,0.9012,313.3,349.5,412.7,451.9
843,1094,0,0.8896,1112.0,353.4,1291.4,836.5
843,1279,0,0.4132,386.8,547.5,462.9,642.8
843,1327,32,0.9179,16.8,927.9,65.8,1035.1
844,747,0,0.9162,633.2,155.7,1113.9,976.8
844,1217,0,0.8576,1749.7,311.7,1895.0,824.3
844,1262,0,0.8314,1552.3,325.2,1694.6,828.0
844,1280,0,0.8947,1375.0,324.3,1525.8,835.9
844,1316,32,0.6971,343.5,340.7,434.7,433.7
844,1094,0,0.8755,1151.7,352.6,1334.7,836.1
844,1279,0,0.5189,429.8,547.0,507.9,642.0
844,1327,32,0.933,40.9,925.9,92.1,1034.9
845,747,0,0.9119,608.4,159.6,1075.9,977.9
845,1217,0,0.8781,1790.1,310.9,1920.0,824.5
845,1262,0,0.8489,1593.0,324.9,1738.7,827.7
845,1280,0,0.8952,1420.1,323.9,1572.1,835.7
845,1316,32,0.6696,364.9,341.0,463.5,440.9
845,1094,0,0.8578,1186.2,351.6,1375.4,836.2
845,1279,0,0.522,473.2,546.4,553.4,641.4
845,1327,32,0.9444,82.3,925.0,136.1,1034.7
845,1333,0,0.6143,1089.0,344.0,1237.2,829.5
846,747,0,0.9285,601.5,160.3,1055.0,976.3
846,1262,0,0.8226,1647.4,326.0,1793.6,828.6
846,1280,0,0.8946,1464.7,324.5,1617.7,835.5
846,1316,32,0.9318,389.2,346.2,491.3,449.1
846,1094,0,0.8752,1224.6,351.6,1418.8,836.4
846,1279,0,0.5517,517.6,546.8,599.1,641.2
846,1327,32,0.9464,127.2,924.9,183.8,1034.6
846,1333,0,0.6014,1124.8,343.4,1273.9,830.7
847,747,0,0.9079,592.5,152.7,1044.7,980.6
847,1262,0,0.8197,1694.9,327.2,1842.5,829.6
847,1280,0,0.9032,1508.0,323.9,1662.8,836.2
847,1316,32,0.9427,413.5,357.8,517.9,463.2
847,1094,0,0.8966,1265.9,351.7,1464.3,837.8
847,1279,0,0.5239,559.2,546.5,643.0,641.6
847,1327,32,0.9396,169.9,925.0,229.7,1034.9
847,1333,0,0.6478,1171.3,340.7,1322.2,831.8
848,747,0,0.9038,604.6,139.5,1058.6,981.2
848,1262,0,0.8739,1738.4,327.8,1886.5,831.2
848,1280,0,0.9132,1549.6,323.5,1706.6,837.8
848,1316,32,0.8197,434.9,377.9,541.0,484.5
848,1094,0,0.8864,1305.2,350.8,1507.9,839.4
848,1279,0,0.5009,598.7,546.8,684.1,642.0
848,1327,32,0.9388,208.6,925.9,271.5,1035.4
848,1333,0,0.6453,1216.0,341.3,1367.2,832.4
849,747,0,0.9053,639.9,126.8,1105.7,980.9
849,1262,0,0.8877,1775.7,326.9,1920.0,831.4
849,1280,0,0.916,1586.7,323.0,1746.0,839.0
849,1316,32,0.8381,451.7,404.2,560.4,513.5
849,1094,0,0.8763,1340.0,349.3,1546.5,840.5
849,1327,32,0.941,242.8,926.0,309.4,1035.8
849,1333,0,0.6489,1248.0,339.7,1401.1,833.2
850,747,0,0.9167,651.9,113.2,1128.8,979.0
850,1262,0,0.8827,1792.2,326.8,1920.0,831.9
850,1280,0,0.8972,1621.8,322.6,1783.0,838.9
850,1094,0,0.8973,1371.8,347.4,1582.0,840.9
850,1327,32,0.9446,273.5,925.5,343.9,1035.7
850,1333,0,0.5823,1278.9,338.0,1433.7,832.7
851,747,0,0.9012,625.1,103.2,1119.7,978.0
851,1262,0,0.8247,1806.5,322.8,1920.0,831.1
851,1280,0,0.9216,1651.5,321.4,1815.3,839.2
851,1094,0,0.8926,1398.0,345.2,1611.5,840.8
851,1327,32,0.9471,300.1,925.4,373.9,1035.6
851,1333,0,0.5562,1311.9,334.6,1468.7,833.0
851,1347,0,0.5101,27.4,542.0,130.9,658.3
851,1089,0,0.7161,1547.6,403.1,1702.7,775.0
851,1279,0,0.3012,693.1,544.6,780.4,640.8
852,747,0,0.9225,610.0,101.9,1123.4,980.5
852,1280,0,0.9112,1677.7,321.4,1843.5,839.8
852,1094,0,0.9092,1418.1,344.5,1634.0,841.7
852,1327,32,0.9473,321.6,925.7,398.9,1036.2
852,1333,0,0.5388,1336.9,334.8,1495.1,834.5
852,1347,0,0.5231,47.3,540.8,152.2,658.7
852,1089,0,0.4474,1576.1,406.9,1719.4,772.2
852,1279,0,0.364,715.6,540.3,807.2,640.8
853,747,0,0.9251,585.9,108.8,1115.2,983.4
853,1280,0,0.914,1699.1,320.7,1867.3,840.4
853,1094,0,0.8933,1435.8,339.6,1655.6,843.1
853,1327,32,0.9457,339.0,926.5,419.7,1037.1
853,1333,0,0.3669,1341.4,333.3,1500.7,834.5
853,1347,0,0.4532,68.8,541.6,173.3,658.9
853,1279,0,0.4382,734.7,541.6,826.8,642.4
853,1354,32,0.7087,440.2,474.4,544.3,580.5
854,747,0,0.9258,500.5,122.0,1025.9,985.8
854,1280,0,0.9126,1718.0,320.2,1888.4,840.7
854,1094,0,0.9282,1452.4,335.9,1674.6,843.4
854,1327,32,0.9474,354.5,927.3,438.2,1037.8
854,1333,0,0.4529,1346.0,320.1,1509.3,835.2
854,1347,0,0.5507,87.5,541.7,191.9,658.9
854,1354,32,0.7715,415.0,464.8,526.8,578.7
855,747,0,0.9162,501.3,136.2,1033.8,987.9
855,1280,0,0.9201,1734.7,318.8,1907.9,841.0
855,1094,0,0.9145,1471.5,334.5,1694.5,843.3
855,1327,32,0.9431,369.8,927.6,456.5,1038.1
855,1333,0,0.4571,1358.4,303.7,1526.1,835.2
855,1347,0,0.4642,105.5,541.1,209.6,657.9
855,1354,32,0.5017,389.9,460.4,498.1,570.6
856,747,0,0.9315,503.8,141.9,1042.7,989.8
856,1280,0,0.9229,1752.3,316.3,1920.0,840.0
856,1094,0,0.917,1492.5,332.2,1717.1,842.9
856,1327,32,0.9487,386.4,927.8,475.9,1038.1
856,1347,0,0.5671,124.1,540.2,228.3,656.8
856,1354,32,0.9225,365.7,461.9,474.3,572.5
857,747,0,0.9074,517.1,142.8,1055.8,990.6
857,1280,0,0.9288,1769.7,314.4,1920.0,840.0
857,1094,0,0.9165,1517.1,332.7,1742.3,842.9
857,1327,32,0.9478,405.4,927.7,497.8,1038.3
857,1347,0,0.4834,145.6,539.3,250.0,656.1
857,1354,32,0.8825,346.5,469.2,451.8,575.9
858,747,0,0.9317,506.9,142.3,1045.4,987.4
858,1280,0,0.9259,1787.4,311.6,1920.0,839.7
858,1094,0,0.9226,1544.5,333.1,1770.3,842.9
858,1327,32,0.9457,427.4,927.4,523.1,1038.6
858,1347,0,0.4814,169.7,539.0,273.9,655.3
858,1354,32,0.3274,329.6,485.9,433.5,591.1
859,747,0,0.9321,540.1,143.4,1074.2,987.4
859,1280,0,0.8501,1806.3,310.5,1920.0,840.2
859,1094,0,0.9041,1574.6,332.9,1800.8,841.9
859,1327,32,0.9492,452.4,927.0,551.0,1038.6
859,1347,0,0.4611,196.0,537.0,301.2,654.4
860,747,0,0.9519,575.7,148.7,1104.8,990.4
860,1094,0,0.9102,1608.3,331.0,1836.0,841.5
860,1327,32,0.9526,480.9,925.6,582.3,1037.6
860,1279,0,0.3376,981.4,538.6,1067.3,635.0
861,747,0,0.9444,605.0,151.2,1129.4,992.3
861,1094,0,0.9224,1644.7,328.3,1874.1,840.6
861,1327,32,0.9504,511.5,924.2,615.4,1036.5
861,1393,32,0.9341,299.4,585.3,414.3,697.2
861,1279,0,0.3462,1017.0,537.5,1100.4,632.7
861,1333,0,0.3501,1538.0,281.6,1708.8,831.7
862,747,0,0.9508,631.2,146.0,1151.0,990.4
862,1094,0,0.9288,1681.6,325.3,1912.3,839.2
862,1327,32,0.9533,544.0,922.4,650.1,1034.6
862,1279,0,0.4028,1053.0,535.3,1135.0,630.0
862,1399,0,0.8833,0.0,408.7,96.2,848.5
862,1333,0,0.3114,1578.7,287.6,1745.3,830.4
863,747,0,0.9339,652.8,140.2,1165.8,989.5
863,1094,0,0.9275,1708.5,323.4,1920.0,836.6
863,1327,32,0.9486,576.6,920.3,684.8,1032.8
863,1279,0,0.4229,1087.0,530.1,1170.1,627.3
863,1399,0,0.9165,10.2,388.3,111.5,848.6
864,747,0,0.9337,652.8,135.3,1159.4,988.2
864,1094,0,0.9099,1731.2,321.4,1920.0,834.0
864,1327,32,0.9524,606.4,918.5,716.5,1031.3
864,1279,0,0.4412,1118.8,527.7,1201.9,625.4
864,1399,0,0.9349,18.8,378.8,123.2,847.5
865,747,0,0.912,637.3,129.4,1142.4,987.8
865,1094,0,0.9095,1751.6,319.1,1920.0,833.1
865,1327,32,0.952,634.1,917.7,745.6,1030.6
865,1279,0,0.3698,1149.6,527.3,1231.5,623.9
865,1399,0,0.921,29.7,375.3,136.7,846.5
866,747,0,0.9442,637.8,120.9,1147.8,987.3
866,1094,0,0.8511,1771.1,317.9,1920.0,828.2
866,1327,32,0.953,659.7,917.5,772.9,1030.8
866,1279,0,0.4567,1177.2,526.7,1259.0,623.5
866,1399,0,0.9211,43.5,374.5,153.2,845.5
867,747,0,0.9315,636.5,114.3,1158.9,992.4
867,1094,0,0.6253,1795.7,323.8,1920.0,804.6
867,1327,32,0.9513,683.7,918.2,798.3,1031.6
867,1279,0,0.4922,1203.3,526.8,1284.9,623.4
867,1399,0,0.9115,54.3,375.7,167.6,847.4
867,1422,32,0.9267,242.5,865.0,358.0,985.4
868,747,0,0.9333,624.9,109.1,1162.5,994.8
868,1327,32,0.951,705.7,918.9,821.3,1032.5
868,1279,0,0.5743,1226.8,527.2,1308.2,623.7
868,1399,0,0.9162,64.7,376.7,182.4,848.9
868,1422,32,0.8881,232.3,816.6,345.4,934.4
868,1333,0,0.3239,1770.8,357.0,1916.5,828.0
869,747,0,0.9493,622.9,102.2,1174.6,994.1
869,1327,32,0.9483,725.2,919.8,841.6,1033.5
869,1279,0,0.4977,1247.2,527.5,1328.9,624.3
869,1399,0,0.9183,71.9,376.1,194.4,849.9
869,1422,32,0.9225,220.9,774.3,330.9,888.6
869,1431,0,0.549,1441.9,409.5,1520.2,590.4
869,1432,0,0.5352,1149.8,525.8,1241.2,625.5
869,1434,0,0.4771,475.9,524.7,575.2,641.3
869,1333,0,0.4792,1794.5,377.9,1920.0,829.1
870,747,0,0.9495,625.7,100.8,1187.4,993.5
870,1327,32,0.9363,741.5,920.4,858.5,1034.0
870,1279,0,0.4929,1264.4,527.7,1346.2,624.4
870,1399,0,0.9083,79.6,377.9,206.2,851.0
870,1422,32,0.94,204.6,740.5,315.2,855.1
870,1431,0,0.5569,1458.2,409.2,1536.7,590.6
870,1432,0,0.5439,1165.8,526.0,1256.9,625.5
870,1434,0,0.3172,490.9,524.6,589.1,639.8
870,1333,0,0.3912,1796.1,367.1,1920.0,829.1
870,1176,0,0.4395,1367.2,259.0,1446.6,448.2
871,747,0,0.9481,633.4,103.7,1201.2,995.9
871,1327,32,0.9434,755.3,920.3,872.7,1033.9
871,1279,0,0.5823,1278.8,527.0,1361.1,624.2
871,1399,0,0.9175,86.9,379.7,217.5,851.6
871,1422,32,0.8543,184.3,716.3,297.8,834.0
871,1431,0,0.5795,1473.1,408.4,1551.9,590.5
871,1432,0,0.5763,1180.9,525.1,1272.5,625.1
871,1434,0,0.3306,504.0,524.8,605.9,644.5
871,1333,0,0.383,1802.3,358.4,1920.0,829.2
871,1446,0,0.4927,1487.1,252.7,1572.5,433.1
871,1176,0,0.4255,1378.4,259.5,1460.9,449.3
872,747,0,0.9504,640.3,103.1,1210.8,993.2
872,1327,32,0.9378,766.9,919.3,884.8,1032.9
872,1279,0,0.5367,1290.9,526.4,1373.4,623.5
872,1399,0,0.8946,95.6,380.4,230.3,851.0
872,1422,32,0.912,163.0,699.9,277.6,818.5
872,1431,0,0.5629,1486.3,407.6,1564.8,589.5
872,1432,0,0.5571,1195.1,524.4,1286.6,624.3
872,1333,0,0.4926,1808.2,356.7,1920.0,827.8
872,1446,0,0.4541,1498.8,251.5,1584.4,432.4
872,1176,0,0.409,1390.1,258.4,1474.3,449.2
873,747,0,0.9388,648.1,103.5,1216.2,991.9
873,1327,32,0.9477,777.9,918.4,896.1,1032.0
873,1279,0,0.5915,1301.9,525.6,1384.5,622.9
873,1399,0,0.9259,104.3,379.4,243.5,849.9
873,1422,32,0.9305,142.6,693.6,256.5,811.2
873,1431,0,0.6367,1499.1,406.8,1577.5,588.5
873,1432,0,0.555,1208.1,524.0,1298.8,623.3
873,1333,0,0.5236,1811.8,328.9,1920.0,826.5
873,1446,0,0.4765,1511.8,250.5,1597.3,431.1
873,1176,0,0.42,1402.3,257.1,1487.6,449.0
874,747,0,0.9517,654.3,103.7,1217.8,995.3
874,1327,32,0.9391,788.4,917.6,906.9,1031.2
874,1279,0,0.57,1312.9,525.2,1395.6,622.4
874,1399,0,0.9173,113.3,378.5,256.4,849.2
874,1422,32,0.9306,121.1,694.5,234.6,812.2
874,1431,0,0.5612,1510.6,406.3,1588.7,587.7
874,1432,0,0.5988,1219.9,523.1,1310.8,622.8
874,1446,0,0.4309,1524.5,249.4,1610.3,430.9
874,1176,0,0.4618,1414.0,256.5,1499.8,448.2
875,747,0,0.9293,664.0,105.9,1211.5,996.0
875,1327,32,0.9467,799.0,917.5,917.4,1030.7
875,1279,0,0.6222,1323.0,524.9,1406.0,622.3
875,1399,0,0.9197,119.0,377.4,266.2,849.5
875,1422,32,0.8495,100.2,702.7,214.8,821.5
875,1431,0,0.4512,1520.8,405.9,1598.6,587.5
875,1432,0,0.6182,1230.7,522.3,1321.8,622.5
875,1446,0,0.44,1536.6,249.4,1622.1,430.2
875,1176,0,0.4816,1425.6,256.0,1511.7,448.1
875,1469,0,0.4356,23.7,151.6,104.1,401.3
876,747,0,0.9298,675.4,106.9,1202.3,995.7
876,1327,32,0.9518,808.3,917.1,927.1,1030.4
876,1279,0,0.66,1332.4,524.5,1415.5,622.1
876,1399,0,0.916,127.0,375.8,275.9,847.0
876,1422,32,0.7561,79.2,719.9,193.3,837.7
876,1431,0,0.5732,1530.4,405.6,1607.7,587.1
876,1432,0,0.6864,1240.9,521.9,1332.1,622.4
876,1446,0,0.4665,1547.5,249.1,1633.1,430.0
876,1176,0,0.4866,1437.3,255.8,1522.9,446.2
876,1469,0,0.3321,33.9,150.6,114.5,400.9
876,1434,0,0.4178,566.8,564.4,639.6,649.0
877,747,0,0.9326,695.6,108.2,1197.2,995.6
877,1327,32,0.9379,818.3,916.9,937.4,1030.2
877,1279,0,0.6168,1342.6,524.1,1425.7,621.8
877,1399,0,0.9095,129.9,375.0,280.0,845.5
877,1431,0,0.5516,1540.5,405.4,1617.2,586.8
877,1432,0,0.6383,1251.0,521.5,1342.3,622.2
877,1446,0,0.4477,1558.2,248.5,1643.8,429.4
877,1176,0,0.4388,1448.2,255.4,1533.3,444.5
877,1469,0,0.3048,46.0,150.8,126.4,400.2
877,1434,0,0.3224,576.6,563.8,650.5,649.1
878,747,0,0.9324,717.1,109.3,1193.0,992.6
878,1327,32,0.9507,828.5,916.8,947.7,1030.0
878,1279,0,0.6318,1353.5,524.0,1436.4,621.5
878,1399,0,0.9252,131.7,373.4,282.5,845.0
878,1431,0,0.5902,1552.3,405.2,1628.7,586.9
878,1432,0,0.6306,1262.0,521.1,1353.3,622.0
878,1446,0,0.4898,1570.1,247.9,1655.9,429.3
878,1176,0,0.517,1459.3,254.9,1544.8,443.9
878,1469,0,0.3226,59.7,150.8,139.9,399.5
878,1434,0,0.3625,585.9,561.3,662.1,649.0
878,1489,0,0.388,1724.6,238.1,1823.9,436.8
878,1490,0,0.4231,1655.0,419.7,1729.7,537.2
879,747,0,0.9267,740.1,114.1,1191.7,992.9
879,1327,32,0.9386,840.0,916.9,959.1,1029.8
879,1279,0,0.6104,1365.0,523.7,1448.0,621.2
879,1399,0,0.9189,133.2,372.2,284.1,845.4
879,1431,0,0.5612,1565.5,404.7,1641.7,586.6
879,1432,0,0.6034,1274.8,521.1,1365.7,621.4
879,1446,0,0.4524,1582.4,247.9,1668.0,428.7
879,1176,0,0.4928,1471.6,254.1,1557.4,443.4
879,1469,0,0.3534,71.8,151.0,151.9,399.4
879,1434,0,0.4199,596.0,557.4,675.3,648.9
879,1489,0,0.3743,1735.5,238.0,1834.7,436.7
879,1490,0,0.304,1666.7,420.7,1740.6,536.8
879,1498,0,0.5849,5.0,206.9,47.8,402.9
880,747,0,0.9291,760.7,126.7,1187.2,992.4
880,1327,32,0.9453,851.1,916.8,970.4,1029.6
880,1279,0,0.632,1376.1,523.5,1459.2,621.1
880,1399,0,0.9117,138.3,372.2,288.7,846.0
880,1431,0,0.5929,1576.9,404.7,1652.7,586.8
880,1432,0,0.6137,1286.2,521.3,1376.9,621.3
880,1446,0,0.4584,1594.7,247.8,1680.4,428.8
880,1176,0,0.5024,1483.4,254.0,1569.8,444.0
880,1434,0,0.5191,606.1,553.6,688.0,648.6
880,1489,0,0.4553,1748.5,236.9,1848.2,437.0
880,1490,0,0.383,1679.6,420.0,1754.0,536.8
880,1498,0,0.5506,10.2,205.6,53.8,403.3
880,1500,0,0.4743,1384.3,151.0,1470.8,368.6
880,1501,0,0.5104,0.0,932.4,103.3,1013.2
880,1503,0,0.4743,716.3,571.1,803.6,636.2
880,1504,0,0.4189,1871.8,269.6,1920.0,438.3
881,747,0,0.9302,777.4,146.0,1178.5,989.8
881,1327,32,0.9489,860.8,917.0,980.0,1029.6
881,1279,0,0.6192,1385.6,523.5,1468.6,621.1
881,1399,0,0.9005,143.2,372.6,293.2,846.3
881,1431,0,0.5973,1588.9,404.5,1664.6,586.6
881,1432,0,0.652,1296.8,522.2,1386.7,621.5
881,1446,0,0.4488,1605.1,247.4,1691.0,428.8
881,1176,0,0.4689,1493.2,253.6,1580.3,444.7
881,1434,0,0.5216,614.4,550.9,697.9,648.5
881,1489,0,0.4361,1759.2,236.7,1859.1,437.9
881,1490,0,0.3712,1690.3,419.8,1765.0,537.0
881,1498,0,0.5345,15.3,205.4,59.9,403.2
881,1500,0,0.5045,1394.9,149.7,1482.0,368.6
881,1501,0,0.491,0.0,928.7,123.7,1042.9
881,1503,0,0.3918,725.2,571.0,812.9,636.4
881,1504,0,0.4794,1877.8,278.7,1920.0,440.5
882,747,0,0.9333,787.3,168.5,1166.3,989.5
882,1327,32,0.9522,868.1,917.3,987.8,1030.2
882,1279,0,0.6665,1392.4,524.0,1475.4,621.4
882,1399,0,0.9127,147.2,373.3,296.8,846.8
882,1431,0,0.643,1598.3,404.5,1674.8,588.0
882,1432,0,0.6522,1303.7,521.7,1394.0,621.7
882,1446,0,0.5202,1612.6,247.8,1698.7,429.4
882,1176,0,0.4818,1501.2,254.1,1589.0,446.9
882,1434,0,0.5022,621.0,548.2,706.3,649.0
882,1489,0,0.3587,1768.1,237.3,1867.8,438.7
882,1490,0,0.3797,1698.7,420.7,1773.2,537.5
882,1498,0,0.5113,19.2,206.3,65.1,403.6
882,1500,0,0.5034,1403.6,150.5,1490.8,369.2
882,1503,0,0.3229,733.5,572.3,819.7,636.5
882,1504,0,0.4701,1884.1,284.8,1920.0,435.3
883,747,0,0.9406,791.5,188.8,1152.1,989.4
883,1327,32,0.9562,872.1,917.8,992.4,1031.0
883,1279,0,0.6737,1396.9,524.7,1479.8,621.8
883,1399,0,0.9132,146.8,373.9,296.4,847.5
883,1431,0,0.6329,1603.7,404.9,1680.7,588.6
883,1432,0,0.6851,1307.6,522.5,1397.9,622.4
883,1446,0,0.5596,1617.6,248.2,1703.9,430.1
883,1176,0,0.4902,1505.8,254.1,1593.9,447.6
883,1434,0,0.5609,625.8,546.2,712.1,649.0
883,1489,0,0.333,1774.0,238.3,1873.0,438.7
883,1490,0,0.3833,1703.7,421.7,1778.2,538.2
883,1498,0,0.4375,22.1,207.2,69.8,404.7
883,1500,0,0.5069,1408.7,151.1,1496.1,369.9
883,1503,0,0.3785,738.0,572.6,825.1,637.5
883,1517,0,0.397,1699.3,264.2,1781.5,436.8
884,747,0,0.9446,790.1,204.2,1136.5,987.0
884,1327,32,0.9555,873.6,918.3,994.0,1031.5
884,1279,0,0.6703,1398.5,525.1,1481.5,622.0
884,1399,0,0.9157,139.0,375.0,289.7,848.3
884,1431,0,0.6243,1604.8,405.2,1682.1,589.1
884,1432,0,0.6909,1309.0,522.8,1399.4,622.7
884,1446,0,0.5403,1619.5,248.2,1705.9,430.2
884,1176,0,0.4711,1507.9,254.3,1596.0,447.8
884,1434,0,0.551,628.3,544.3,716.0,649.2
884,1489,0,0.3214,1776.2,238.8,1874.7,438.8
884,1490,0,0.4099,1705.8,422.0,1780.6,538.8
884,1498,0,0.4697,21.9,207.2,71.8,405.1
884,1500,0,0.491,1411.2,151.1,1499.0,370.4
884,1503,0,0.3772,739.7,572.5,827.2,637.7
884,1517,0,0.3932,1700.6,264.6,1782.5,436.7
884,1519,0,0.3258,1898.4,287.5,1919.8,430.5
884,1520,0,0.3414,59.5,189.7,152.2,403.1
885,747,0,0.9393,785.4,210.0,1124.5,986.2
885,1327,32,0.9538,873.5,917.8,993.8,1030.8
885,1279,0,0.6789,1398.4,524.7,1481.3,621.5
885,1399,0,0.9214,129.0,375.0,281.9,847.9
885,1431,0,0.6001,1604.6,404.6,1682.0,588.3
885,1432,0,0.671,1309.2,522.3,1399.5,622.0
885,1446,0,0.5463,1619.9,247.6,1706.4,429.7
885,1176,0,0.5014,1507.8,253.5,1596.1,448.0
885,1434,0,0.4545,627.7,541.9,716.1,648.2
885,1489,0,0.3665,1776.9,237.5,1875.5,438.2
885,1490,0,0.4106,1705.5,421.1,1780.5,538.3
885,1498,0,0.4731,20.9,206.5,73.1,404.7
885,1500,0,0.4738,1412.2,150.2,1500.4,369.6
885,1503,0,0.3171,740.5,571.9,827.6,636.8
885,1517,0,0.4,1700.8,263.9,1782.7,436.0
885,1519,0,0.3101,1898.4,287.0,1919.7,429.5
885,1520,0,0.3108,60.4,189.0,152.8,402.0
886,747,0,0.9358,778.4,208.7,1113.9,984.1
886,1327,32,0.9481,874.9,915.3,995.3,1028.4
886,1279,0,0.6564,1399.3,522.3,1482.7,619.7
886,1399,0,0.9338,121.5,373.5,277.3,846.3
886,1431,0,0.5639,1604.6,403.1,1682.2,587.0
886,1432,0,0.6642,1310.7,520.9,1400.6,620.2
886,1446,0,0.4891,1620.4,245.6,1707.2,428.3
886,1176,0,0.5246,1508.7,251.8,1597.0,447.0
886,1434,0,0.4062,628.4,539.3,716.5,646.1
886,1489,0,0.3885,1778.8,236.1,1877.4,437.2
886,1490,0,0.3591,1705.2,418.3,1781.6,537.4
886,1498,0,0.5128,20.4,204.5,74.9,402.5
886,1500,0,0.4386,1414.3,148.9,1502.5,367.8
886,1503,0,0.3749,742.5,570.3,828.5,634.3
886,1517,0,0.3828,1702.4,262.2,1784.6,435.0
886,1519,0,0.3124,1899.1,282.8,1920.0,427.4
886,1520,0,0.3805,65.1,186.8,157.4,399.5
887,747,0,0.9375,772.4,200.7,1108.0,982.8
887,1327,32,0.9469,879.2,912.4,999.8,1025.6
887,1279,0,0.6266,1403.2,519.8,1486.3,616.5
887,1399,0,0.9322,118.1,370.9,276.8,844.1
887,1431,0,0.604,1609.0,401.0,1686.9,584.2
887,1432,0,0.7332,1314.7,517.7,1404.8,617.4
887,1446,0,0.4613,1624.2,243.4,1710.8,425.6
887,1176,0,0.4624,1512.8,248.8,1601.3,444.2
887,1434,0,0.4928,631.2,535.4,720.5,644.1
887,1489,0,0.3844,1782.5,231.4,1881.8,434.6
887,1490,0,0.3869,1709.6,415.6,1785.2,533.2
887,1498,0,0.3539,26.2,203.2,82.5,399.5
887,1500,0,0.4214,1418.1,147.0,1506.3,365.1
887,1503,0,0.3557,747.4,568.0,833.2,631.7
887,1517,0,0.4137,1707.4,259.4,1789.0,430.9
887,1520,0,0.3832,74.1,181.9,167.3,396.8
888,747,0,0.9418,767.8,192.7,1103.7,981.1
888,1327,32,0.947,886.3,908.9,1006.5,1021.7
888,1279,0,0.6112,1409.7,516.7,1493.1,613.7
888,1399,0,0.9262,119.3,368.8,280.1,840.5
888,1431,0,0.7162,1615.3,397.5,1693.7,580.9
888,1432,0,0.7623,1321.9,515.2,1411.7,614.4
888,1446,0,0.484,1630.9,240.7,1717.3,422.5
888,1176,0,0.5201,1519.5,245.4,1607.6,440.3
888,1434,0,0.4806,637.3,531.3,727.3,641.2
888,1489,0,0.4015,1788.8,228.9,1887.8,432.2
888,1490,0,0.3868,1714.9,413.4,1790.1,529.6
888,1498,0,0.4398,33.8,200.4,92.3,395.9
888,1500,0,0.4129,1424.9,144.0,1513.1,361.8
888,1503,0,0.3314,755.6,564.9,841.0,628.1
888,1517,0,0.3874,1714.1,256.5,1795.9,428.1
888,1520,0,0.3615,86.1,179.9,178.5,393.0
889,747,0,0.9397,765.1,190.6,1099.0,978.5
889,1327,32,0.9406,895.3,905.1,1015.8,1018.0
889,1279,0,0.6309,1418.3,513.5,1501.9,610.8
889,1399,0,0.9223,121.8,367.3,284.4,837.3
889,1431,0,0.692,1623.1,394.2,1702.1,578.2
889,1432,0,0.7003,1330.5,511.0,1421.0,611.1
889,1446,0,0.5018,1639.8,237.8,1725.9,419.3
889,1176,0,0.5115,1528.5,242.5,1615.7,436.0
889,1434,0,0.5106,646.4,527.6,736.7,638.0
889,1489,0,0.3228,1797.7,225.5,1896.5,428.9
889,1490,0,0.4249,1724.2,410.0,1799.8,526.8
889,1498,0,0.4785,42.6,197.7,103.8,392.9
889,1500,0,0.3274,1434.8,140.9,1523.2,359.1
889,1517,0,0.4383,1723.4,253.4,1805.0,424.4
889,1520,0,0.4573,99.6,176.5,191.6,388.9
889,1526,0,0.4054,190.6,150.1,291.0,382.5
890,747,0,0.9439,769.9,192.8,1100.7,973.6
890,1327,32,0.9487,907.4,900.5,1027.9,1013.5
890,1279,0,0.6452,1430.6,509.8,1513.7,606.7
890,1399,0,0.9177,130.8,364.6,294.7,832.6
890,1431,0,0.676,1634.0,390.5,1712.8,572.9
890,1432,0,0.6899,1342.8,507.5,1433.1,607.3
890,1446,0,0.4709,1651.4,234.6,1737.6,416.4
890,1176,0,0.5053,1539.1,239.9,1626.0,432.6
890,1434,0,0.4766,660.1,523.1,750.7,633.6
890,1489,0,0.3524,1808.8,222.5,1906.9,425.0
890,1490,0,0.3514,1735.9,405.8,1811.7,522.7
890,1498,0,0.5631,58.0,195.5,121.2,389.4
890,1500,0,0.3173,1448.5,137.9,1537.0,355.5
890,1517,0,0.384,1734.8,250.4,1816.6,421.7
890,1520,0,0.4531,117.5,177.6,206.5,382.7
890,1526,0,0.4204,208.4,148.5,308.3,379.3
891,747,0,0.9342,779.5,198.0,1106.7,970.0
891,1327,32,0.9422,922.9,896.0,1042.6,1008.2
891,1279,0,0.6043,1445.9,505.3,1528.9,602.1
891,1399,0,0.9224,146.0,361.1,311.3,827.4
891,1431,0,0.608,1648.1,386.3,1727.2,568.7
891,1432,0,0.6701,1357.3,503.7,1447.3,602.8
891,1446,0,0.4729,1666.4,230.7,1752.7,412.9
891,1176,0,0.4562,1554.4,235.6,1640.9,427.9
891,1434,0,0.4382,677.3,518.5,767.9,628.8
891,1489,0,0.3081,1822.7,219.5,1919.3,420.1
891,1490,0,0.3646,1752.1,402.2,1827.0,517.4
891,1500,0,0.3259,1464.3,134.2,1552.5,351.3
891,1517,0,0.3348,1750.6,246.5,1832.1,417.0
891,1520,0,0.3476,139.1,178.1,225.9,378.0
891,1526,0,0.3201,228.6,145.7,328.6,376.7
892,747,0,0.9263,790.4,201.1,1114.1,966.2
892,1327,32,0.9459,941.0,891.2,1060.4,1003.1
892,1279,0,0.5992,1463.2,500.7,1546.5,598.3
892,1399,0,0.9113,163.9,358.0,329.9,822.6
892,1431,0,0.6668,1663.6,382.3,1742.6,564.6
892,1432,0,0.6867,1375.0,499.0,1466.0,599.0
892,1446,0,0.5012,1683.6,227.3,1769.9,409.6
892,1176,0,0.5512,1571.9,232.0,1657.6,422.6
892,1434,0,0.4599,696.4,514.0,787.3,624.2
892,1490,0,0.3345,1769.2,397.5,1844.7,514.0
892,1526,0,0.3553,250.1,142.1,349.8,372.2
892,1528,0,0.8669,19.3,244.3,117.1,1031.1
893,747,0,0.9323,803.1,203.8,1124.9,961.8
893,1327,32,0.9467,961.4,886.3,1081.3,998.5
893,1279,0,0.6534,1482.7,496.4,1565.9,594.2
893,1399,0,0.9231,184.7,355.4,351.6,818.4
893,1431,0,0.7024,1682.3,378.4,1760.9,559.5
893,1432,0,0.657,1394.7,495.8,1485.3,595.3
893,1446,0,0.4978,1702.1,224.1,1788.0,405.6
893,1176,0,0.5552,1591.9,228.6,1677.4,419.4
893,1434,0,0.4219,716.6,509.9,808.7,620.3
893,1490,0,0.3403,1789.5,394.4,1864.2,509.9
893,1526,0,0.3202,273.6,139.0,372.9,368.2
893,1528,0,0.9137,35.2,166.1,143.5,1024.7
894,747,0,0.9348,811.0,200.3,1135.8,957.6
894,1327,32,0.9467,982.4,883.0,1101.9,994.9
894,1279,0,0.6548,1503.6,492.6,1587.5,591.4
894,1399,0,0.9251,205.7,354.7,373.4,814.9
894,1431,0,0.6052,1702.6,376.1,1781.8,557.2
894,1432,0,0.7004,1417.2,492.7,1507.5,592.1
894,1446,0,0.5081,1722.9,221.5,1809.2,403.9
894,1176,0,0.5214,1612.3,226.3,1697.7,417.1
894,1434,0,0.5492,740.1,506.6,833.1,617.2
894,1490,0,0.3107,1809.6,391.3,1884.8,507.6
894,1526,0,0.3226,299.1,137.6,397.9,365.6
894,1528,0,0.9429,54.3,118.5,171.9,1024.1
895,747,0,0.9397,810.8,191.0,1144.0,953.7
895,1327,32,0.9477,1003.1,880.5,1122.5,992.2
895,1279,0,0.5762,1524.4,491.2,1607.9,589.8
895,1399,0,0.9092,224.5,354.1,393.5,812.3
895,1431,0,0.6312,1721.4,375.0,1800.8,555.4
895,1432,0,0.6865,1437.7,491.3,1528.0,590.5
895,1446,0,0.4354,1743.7,220.1,1829.8,402.4
895,1176,0,0.4337,1632.0,225.4,1717.1,415.2
895,1490,0,0.3772,1830.6,389.6,1905.5,505.6
895,1526,0,0.3785,322.1,137.0,420.6,364.5
895,1528,0,0.9472,69.3,99.1,194.8,1023.0
895,1537,0,0.4536,1122.1,451.9,1233.0,598.5
896,747,0,0.9466,810.0,179.4,1155.4,953.6
896,1327,32,0.9465,1023.4,878.5,1142.8,990.3
896,1279,0,0.5127,1544.7,490.7,1627.5,588.8
896,1399,0,0.9128,241.6,353.3,411.6,810.9
896,1431,0,0.5787,1739.3,374.4,1818.8,554.4
896,1432,0,0.6137,1458.2,490.3,1548.5,589.4
896,1446,0,0.3942,1763.7,219.8,1849.3,401.1
896,1176,0,0.4785,1651.8,225.0,1736.6,413.8
896,1490,0,0.4057,1848.7,388.8,1920.0,504.1
896,1526,0,0.3791,343.8,137.7,441.8,364.4
896,1528,0,0.9519,78.2,90.5,212.0,1021.2
896,1537,0,0.4007,1143.0,451.3,1253.3,597.1
897,747,0,0.9354,806.8,170.9,1165.8,956.2
897,1327,32,0.9494,1044.7,876.4,1163.9,987.9
897,1279,0,0.534,1565.3,489.8,1647.9,587.8
897,1399,0,0.9249,256.6,353.1,426.6,808.8
897,1431,0,0.569,1758.4,374.3,1837.9,553.5
897,1432,0,0.5778,1477.7,489.9,1567.7,588.4
897,1176,0,0.4431,1672.4,225.0,1756.7,413.1
897,1526,0,0.4774,367.6,138.3,465.2,364.2
897,1528,0,0.9419,83.6,87.1,226.5,1018.0
897,1517,0,0.4428,1788.4,221.5,1874.5,401.6
898,747,0,0.9443,800.0,170.1,1170.5,959.0
898,1327,32,0.9454,1067.5,874.7,1186.2,985.6
898,1279,0,0.5036,1586.7,488.7,1669.2,586.8
898,1399,0,0.8982,274.2,352.8,442.9,806.6
898,1431,0,0.7074,1779.3,374.0,1859.5,552.5
898,1432,0,0.5776,1498.9,489.3,1589.1,587.6
898,1176,0,0.6833,1693.7,224.9,1777.4,412.0
898,1526,0,0.5341,391.0,138.6,488.1,363.7
898,1528,0,0.9562,82.3,85.4,234.9,1015.6
898,1547,0,0.5794,495.8,122.8,593.3,363.9
898,1517,0,0.6816,1804.5,219.5,1890.9,400.4
898,1537,0,0.4112,1189.7,450.8,1298.2,594.7
899,747,0,0.9441,792.2,176.6,1171.2,960.9
899,1327,32,0.9305,1091.3,873.0,1209.5,983.3
899,1279,0,0.5143,1610.7,488.3,1692.3,585.6
899,1399,0,0.8954,292.3,352.5,459.7,804.7
899,1431,0,0.6384,1801.8,373.2,1882.3,551.1
899,1432,0,0.5572,1523.5,488.9,1613.2,586.5
899,1176,0,0.5917,1717.8,224.4,1801.1,411.1
899,1526,0,0.4887,419.0,138.8,515.7,363.4
899,1528,0,0.9564,78.3,84.6,240.7,1012.0
899,1547,0,0.5995,519.9,123.4,616.8,363.1
899,1517,0,0.6218,1825.8,218.7,1911.6,398.7
899,1469,0,0.3946,270.4,184.6,333.7,374.2
900,747,0,0.9398,783.5,185.4,1169.3,959.1
900,1327,32,0.9485,1119.7,870.9,1238.3,980.9
900,1279,0,0.3988,1637.9,486.8,1719.1,584.0
900,1399,0,0.8944,310.1,351.6,476.5,802.1
900,1431,0,0.6169,1828.0,371.7,1909.3,549.4
900,1432,0,0.5231,1551.0,486.5,1641.4,584.9
900,1176,0,0.3929,1743.0,223.4,1826.0,409.5
900,1526,0,0.4188,449.6,139.5,546.0,362.9
900,1528,0,0.9535,76.5,84.0,249.9,1011.8
900,1547,0,0.5149,552.0,122.3,648.5,361.0
900,1517,0,0.5076,1845.3,217.7,1920.0,397.1
900,1469,0,0.3963,295.6,185.1,359.7,371.9
901,747,0,0.9403,776.5,197.2,1166.5,955.6
901,1327,32,0.9514,1150.1,869.8,1268.4,978.9
901,1279,0,0.4263,1668.2,485.5,1749.2,583.1
901,1399,0,0.8852,331.8,350.4,496.9,800.8
901,1431,0,0.633,1849.0,370.9,1920.0,548.7
901,1432,0,0.4716,1580.2,485.3,1671.0,583.8
901,1176,0,0.4992,1772.8,222.9,1855.7,408.2
901,1526,0,0.3844,480.2,139.7,575.6,362.4
901,1528,0,0.9525,76.4,83.5,261.1,1011.5
901,1547,0,0.3453,584.6,121.3,680.8,359.4
902,747,0,0.9394,769.2,205.9,1164.1,955.1
902,1327,32,0.9503,1181.2,868.7,1300.9,978.4
902,1279,0,0.3795,1701.3,485.7,1781.5,582.8
902,1399,0,0.9009,356.3,350.9,519.3,800.1
902,1432,0,0.5282,1612.2,485.0,1703.1,583.2
902,1176,0,0.5002,1802.8,222.5,1886.0,407.6
902,1526,0,0.3844,515.3,140.1,610.8,362.6
902,1528,0,0.9592,76.7,86.3,274.0,1013.7
902,1547,0,0.4564,619.1,122.7,715.1,360.7
903,747,0,0.9301,758.6,208.0,1156.0,952.5
903,1327,32,0.9496,1215.8,868.4,1336.2,978.1
903,1279,0,0.3977,1737.6,485.2,1817.5,582.5
903,1399,0,0.8748,387.5,351.2,548.3,800.0
903,1432,0,0.5452,1647.5,484.9,1739.1,583.1
903,1176,0,0.4852,1835.8,222.3,1917.9,407.3
903,1526,0,0.3488,551.7,140.7,647.2,363.5
903,1528,0,0.9477,93.5,92.2,301.8,1014.5
903,1547,0,0.3002,655.4,123.6,751.5,361.4
904,747,0,0.9351,741.3,196.2,1144.6,953.2
904,1327,32,0.9373,1254.5,868.0,1375.7,977.8
904,1279,0,0.4456,1777.4,484.4,1857.5,582.2
904,1399,0,0.8386,420.3,351.8,578.3,799.8
904,1432,0,0.571,1686.2,484.6,1778.7,582.9
904,1526,0,0.3523,592.1,141.7,687.3,363.3
904,1528,0,0.9466,121.0,98.0,339.6,1012.4
905,747,0,0.8804,758.2,176.5,1177.2,951.9
905,1327,32,0.9491,1295.2,867.7,1417.3,977.5
905,1399,0,0.8191,458.7,352.1,614.1,798.3
905,1432,0,0.5393,1727.9,484.3,1821.2,582.4
905,1528,0,0.9371,155.4,99.7,385.1,1010.7
906,747,0,0.941,750.0,162.0,1175.0,950.5
906,1327,32,0.9442,1339.0,867.4,1461.8,977.3
906,1399,0,0.8544,499.5,353.2,653.2,798.1
906,1432,0,0.6384,1772.9,483.7,1867.2,581.8
906,1528,0,0.9394,191.3,97.3,432.8,1008.3
907,747,0,0.9268,769.6,148.8,1207.4,953.0
907,1327,32,0.945,1385.0,866.9,1508.7,977.0
907,1399,0,0.7839,541.4,353.6,692.3,795.0
907,1528,0,0.9328,230.4,93.1,483.9,1008.1
907,1584,32,0.8793,18.5,884.3,87.0,987.0
907,1279,0,0.5754,1835.0,482.5,1917.0,581.1
908,747,0,0.9419,773.0,138.6,1221.5,959.6
908,1327,32,0.9412,1431.4,866.1,1555.9,976.2
908,1399,0,0.8097,584.5,355.8,732.0,792.7
908,1528,0,0.9361,269.4,90.0,534.7,1008.4
908,1584,32,0.928,53.1,883.1,122.3,985.2
908,1279,0,0.496,1859.5,482.1,1920.0,579.7
909,747,0,0.9354,768.6,137.6,1218.8,963.4
909,1327,32,0.9447,1477.6,864.5,1602.8,974.9
909,1399,0,0.8174,628.3,355.7,773.9,792.7
909,1528,0,0.9417,311.6,89.1,586.5,1004.2
909,1584,32,0.9241,100.8,880.9,171.4,982.7
910,747,0,0.9466,773.7,144.1,1221.5,965.8
910,1327,32,0.9381,1523.9,862.8,1649.3,972.9
910,1399,0,0.8067,671.7,356.3,815.2,791.9
910,1528,0,0.9385,354.4,90.6,637.9,998.3
910,1584,32,0.9276,148.0,878.2,220.7,980.2
911,747,0,0.9428,754.2,150.8,1190.3,967.1
911,1327,32,0.9392,1568.7,861.6,1694.5,971.9
911,1399,0,0.7135,717.5,354.8,859.0,790.4
911,1528,0,0.913,398.4,92.4,690.4,995.4
911,1584,32,0.929,193.2,876.3,267.7,977.8
912,747,0,0.9124,740.9,155.7,1164.2,967.0
912,1327,32,0.9415,1611.8,861.6,1738.0,972.0
912,1528,0,0.9102,445.8,97.9,742.4,993.3
912,1584,32,0.9311,235.7,875.0,312.9,976.7
913,747,0,0.9193,740.5,147.1,1163.6,967.8
913,1327,32,0.9428,1653.2,861.7,1780.0,972.5
913,1528,0,0.8689,485.5,101.0,785.5,992.8
913,1584,32,0.9237,276.1,874.4,355.8,976.1
913,1614,32,0.8374,16.2,943.2,100.9,1060.4
914,747,0,0.9251,743.4,137.9,1171.0,969.0
914,1327,32,0.9378,1695.4,861.7,1822.5,972.4
914,1528,0,0.8842,538.0,103.7,837.4,991.9
914,1584,32,0.9246,316.3,874.1,398.4,975.4
914,1614,32,0.9217,44.4,941.8,131.2,1060.5
914,1618,32,0.9466,547.9,876.6,675.6,990.0
915,747,0,0.5445,697.8,120.9,1151.3,977.6
915,1327,32,0.9373,1737.6,861.7,1865.5,972.7
915,1528,0,0.886,583.8,109.7,878.5,985.5
915,1584,32,0.9259,356.7,873.3,441.6,974.7
915,1614,32,0.9328,86.6,941.1,175.0,1059.5
915,1618,32,0.8838,577.4,872.7,705.6,986.9
915,1625,0,0.6442,7.6,346.1,133.2,891.0
916,747,0,0.4606,763.9,243.3,1167.5,987.8
916,1327,32,0.9448,1780.3,862.9,1908.9,974.3
916,1528,0,0.8705,666.8,122.1,939.2,885.9
916,1584,32,0.9212,398.5,873.6,486.0,974.9
916,1614,32,0.9365,130.6,941.1,220.9,1059.5
916,1625,0,0.8423,12.9,238.2,163.9,890.5
917,747,0,0.4759,872.2,368.7,1192.0,947.4
917,1327,32,0.9138,1814.3,864.6,1920.0,975.5
917,1528,0,0.8814,689.7,113.7,993.7,957.7
917,1584,32,0.9206,440.4,874.2,530.6,975.6
917,1614,32,0.9411,175.4,941.6,268.2,1060.1
917,1625,0,0.927,27.0,198.0,190.0,894.0
918,1327,32,0.7528,1845.0,866.5,1920.0,975.8
918,1528,0,0.9125,773.2,110.2,1104.5,979.7
918,1584,32,0.9017,484.2,874.7,576.5,975.8
918,1614,32,0.9389,222.1,941.6,317.4,1059.8
918,1625,0,0.8153,53.2,193.0,220.8,894.3
918,1399,0,0.5081,986.1,350.2,1086.2,668.3
919,1528,0,0.775,758.1,122.5,1089.0,989.0
919,1584,32,0.8922,532.2,874.0,626.9,975.1
919,1614,32,0.9413,271.0,940.8,368.6,1058.1
919,1625,0,0.8434,95.6,190.0,268.0,894.8
919,1639,0,0.8815,19.0,227.6,134.1,899.4
920,1528,0,0.8533,805.3,108.3,1136.6,992.3
920,1584,32,0.9242,583.6,872.4,681.0,973.9
920,1614,32,0.9221,322.9,939.1,423.7,1056.3
920,1625,0,0.6904,148.7,193.4,322.6,888.4
920,1639,0,0.9263,45.6,222.3,163.7,899.0
920,1643,32,0.4925,765.6,873.8,898.1,992.8
920,1547,0,0.3273,1148.4,176.6,1224.6,361.0
921,1528,0,0.8586,861.5,105.9,1186.6,989.6
921,1584,32,0.9444,639.1,869.9,739.2,971.8
921,1614,32,0.9003,378.7,936.6,482.9,1054.0
921,1625,0,0.7781,211.5,200.8,387.3,887.3
921,1639,0,0.9116,88.5,218.1,211.7,899.5
921,747,0,0.7977,698.8,170.2,1139.5,986.2
922,1528,0,0.8205,922.7,109.7,1238.8,982.0
922,1584,32,0.8959,696.3,867.6,797.5,968.8
922,1614,32,0.9048,438.6,933.1,546.2,1050.7
922,1625,0,0.7799,280.7,207.9,457.5,884.7
922,1639,0,0.9107,148.2,216.5,277.6,899.2
922,747,0,0.8316,700.0,135.3,1134.0,940.8
923,1528,0,0.8561,983.3,101.7,1299.7,988.4
923,1584,32,0.795,757.3,865.5,859.6,966.0
923,1614,32,0.9292,500.4,930.3,610.8,1047.6
923,1625,0,0.7279,349.8,207.1,529.6,882.8
923,1639,0,0.9019,216.0,216.7,351.6,896.7
923,747,0,0.8083,716.8,114.1,1127.9,873.1
923,1643,32,0.8663,821.7,894.2,945.3,1005.2
924,1528,0,0.8739,1048.8,100.9,1362.7,992.7
924,1614,32,0.9084,563.5,927.0,676.5,1043.9
924,1625,0,0.6953,417.7,206.9,599.9,880.7
924,1639,0,0.8649,282.0,216.6,424.4,890.9
924,747,0,0.8705,713.7,98.8,1141.9,894.6
924,1643,32,0.3441,842.4,888.2,972.7,1005.6
925,1528,0,0.8596,1111.9,99.0,1420.5,990.4
925,1614,32,0.9165,626.2,923.8,741.4,1040.0
925,1625,0,0.7615,485.2,205.1,669.0,877.9
925,1639,0,0.7962,341.8,219.4,492.6,887.1
925,747,0,0.9534,739.3,89.8,1197.3,927.9
925,1643,32,0.8485,865.9,883.2,999.9,1004.3
926,1528,0,0.6625,1173.7,98.7,1476.5,985.2
926,1614,32,0.7632,688.8,921.3,805.6,1036.5
926,1625,0,0.5592,545.7,204.6,728.8,870.8
926,1639,0,0.7024,408.8,233.7,565.7,884.7
926,747,0,0.9431,749.2,90.3,1224.7,947.8
926,1643,32,0.7369,891.0,885.1,1027.6,1008.9
927,1528,0,0.8046,1237.9,100.5,1536.5,985.2
927,1614,32,0.6281,749.5,918.1,869.2,1033.9
927,1625,0,0.5295,611.8,206.8,795.2,868.2
927,1639,0,0.8692,476.2,226.6,643.8,883.8
927,747,0,0.9328,758.2,100.6,1244.8,967.3
927,1643,32,0.9138,922.7,894.8,1051.9,1011.6
927,1668,32,0.9154,1162.9,854.3,1279.8,955.9
927,1669,0,0.8267,34.2,340.7,230.4,806.5
928,1528,0,0.8588,1302.0,98.3,1597.8,981.3
928,1614,32,0.4979,810.2,916.0,930.9,1030.8
928,1639,0,0.8343,540.0,222.5,716.2,880.4
928,747,0,0.9408,758.8,120.0,1245.6,982.6
928,1643,32,0.6964,950.8,892.0,1082.6,1011.9
928,1668,32,0.9306,1209.3,849.1,1328.1,952.2
928,1669,0,0.6171,84.6,339.5,280.9,804.1
928,1674,0,0.8447,303.7,253.5,565.2,872.2
929,1528,0,0.8379,1364.2,99.8,1655.7,977.1
929,1639,0,0.8249,609.2,223.7,791.3,876.6
929,747,0,0.9085,742.7,136.3,1228.1,1002.7
929,1643,32,0.8689,978.3,889.8,1112.7,1013.0
929,1668,32,0.8935,1269.3,846.9,1385.9,947.8
929,1669,0,0.8325,149.7,339.6,345.5,801.8
929,1674,0,0.8572,357.5,254.0,618.1,871.4
930,1528,0,0.7941,1432.0,113.6,1715.0,973.9
930,1639,0,0.8174,667.3,249.6,845.5,865.5
930,1668,32,0.8907,1333.5,844.4,1449.9,944.7
930,1669,0,0.8142,216.2,339.7,410.9,798.3
930,1674,0,0.8503,423.6,255.3,680.7,866.2
930,1625,0,0.8414,790.3,163.3,1007.1,914.7
931,1528,0,0.906,1491.6,97.1,1777.8,972.5
931,1639,0,0.5067,711.5,257.7,885.7,851.0
931,1668,32,0.8763,1395.9,840.3,1513.8,941.9
931,1669,0,0.5652,272.9,341.1,465.3,797.3
931,1674,0,0.8713,498.1,255.6,754.2,863.4
931,747,0,0.8171,723.4,142.8,1169.7,950.1
931,1643,32,0.8181,1021.2,901.4,1157.3,1021.5
932,1528,0,0.9051,1558.9,91.4,1845.5,972.8
932,1668,32,0.533,1457.9,838.8,1575.8,940.1
932,1669,0,0.4267,337.2,342.0,528.0,795.6
932,1674,0,0.8215,568.5,253.9,825.6,861.4
932,747,0,0.8997,741.0,134.7,1180.8,935.0
932,1643,32,0.8342,1059.7,884.6,1216.7,1022.3
932,1625,0,0.694,978.5,200.4,1127.4,672.8
933,1528,0,0.9208,1629.9,88.3,1916.0,972.2
933,1669,0,0.5495,423.5,340.9,567.7,675.2
933,1674,0,0.7802,622.2,253.6,879.0,861.5
933,747,0,0.9093,751.6,129.2,1199.5,946.6
933,1643,32,0.7418,1101.1,863.1,1278.7,1020.7
933,1625,0,0.4964,1057.6,211.2,1210.0,675.9
934,1528,0,0.9172,1680.9,88.8,1920.0,968.7
934,1669,0,0.7327,502.4,340.2,624.8,616.6
934,1674,0,0.4844,680.3,252.8,898.8,772.6
934,747,0,0.906,775.6,125.4,1237.2,962.1
934,1643,32,0.4944,1157.8,846.7,1344.6,1013.9
935,1528,0,0.8725,1728.8,88.4,1920.0,968.0
935,1669,0,0.7162,577.5,339.8,696.3,602.0
935,1674,0,0.566,741.8,251.3,943.3,734.4
935,747,0,0.902,799.4,127.3,1277.0,974.2
935,1702,0,0.5858,1039.7,241.7,1250.6,723.4
935,1625,0,0.3808,1218.7,212.9,1353.6,600.0
936,1669,0,0.6609,652.9,339.6,772.6,599.8
936,747,0,0.9291,816.6,133.8,1300.5,978.6
936,1702,0,0.65,1095.6,223.0,1315.8,722.8
936,1625,0,0.4793,1306.1,206.0,1447.5,586.9
937,1669,0,0.7581,725.1,339.2,847.2,599.8
937,747,0,0.9301,833.2,145.6,1316.1,978.5
937,1702,0,0.665,1175.7,227.1,1394.2,717.5
938,1669,0,0.546,798.2,341.6,919.3,597.1
938,747,0,0.9163,839.0,158.0,1315.0,976.8
938,1702,0,0.8158,1249.7,241.1,1501.6,804.3
938,1668,32,0.4676,1798.2,836.3,1910.5,931.9
938,1625,0,0.5643,1452.1,202.8,1647.4,721.8
939,747,0,0.8937,822.2,162.8,1294.4,974.4
939,1702,0,0.823,1326.3,248.8,1592.3,840.4
939,1625,0,0.6982,1523.4,200.2,1739.1,775.7
940,747,0,0.8947,814.0,152.5,1290.3,971.8
940,1702,0,0.7563,1408.2,252.3,1680.7,854.6
940,1625,0,0.6365,1604.6,205.5,1831.5,809.8
941,747,0,0.9146,854.0,134.8,1333.0,967.6
941,1702,0,0.7404,1501.6,249.8,1773.8,855.8
941,1625,0,0.4025,1695.6,210.1,1902.1,744.1
941,1714,32,0.939,1653.8,885.3,1804.9,1026.0
941,1717,0,0.6857,1446.6,212.3,1611.0,841.2
942,747,0,0.9311,861.8,120.6,1348.5,966.9
942,1702,0,0.7663,1588.8,247.9,1861.9,857.4
942,1625,0,0.605,1742.3,212.0,1920.0,812.8
942,1714,32,0.8813,1710.3,873.1,1872.8,1024.5
942,1717,0,0.4349,1462.5,317.4,1582.0,771.7
942,1639,0,0.8559,1244.8,253.4,1425.3,835.9
943,747,0,0.9425,882.3,110.0,1373.9,967.6
943,1702,0,0.7338,1653.7,246.3,1920.0,857.0
943,1714,0,0.5201,1765.5,866.4,1920.0,1023.3
943,1722,0,0.7091,1590.7,208.4,1752.2,845.8
943,1639,0,0.8693,1297.1,254.6,1486.2,839.0
944,747,0,0.9363,878.5,106.2,1377.5,971.0
944,1702,0,0.7775,1699.2,240.8,1920.0,858.5
944,1639,0,0.8401,1351.7,257.1,1548.8,842.2
944,1669,0,0.4587,1197.9,346.5,1322.6,604.4
945,747,0,0.9124,878.0,112.0,1382.0,977.7
945,1702,0,0.8476,1722.5,219.8,1920.0,853.2
945,1639,0,0.9007,1407.7,260.0,1611.0,840.9
945,1669,0,0.701,1249.4,344.1,1377.5,603.2
946,747,0,0.9118,884.2,128.4,1380.8,982.3
946,1702,0,0.8788,1753.6,209.7,1920.0,852.0
946,1639,0,0.8928,1445.5,263.3,1660.7,843.4
946,1669,0,0.7518,1305.3,341.4,1437.5,603.8
947,747,0,0.918,885.7,139.8,1366.3,980.6
947,1639,0,0.8936,1491.7,264.4,1718.7,844.5
947,1669,0,0.7276,1362.2,341.1,1497.1,604.9
948,747,0,0.9157,874.6,141.5,1339.7,978.7
948,1639,0,0.901,1543.5,264.3,1779.7,842.9
948,1669,0,0.5721,1413.8,339.9,1552.6,610.2
949,747,0,0.9167,860.4,131.6,1315.0,977.8
949,1639,0,0.8758,1601.9,261.2,1844.2,840.7
949,1669,0,0.5555,1464.1,336.2,1607.0,613.1
949,1761,0,0.7508,407.7,448.4,545.5,741.9
950,747,0,0.9261,872.8,113.9,1325.1,973.7
950,1639,0,0.8755,1654.4,257.6,1900.7,837.2
950,1669,0,0.4914,1497.7,330.7,1688.3,711.8
951,747,0,0.9455,881.8,96.5,1338.4,970.9
951,1639,0,0.8834,1693.3,254.0,1920.0,832.1
951,1669,0,0.7324,1552.6,328.1,1753.8,744.4
952,747,0,0.95,881.9,83.6,1345.5,966.3
952,1639,0,0.8723,1727.0,246.4,1920.0,828.6
952,1669,0,0.8305,1611.5,327.2,1814.1,756.3
952,1771,0,0.7525,595.6,423.6,749.6,729.8
953,747,0,0.9484,871.5,81.0,1344.6,966.6
953,1639,0,0.7853,1760.0,242.0,1920.0,824.4
953,1669,0,0.8308,1667.3,324.7,1870.3,759.5
953,1771,0,0.7467,653.4,422.3,807.1,728.0
954,747,0,0.9552,863.7,88.1,1344.7,973.3
954,1669,0,0.7946,1719.0,323.0,1920.0,759.9
954,1771,0,0.7384,715.5,425.2,864.9,723.3
955,747,0,0.955,874.8,104.6,1353.4,977.4
955,1669,0,0.9101,1756.0,323.1,1920.0,759.0
955,1771,0,0.7011,775.9,426.8,923.4,722.7
956,747,0,0.923,852.8,125.8,1328.0,980.0
957,747,0,0.914,773.5,135.5,1235.7,981.7
958,747,0,0.9445,772.6,128.4,1236.7,979.8
959,747,0,0.9277,771.4,113.5,1237.1,979.5
960,747,0,0.9427,779.0,96.4,1249.0,981.7
961,747,0,0.9522,779.2,80.9,1254.7,982.5
961,1771,0,0.5665,1039.8,429.0,1182.7,721.9
962,747,0,0.9479,774.6,75.8,1252.0,983.0
962,1771,0,0.5997,1076.7,424.0,1218.8,718.8
963,747,0,0.9408,763.6,80.5,1242.7,988.9
963,1771,0,0.662,1125.2,418.2,1269.6,719.6
964,747,0,0.936,759.5,92.1,1236.5,994.8
964,1771,0,0.6728,1178.9,426.7,1321.8,723.0
965,747,0,0.9516,768.5,114.1,1230.7,997.4
965,1771,0,0.7377,1232.1,430.8,1376.7,726.7
966,747,0,0.9263,771.9,129.0,1216.4,1000.7
966,1771,0,0.7983,1285.1,437.6,1429.9,729.7
966,1761,0,0.3558,379.0,440.5,519.5,740.6
967,747,0,0.8952,755.5,127.0,1185.7,1002.8
967,1771,0,0.7931,1342.6,443.5,1486.6,729.7
968,747,0,0.9352,764.1,119.5,1189.4,1001.8
968,1771,0,0.6677,1395.8,445.4,1540.1,729.2
969,747,0,0.9551,779.8,102.9,1209.4,1000.1
969,1771,0,0.5253,1454.8,444.7,1600.5,729.4
970,747,0,0.9564,795.4,95.1,1232.6,1004.9
970,1761,0,0.7476,333.1,475.1,463.3,758.0
971,747,0,0.9519,794.4,96.0,1243.6,1011.6
971,1860,0,0.7009,215.6,429.3,353.4,653.2
971,1761,0,0.7207,376.7,478.1,505.7,761.1
972,747,0,0.9447,790.1,109.0,1250.8,1022.7
972,1864,0,0.6431,36.8,448.3,123.0,653.8
973,747,0,0.9391,811.9,139.7,1270.0,1029.9
973,1868,0,0.6464,114.9,448.4,199.3,656.5
973,1761,0,0.5932,394.5,447.3,511.2,682.0
974,747,0,0.9432,823.1,168.3,1277.6,1039.3
975,747,0,0.9392,813.3,191.4,1260.3,1044.8
975,1881,0,0.7795,44.7,360.1,182.8,862.8
975,1860,0,0.4328,246.6,467.6,364.6,659.9
976,747,0,0.9233,781.9,204.8,1226.7,1050.6
976,1881,0,0.799,105.1,365.1,246.2,876.0
976,1894,0,0.5846,328.8,463.7,418.0,674.8
977,747,0,0.9216,765.7,204.2,1211.5,1052.7
977,1881,0,0.855,174.0,370.4,319.1,893.2
977,1761,0,0.6073,388.2,463.4,492.7,670.5
978,747,0,0.9369,774.8,198.6,1228.1,1058.2
978,1881,0,0.8452,238.7,374.8,386.5,902.4
979,747,0,0.9436,792.0,190.3,1254.0,1064.0
979,1881,0,0.8211,306.3,379.0,453.3,898.7
980,747,0,0.9565,811.5,189.5,1277.3,1064.3
980,1881,0,0.8401,371.8,382.6,520.9,906.2
981,747,0,0.9293,823.4,197.9,1290.0,1068.2
981,1881,0,0.872,437.2,385.9,587.9,911.9
982,747,0,0.9359,824.6,213.3,1288.9,1070.5
982,1881,0,0.8712,500.6,388.3,653.2,916.8
983,747,0,0.9443,820.2,231.0,1279.0,1071.5
983,1881,0,0.8337,565.4,390.3,715.8,906.0
983,1939,0,0.5447,0.0,577.2,72.7,705.2
984,747,0,0.9479,804.3,244.4,1256.6,1071.2
984,1881,0,0.8347,628.2,391.4,778.5,901.9
985,747,0,0.9231,780.3,251.3,1226.7,1072.5
985,1881,0,0.8603,690.3,392.0,844.7,912.2
985,1939,0,0.4195,11.6,563.8,103.1,711.9
986,747,0,0.9144,760.1,242.4,1207.5,1071.5
986,1881,0,0.755,753.8,392.5,911.0,918.9
986,1958,0,0.4613,181.0,587.8,266.0,710.6
987,747,0,0.9278,766.9,230.9,1224.7,1071.7
987,1964,0,0.5164,246.2,586.8,331.2,712.5
987,1860,0,0.4946,317.9,579.0,398.5,708.3
988,747,0,0.9438,777.9,223.1,1248.5,1070.9
988,1964,0,0.4495,217.9,573.4,314.8,716.3
988,1860,0,0.5111,318.4,589.8,395.7,714.4
988,1939,0,0.5766,31.2,596.9,103.8,713.7
989,747,0,0.9418,788.9,214.0,1277.4,1071.2
989,1984,0,0.483,384.7,592.0,467.3,714.3
990,747,0,0.9417,796.5,217.8,1298.8,1071.3
990,1984,0,0.4761,361.2,577.5,456.1,717.6
990,1881,0,0.6558,1057.7,393.1,1188.5,823.6
990,1958,0,0.6133,170.2,600.9,249.4,715.6
990,1939,0,0.5209,64.4,602.1,134.7,715.4
991,747,0,0.9531,807.6,226.7,1317.4,1068.4
991,2005,0,0.4252,524.4,586.2,618.8,715.0
991,1881,0,0.8382,1128.8,390.7,1265.5,831.3
991,1958,0,0.4787,147.9,602.8,224.9,715.1
992,747,0,0.9465,817.5,238.8,1333.5,1069.5
992,2005,0,0.5188,510.5,571.2,617.6,717.6
992,1881,0,0.8341,1206.1,389.1,1347.4,835.9
992,2010,0,0.4479,605.5,585.9,699.6,714.8
992,1860,0,0.5591,332.6,603.1,403.8,716.3
993,747,0,0.9439,820.2,248.4,1337.8,1069.0
993,1881,0,0.8354,1287.0,387.6,1431.9,838.3
993,2010,0,0.4896,594.3,572.3,700.3,717.4
993,2016,0,0.4852,685.8,586.5,781.2,714.7
994,747,0,0.9309,808.7,247.7,1328.7,1070.0
994,1881,0,0.7522,1368.4,385.1,1520.7,853.7
994,2016,0,0.5239,676.7,573.9,784.0,717.8
994,2005,0,0.6918,489.6,596.0,576.2,714.8
995,747,0,0.9163,787.6,234.3,1310.9,1069.6
995,1881,0,0.7982,1450.8,383.6,1606.7,858.6
995,2005,0,0.6131,463.8,600.9,545.7,714.2
995,2010,0,0.6747,568.5,596.5,655.3,715.7
996,747,0,0.9345,795.1,213.7,1330.4,1070.0
996,1881,0,0.7448,1532.0,383.9,1694.1,874.6
996,2010,0,0.6211,540.0,601.3,623.3,716.9
996,2016,0,0.6877,646.2,598.2,735.1,717.9
997,747,0,0.9372,803.6,197.3,1349.7,1071.4
997,1881,0,0.772,1608.1,385.2,1784.2,919.6
997,2016,0,0.5041,612.3,604.4,697.4,720.1
997,2005,0,0.3133,432.0,602.6,516.7,722.1
998,747,0,0.9451,818.2,184.9,1375.4,1072.4
998,1881,0,0.8278,1688.3,387.4,1869.5,936.8
998,2005,0,0.4997,424.1,615.9,505.9,726.6
998,1958,0,0.4476,65.8,589.3,170.2,739.5
999,747,0,0.9474,829.2,179.8,1394.6,1073.4
999,1881,0,0.7723,1758.0,390.1,1920.0,936.5
999,2010,0,0.4751,499.0,623.4,580.1,731.2
1000,747,0,0.9365,836.0,182.6,1402.6,1071.0
1000,2016,0,0.4309,571.3,628.2,653.9,736.1
1001,747,0,0.9477,843.0,189.4,1409.0,1070.9
1002,747,0,0.9492,842.7,199.9,1401.4,1070.7
1002,2068,0,0.869,32.2,464.2,124.3,986.5
1002,2072,0,0.4417,1388.0,610.7,1485.2,743.9
1003,747,0,0.9461,839.9,205.1,1387.7,1070.9
1003,2072,0,0.529,1382.8,599.6,1492.7,749.7
1004,747,0,0.8976,827.3,198.3,1366.0,1070.8
1004,2082,0,0.5597,1477.7,604.0,1585.4,753.4
1004,2083,0,0.4385,1565.9,615.8,1674.9,749.8
1005,747,0,0.9303,829.1,182.0,1363.5,1072.4
1005,2083,0,0.5878,1566.7,604.3,1689.3,754.8
1005,2087,0,0.5037,1667.9,617.4,1769.5,752.8
1005,2072,0,0.7434,1370.6,625.2,1462.3,751.1
1006,747,0,0.9495,834.0,163.4,1377.8,1072.3
1006,2087,0,0.5519,1669.7,605.5,1783.8,757.2
1006,2072,0,0.4941,1354.8,634.3,1438.7,750.7
1006,2082,0,0.7362,1467.6,629.6,1556.4,753.1
1007,747,0,0.942,861.0,147.0,1418.7,1074.0
1007,2095,0,0.5129,1771.4,605.5,1885.3,760.0
1007,2082,0,0.6173,1450.7,636.6,1534.6,754.3
1007,2083,0,0.7628,1558.1,628.7,1660.2,755.1
1008,747,0,0.9406,915.6,141.1,1487.1,1073.3
1008,2096,0,0.8409,501.2,468.4,686.2,1002.8
1008,2083,0,0.5595,1540.6,637.5,1635.1,756.0
1008,2087,0,0.7075,1659.0,629.7,1754.1,756.9
1009,747,0,0.9411,968.0,145.8,1543.3,1073.9
1009,2096,0,0.8012,580.1,469.7,765.7,1005.4
1009,2087,0,0.5574,1638.1,638.3,1726.9,758.1
1009,2095,0,0.6887,1755.3,633.1,1848.7,759.9
1010,747,0,0.9409,993.8,156.2,1570.2,1074.5
1010,2096,0,0.7976,671.9,468.8,858.1,1005.8
1010,2095,0,0.5039,1728.3,637.5,1816.8,758.5
1011,747,0,0.9517,1006.8,176.8,1576.1,1075.4
1011,2096,0,0.7293,779.3,470.2,904.9,823.5
1011,2016,0,0.4391,403.8,647.9,504.3,777.3
1011,2083,0,0.3638,1535.5,650.7,1627.5,762.0
1012,747,0,0.9305,991.7,183.8,1561.3,1074.8
1012,2096,0,0.6691,865.9,468.1,973.2,762.7
1012,2095,0,0.3445,1702.7,628.0,1796.6,758.8
1013,747,0,0.9209,970.3,174.9,1539.6,1073.2
1014,747,0,0.922,951.4,143.8,1525.3,1073.4
1015,747,0,0.8857,933.1,113.1,1514.7,1070.4
1016,747,0,0.9279,941.8,83.6,1525.8,1067.6
1017,747,0,0.9212,921.9,65.2,1508.8,1068.0
1018,747,0,0.9158,918.8,52.9,1505.4,1066.9
1018,2127,0,0.7357,1287.9,486.7,1466.5,1011.4
1019,747,0,0.9098,914.8,51.7,1485.9,1066.0
1019,2127,0,0.8717,1350.1,466.8,1537.6,1016.8
1020,747,0,0.8988,897.1,57.9,1447.6,1066.5
1020,2127,0,0.8938,1418.7,460.1,1610.7,1022.0
1021,747,0,0.9298,866.6,83.3,1390.6,1068.8
1021,2127,0,0.8758,1488.2,460.9,1682.4,1027.5
1021,2140,0,0.5501,22.9,658.6,103.3,798.5
1021,2016,0,0.5599,221.9,640.1,343.2,789.0
1022,747,0,0.9303,856.3,120.3,1346.9,1069.7
1022,2127,0,0.89,1556.8,460.9,1752.8,1030.3
1022,2140,0,0.5533,10.5,657.3,94.1,802.3
1022,2005,0,0.6158,68.4,653.6,186.0,801.2
1023,747,0,0.9172,853.2,151.2,1319.9,1072.5
1023,2127,0,0.8829,1626.7,461.6,1824.9,1034.6
1023,2083,0,0.5215,1473.4,645.4,1585.0,778.7
1024,747,0,0.9418,857.6,183.8,1302.5,1072.3
1024,2127,0,0.8847,1697.8,462.0,1897.9,1037.3
1024,2162,0,0.5122,102.2,660.3,251.0,804.4
1024,2095,0,0.5351,1551.9,651.7,1648.0,779.3
1024,2016,0,0.4572,201.5,663.3,317.3,801.1
1025,747,0,0.9161,855.1,209.5,1285.1,1072.5
1025,2127,0,0.8894,1750.3,462.5,1920.0,1040.2
1025,2016,0,0.617,182.8,662.4,301.2,805.3
1026,747,0,0.9146,836.8,232.5,1252.0,1072.1
1026,2171,0,0.5917,245.8,665.7,383.1,809.2
1026,2005,0,0.6266,2.3,664.5,120.0,815.5
1026,2083,0,0.3179,1461.1,648.5,1580.9,792.1
1027,747,0,0.9208,817.4,249.7,1221.3,1071.4
1027,2179,0,0.5407,312.6,670.6,457.4,814.6
1027,2180,0,0.4416,1678.0,621.7,1830.5,792.0
1027,2140,0,0.7965,0.0,676.9,73.5,822.1
1027,2162,0,0.6494,58.6,670.0,211.7,820.0
1028,747,0,0.9314,808.5,261.1,1204.6,1070.1
1028,2184,0,0.6383,390.3,676.2,532.6,820.0
1028,2162,0,0.7145,19.0,677.6,170.6,828.0
1028,2016,0,0.6824,146.9,675.3,268.0,824.2
1029,747,0,0.9327,797.6,263.5,1192.7,1068.8
1029,2187,0,0.5755,467.6,682.5,608.8,823.4
1029,2016,0,0.7251,111.8,682.4,232.1,831.7
1029,2171,0,0.6353,215.0,677.5,359.2,829.7
1030,747,0,0.9325,784.3,249.1,1189.2,1070.1
1030,2191,0,0.5929,540.7,686.0,691.9,827.4
1030,2171,0,0.7325,181.4,685.4,323.0,836.2
1030,2179,0,0.5227,290.3,682.3,439.8,832.6
1030,2184,0,0.4546,393.2,684.9,535.8,829.6
1031,747,0,0.9374,772.9,233.5,1193.9,1071.5
1031,2179,0,0.7676,260.3,687.8,408.9,838.8
1031,2184,0,0.4607,379.0,685.9,524.5,835.0
1031,2068,0,0.5055,7.7,558.1,100.5,1059.0
1031,2187,0,0.4785,477.3,686.9,622.7,832.7
1032,747,0,0.9442,778.2,215.8,1217.3,1071.4
1032,2184,0,0.7418,351.2,689.8,497.4,841.1
1032,2068,0,0.7367,29.8,554.5,140.1,1032.9
1032,2187,0,0.6132,467.4,688.1,616.1,838.6
1032,2191,0,0.4233,555.7,688.2,712.1,835.6
1033,747,0,0.9475,792.1,201.5,1249.9,1070.8
1033,2068,0,0.6145,69.7,554.3,197.5,1054.6
1033,2187,0,0.533,440.9,691.5,588.9,842.7
1033,2191,0,0.4864,549.8,689.7,707.2,839.9
1034,747,0,0.951,812.9,192.2,1287.9,1071.4
1034,2068,0,0.7128,124.3,558.8,260.7,1065.4
1034,2191,0,0.4397,524.8,690.8,681.5,842.0
1035,747,0,0.9455,831.1,191.1,1316.9,1071.0
1035,2068,0,0.765,187.2,546.4,329.4,1047.1
1036,747,0,0.9299,838.5,200.3,1327.2,1072.5
1036,2068,0,0.8374,247.0,536.1,402.1,1062.8
1037,747,0,0.9287,821.0,204.3,1306.3,1071.5
1037,2068,0,0.7681,315.4,536.7,476.6,1067.3
1038,747,0,0.9217,805.4,207.6,1281.1,1069.4
1038,2068,0,0.7895,387.3,543.2,553.1,1072.1
1038,2213,0,0.6011,1230.6,679.2,1403.4,830.7
1038,2095,0,0.5777,1358.4,696.9,1468.5,828.6
1039,747,0,0.9307,811.9,201.7,1284.9,1069.1
1039,2068,0,0.7352,470.5,547.0,634.3,1060.9
1039,2095,0,0.596,1340.8,686.2,1462.9,834.2
1039,2083,0,0.7162,1439.5,697.9,1560.1,832.4
1040,747,0,0.9217,812.5,178.7,1295.1,1071.5
1040,2068,0,0.809,540.3,551.0,707.8,1071.0
1040,2095,0,0.4584,1338.9,690.4,1454.7,836.4
1040,2083,0,0.5692,1424.9,685.1,1555.3,835.2
1040,2213,0,0.397,1226.4,679.5,1404.3,837.5
1041,747,0,0.9377,811.6,157.4,1302.9,1076.5
1041,2068,0,0.8202,605.4,552.9,775.8,1073.7
1041,2095,0,0.513,1330.7,682.0,1451.0,837.8
1041,2083,0,0.5616,1419.5,686.2,1544.1,835.8
1041,2224,0,0.5954,1483.7,680.7,1659.6,834.6
1041,2213,0,0.5877,1214.4,678.9,1391.4,838.4
1042,747,0,0.9289,810.8,127.7,1310.6,1071.9
1042,2068,0,0.735,671.0,547.5,845.3,1074.7
1042,2095,0,0.6382,1315.5,679.3,1436.8,839.2
1042,2083,0,0.4446,1409.4,679.8,1536.2,836.5
1042,2213,0,0.7008,1181.8,683.2,1351.9,839.2
1042,2226,0,0.5907,1561.4,677.7,1740.1,834.7
1042,2180,0,0.718,1684.1,696.4,1811.8,833.4
1043,747,0,0.9225,816.4,111.1,1324.0,1070.3
1043,2068,0,0.7881,725.4,545.4,903.5,1073.2
1043,2095,0,0.7843,1276.0,682.6,1395.5,841.1
1043,2083,0,0.6681,1391.1,677.8,1518.6,839.2
1043,2180,0,0.6848,1658.5,682.5,1798.0,835.9
1043,2224,0,0.3865,1459.8,675.3,1641.9,836.3
1044,747,0,0.886,809.0,107.5,1316.9,1068.7
1044,2068,0,0.7,780.9,551.2,958.6,1071.6
1044,2083,0,0.7629,1347.7,683.4,1472.2,842.5
1044,2180,0,0.5151,1647.4,689.0,1779.0,838.3
1044,2234,0,0.6957,1710.3,681.3,1891.0,839.1
1044,2224,0,0.6336,1433.4,677.4,1615.7,840.9
1044,2226,0,0.5219,1530.2,679.1,1710.3,839.1
1045,747,0,0.8885,797.8,114.9,1301.4,1068.7
1045,2180,0,0.4724,1626.3,686.2,1759.8,841.6
1045,2234,0,0.6246,1695.7,688.8,1868.7,840.9
1045,2224,0,0.7617,1385.3,684.2,1561.3,844.5
1045,2238,0,0.7733,1804.4,686.4,1920.0,841.1
1045,2226,0,0.6299,1502.4,680.8,1682.4,843.2
1046,747,0,0.9177,754.0,132.9,1236.7,1069.6
1046,2180,0,0.6996,1600.2,684.0,1735.9,845.5
1046,2234,0,0.4004,1670.0,683.8,1848.6,842.7
1046,2226,0,0.7854,1453.7,686.3,1628.1,846.0
1047,747,0,0.9202,737.2,150.8,1203.1,1069.9
1047,2180,0,0.7591,1553.1,687.5,1686.4,847.8
1047,2234,0,0.6636,1645.3,682.8,1826.5,846.3
1048,747,0,0.9103,706.0,156.5,1162.5,1069.8
1048,2234,0,0.7985,1602.6,687.9,1779.4,849.7
1048,2095,0,0.3722,1186.5,678.6,1312.8,852.7
1048,2068,0,0.7351,1043.3,528.3,1224.6,1064.4
1048,2238,0,0.6675,1754.6,684.8,1880.1,848.9
1049,747,0,0.871,697.6,147.5,1157.1,1068.5
1049,2254,0,0.8172,1851.7,684.3,1913.6,849.8
1049,2068,0,0.8238,1109.3,524.8,1294.4,1066.6
1049,2238,0,0.8186,1714.4,688.7,1839.3,851.9
1050,747,0,0.9174,682.6,134.6,1147.8,1067.5
1050,2254,0,0.5557,1830.5,689.1,1893.1,852.9
1050,2068,0,0.7621,1184.4,524.5,1371.3,1069.5
1051,747,0,0.9419,679.0,114.4,1162.7,1066.8
1051,2068,0,0.6192,1261.9,532.8,1445.3,1068.2
1052,747,0,0.9411,688.8,96.7,1184.3,1066.5
1052,2068,0,0.5872,1348.5,537.8,1530.5,1065.5
1053,747,0,0.9475,689.5,87.1,1189.2,1065.9
1054,747,0,0.9294,690.4,87.1,1183.8,1065.2
1054,2068,0,0.5484,1534.5,553.4,1678.8,955.4
1055,747,0,0.9371,709.6,101.3,1185.2,1065.6
1055,2068,0,0.5611,1602.0,552.8,1775.1,1037.7
1056,747,0,0.927,711.4,121.4,1168.1,1068.3
1056,2068,0,0.5567,1673.8,560.6,1852.6,1059.6
1057,747,0,0.9353,708.9,144.4,1146.6,1070.1
1058,747,0,0.9227,717.7,153.8,1144.9,1068.7
1059,747,0,0.873,733.1,147.0,1161.5,1067.9
1060,747,0,0.9176,738.1,127.3,1173.6,1066.6
1061,747,0,0.9162,736.8,110.8,1178.4,1066.4
1062,747,0,0.9384,735.5,98.8,1177.2,1057.7
1063,747,0,0.9224,729.9,101.0,1171.3,1062.9
1064,747,0,0.9071,728.9,109.3,1164.5,1064.6
1064,2184,0,0.5894,20.8,660.7,275.5,947.8
1065,747,0,0.8869,728.3,126.9,1153.0,1068.3
1065,2191,0,0.7152,382.7,612.1,599.9,841.3
1066,747,0,0.9274,722.0,151.3,1130.3,1069.5
1066,2191,0,0.7638,437.4,612.7,644.3,843.3
1067,747,0,0.9002,704.8,163.7,1105.8,1068.8
1068,747,0,0.8955,687.2,161.9,1094.5,1067.7
1068,2191,0,0.6664,384.8,660.3,619.2,933.1
1069,747,0,0.9282,675.9,147.7,1100.5,1069.5
1069,2191,0,0.721,428.4,669.4,665.9,955.7
1070,747,0,0.925,685.7,134.6,1125.6,1068.3
1070,2191,0,0.6931,503.4,679.6,735.6,966.4
1071,747,0,0.952,701.5,122.4,1154.3,1068.6
1072,747,0,0.9441,733.8,116.7,1195.0,1069.0
1073,747,0,0.9358,754.9,119.0,1216.4,1069.2
1073,2347,0,0.6152,62.8,573.9,214.3,899.3
1074,747,0,0.9178,774.0,136.6,1226.8,1070.7
1074,2347,0,0.649,119.3,564.3,278.2,903.6
1074,2180,0,0.7548,1181.4,629.7,1372.1,867.2
1075,747,0,0.8806,784.4,155.4,1223.2,1070.5
1075,2347,0,0.6855,191.7,558.8,354.9,904.4
1076,747,0,0.8899,786.0,166.4,1211.4,1069.9
1076,2347,0,0.6755,273.6,555.9,437.1,899.4
1076,2364,0,0.8594,29.7,639.5,208.9,1072.5
1076,2367,0,0.6953,1041.6,51.9,1231.8,462.7
1076,2191,0,0.5222,498.9,671.3,744.7,979.7
1077,747,0,0.8921,794.7,164.4,1209.0,1067.7
1077,2347,0,0.7332,353.0,551.4,520.4,899.7
1077,2364,0,0.8177,76.6,638.6,257.7,1071.8
1077,2367,0,0.6098,1114.8,48.2,1306.2,459.6
1077,2191,0,0.6727,539.4,669.2,778.0,980.4
1077,2180,0,0.4413,1135.4,682.7,1345.1,957.3
1078,747,0,0.8849,808.0,140.2,1220.8,1067.8
1078,2347,0,0.703,430.0,550.2,599.6,900.1
1078,2364,0,0.9107,137.5,633.0,323.3,1071.1
1078,2385,0,0.6596,27.7,620.0,124.4,903.8
1078,2180,0,0.5637,1175.5,690.0,1386.0,972.6
1079,747,0,0.7039,827.3,118.0,1238.4,1066.0
1079,2347,0,0.732,505.8,549.6,678.4,901.9
1079,2364,0,0.8835,207.0,629.6,397.1,1070.6
1080,747,0,0.9277,839.9,89.1,1253.6,1064.2
1080,2347,0,0.7086,580.1,546.0,752.8,896.4
1080,2364,0,0.8849,275.5,629.0,469.0,1070.0
1080,2395,0,0.7341,1348.2,689.6,1541.6,980.5
1081,747,0,0.8604,795.1,62.7,1220.7,1048.3
1081,2347,0,0.6725,655.8,546.1,830.2,896.0
1081,2364,0,0.8869,344.5,631.5,540.4,1070.4
1081,2395,0,0.7799,1408.9,690.1,1602.3,981.5
1082,747,0,0.885,776.3,50.4,1211.8,1041.1
1082,2347,0,0.3389,742.0,546.0,919.4,894.4
1082,2364,0,0.8888,413.0,637.2,610.3,1071.4
1082,2395,0,0.7003,1485.1,690.7,1678.1,982.3
1082,2367,0,0.4464,1304.8,185.2,1428.4,443.5
1082,2385,0,0.6686,40.9,583.1,158.7,918.9
1083,747,0,0.9253,767.8,52.9,1217.7,1054.4
1083,2364,0,0.8602,473.6,639.5,673.3,1071.7
1083,2395,0,0.612,1558.3,690.4,1750.1,981.0
1083,2419,0,0.7945,565.1,215.1,738.4,547.9
1083,2385,0,0.6943,86.4,579.6,209.0,918.4
1084,747,0,0.8375,774.0,64.6,1234.8,1053.6
1084,2364,0,0.9004,532.2,641.7,734.8,1072.8
1084,2419,0,0.7645,624.6,213.9,797.8,546.3
1084,2385,0,0.5817,144.3,578.0,271.5,918.3
1084,2426,0,0.6422,30.8,671.4,152.4,921.1
1085,747,0,0.8611,775.5,98.4,1244.5,1062.0
1085,2364,0,0.895,582.8,642.3,788.4,1073.0
1085,2419,0,0.7655,689.3,210.8,863.6,545.1
1085,2385,0,0.5271,201.9,576.8,333.5,917.9
1085,2395,0,0.3109,1677.0,689.4,1870.8,983.2
1086,747,0,0.9074,764.5,121.3,1236.2,1065.3
1086,2364,0,0.8973,621.9,615.7,840.9,1072.6
1086,2419,0,0.7477,747.3,209.6,920.0,541.9
1086,2385,0,0.657,260.6,575.6,396.6,917.9
1086,2443,0,0.6295,523.7,264.1,715.9,627.6
1086,2395,0,0.422,1732.0,688.2,1920.0,984.8
1087,747,0,0.635,732.8,142.4,1208.7,1066.5
1087,2419,0,0.4671,784.2,211.3,954.0,544.4
1087,2385,0,0.6256,318.7,574.8,458.6,918.2
1087,2443,0,0.6709,572.7,259.9,779.6,651.6
1087,2426,0,0.6806,0.0,628.8,145.8,931.5
1088,747,0,0.9144,754.0,151.0,1218.1,1068.1
1088,2385,0,0.7512,376.5,574.8,519.7,918.3
1088,2443,0,0.6149,634.7,256.3,847.1,659.2
1088,2452,0,0.6527,240.4,671.2,400.8,921.1
1088,2456,0,0.5888,108.5,329.6,292.4,656.7
1088,2426,0,0.7247,30.7,623.7,182.5,930.5
1088,2347,0,0.5539,1123.0,536.1,1291.3,869.3
1088,2364,0,0.3775,687.9,612.8,905.1,1070.7
1089,747,0,0.9013,736.7,146.4,1194.3,1069.5
1089,2385,0,0.5826,431.3,573.3,577.8,918.3
1089,2452,0,0.6554,292.4,669.9,454.0,921.7
1089,2456,0,0.5922,157.1,328.2,344.6,661.4
1089,2426,0,0.6273,77.0,621.4,230.9,928.4
1089,2347,0,0.7006,1170.3,533.8,1352.9,889.6
1090,747,0,0.9076,718.3,137.8,1167.9,1070.3
1090,2385,0,0.4575,489.7,569.6,640.5,917.4
1090,2452,0,0.6422,353.9,668.0,516.2,920.7
1090,2456,0,0.6038,217.9,325.8,407.0,661.5
1090,2426,0,0.6876,138.8,619.9,296.3,927.8
1090,2347,0,0.7767,1226.7,531.0,1415.7,893.7
1090,2477,0,0.5477,1611.0,567.4,1802.3,884.1
1091,747,0,0.9095,704.7,123.7,1147.8,1069.6
1091,2385,0,0.5451,547.9,567.3,702.6,917.2
1091,2452,0,0.6703,415.0,666.7,578.2,920.8
1091,2456,0,0.6021,279.2,324.1,468.9,660.1
1091,2426,0,0.651,198.7,618.6,361.0,929.3
1091,2347,0,0.7044,1283.3,528.1,1474.6,892.0
1091,2477,0,0.5079,1652.5,564.7,1846.0,883.8
1091,2483,0,0.6788,1504.3,656.5,1678.9,982.9
1091,2419,0,0.7113,1045.9,200.0,1220.1,541.2
1092,747,0,0.9171,704.3,108.9,1139.4,1067.8
1092,2385,0,0.5413,599.1,565.1,757.2,918.5
1092,2452,0,0.6906,473.3,665.8,637.1,921.0
1092,2456,0,0.536,338.6,322.1,528.2,657.3
1092,2426,0,0.6917,256.5,617.5,422.1,928.3
1092,2347,0,0.7429,1344.2,526.9,1536.8,888.2
1092,2483,0,0.5282,1491.8,608.7,1652.9,911.8
1092,2498,0,0.6417,33.8,608.1,145.9,936.9
1092,2419,0,0.7362,1108.1,195.7,1284.2,540.1
1093,747,0,0.9131,686.0,91.2,1120.1,1064.1
1093,2452,0,0.446,526.2,665.1,691.6,923.5
1093,2456,0,0.5381,395.0,320.4,584.7,654.3
1093,2426,0,0.7312,312.8,616.2,481.5,927.4
1093,2347,0,0.6708,1397.2,525.9,1587.7,882.5
1093,2498,0,0.5179,64.6,618.0,176.9,938.8
1093,2419,0,0.7607,1167.8,192.9,1344.7,538.0
1093,2500,0,0.786,1109.2,527.1,1488.4,900.4
1093,2364,0,0.4522,995.2,622.8,1201.8,1073.3
1094,747,0,0.9134,649.8,77.8,1089.4,1063.0
1094,2452,0,0.3384,586.5,665.3,751.2,922.9
1094,2456,0,0.5418,449.8,318.7,642.3,656.3
1094,2426,0,0.5322,363.3,615.3,535.8,929.9
1094,2347,0,0.7014,1454.6,526.3,1647.0,885.2
1094,2498,0,0.4909,113.4,619.4,228.8,938.4
1094,2419,0,0.7353,1225.1,190.5,1403.0,536.8
1094,2500,0,0.7336,1142.1,528.6,1519.6,901.0
1094,2364,0,0.7209,1029.8,616.0,1238.2,1072.4
1094,2477,0,0.6124,1688.3,644.1,1891.5,980.9
1095,747,0,0.9097,579.2,71.4,1033.0,1061.9
1095,2456,0,0.6572,505.7,316.8,698.6,653.0
1095,2426,0,0.5737,419.9,615.4,595.1,928.7
1095,2347,0,0.7214,1514.0,527.3,1709.8,891.1
1095,2498,0,0.4367,161.9,619.1,281.9,938.2
1095,2419,0,0.613,1281.5,188.6,1460.0,535.1
1095,2500,0,0.7084,1186.1,528.7,1562.2,901.6
1095,2364,0,0.8255,1059.4,591.2,1280.8,1071.9
1095,2517,0,0.5142,1046.3,276.8,1226.9,654.7
1095,2520,0,0.4736,19.4,622.6,121.4,949.5
1095,2477,0,0.7494,1728.2,654.5,1920.0,992.8
1096,747,0,0.9426,508.3,82.1,980.5,1064.9
1096,2456,0,0.3495,563.6,314.9,743.1,623.3
1096,2347,0,0.6266,1575.2,526.8,1772.1,889.0
1096,2419,0,0.5587,1336.8,186.3,1516.1,533.0
1096,2500,0,0.6556,1252.5,546.9,1609.1,902.4
1096,2364,0,0.837,1079.1,575.6,1313.6,1071.0
1096,2517,0,0.4294,1089.4,269.0,1274.6,655.2
1097,747,0,0.9548,459.1,88.5,950.4,1065.9
1097,2347,0,0.6121,1628.9,524.4,1827.4,890.6
1097,2419,0,0.5734,1394.0,183.6,1574.8,532.3
1097,2500,0,0.6714,1318.3,546.6,1673.0,903.5
1097,2364,0,0.8665,1105.2,599.0,1341.2,1071.6
1097,2517,0,0.3509,1144.2,248.6,1339.6,654.3
1097,2530,0,0.5566,1820.1,596.7,1908.6,913.4
1097,2531,0,0.6048,538.7,54.1,708.9,400.2
1097,2533,0,0.4674,34.9,621.8,237.1,951.9
1098,747,0,0.9681,422.9,92.0,931.7,1063.1
1098,2347,0,0.7221,1690.3,522.4,1892.5,895.4
1098,2419,0,0.7257,1453.5,181.3,1635.7,532.4
1098,2500,0,0.549,1369.2,537.9,1728.9,903.5
1098,2364,0,0.8984,1139.6,608.0,1382.2,1071.8
1098,2517,0,0.4511,1205.5,241.1,1405.8,655.1
1098,2531,0,0.5296,565.9,52.6,737.8,403.4
1098,2533,0,0.6235,90.1,621.2,293.5,952.4
1098,2520,0,0.5846,14.2,586.2,128.8,949.8
1099,747,0,0.9697,403.4,103.9,922.5,1063.4
1099,2347,0,0.7757,1746.0,523.3,1920.0,884.6
1099,2419,0,0.7338,1515.8,180.1,1699.5,532.8
1099,2500,0,0.4526,1423.5,529.2,1789.8,906.2
1099,2364,0,0.8934,1183.6,614.6,1433.6,1071.9
1099,2517,0,0.3898,1287.3,249.3,1483.4,655.3
1099,2533,0,0.5839,158.4,621.2,362.9,953.4
1099,2544,0,0.6082,23.3,2.1,165.1,391.1
1099,2520,0,0.8284,0.0,569.2,115.0,955.0
1100,747,0,0.9631,394.0,109.2,923.4,1065.9
1100,2419,0,0.7704,1579.4,177.2,1764.5,531.8
1100,2500,0,0.7029,1490.0,525.0,1857.3,907.3
1100,2364,0,0.8882,1229.8,612.8,1490.5,1072.0
1100,2517,0,0.4176,1340.4,239.6,1542.3,655.0
1100,2533,0,0.6797,228.5,623.9,431.7,954.0
1100,2520,0,0.8734,6.6,558.9,132.4,956.8
1100,2553,0,0.7499,1029.7,564.3,1226.5,922.9
1100,2559,0,0.5382,462.4,290.2,698.1,556.8
1100,2452,0,0.6091,936.7,664.8,1099.1,922.3
1101,747,0,0.957,388.4,110.0,924.4,1065.3
1101,2419,0,0.7033,1646.1,172.7,1832.1,528.6
1101,2500,0,0.6859,1559.1,522.3,1920.0,907.5
1101,2364,0,0.892,1284.1,620.2,1550.2,1072.1
1101,2517,0,0.4189,1420.9,245.7,1617.3,650.8
1101,2520,0,0.9004,30.4,554.1,163.4,956.9
1101,2553,0,0.8042,1090.3,566.2,1285.2,921.2
1101,2559,0,0.4189,485.4,288.9,763.8,605.9
1101,2572,0,0.5609,444.9,555.2,671.3,938.4
1101,2452,0,0.4318,988.2,663.5,1153.3,922.9
1101,2544,0,0.3755,6.6,51.4,127.4,382.0
1102,747,0,0.9442,403.2,106.3,943.0,1066.8
1102,2419,0,0.7844,1716.3,167.9,1903.6,525.2
1102,2500,0,0.3699,1612.9,514.8,1920.0,907.3
1102,2364,0,0.9129,1340.5,619.5,1615.2,1071.9
1102,2517,0,0.4959,1477.7,229.3,1681.0,646.3
1102,2520,0,0.806,67.8,550.8,214.9,977.6
1102,2553,0,0.7939,1161.0,565.2,1356.1,920.6
1102,2452,0,0.4034,1046.9,661.8,1215.2,923.4
1102,2544,0,0.5327,38.5,33.2,168.2,378.5
1103,747,0,0.9253,426.7,93.2,969.4,1066.4
1103,2419,0,0.7123,1769.2,164.8,1920.0,525.1
1103,2364,0,0.9004,1401.2,615.2,1685.2,1072.2
1103,2517,0,0.5698,1542.6,217.7,1750.9,642.8
1103,2520,0,0.8433,128.5,547.0,279.8,966.4
1103,2553,0,0.7831,1233.8,565.4,1427.5,918.5
1103,2452,0,0.5925,1114.2,658.1,1285.6,923.3
1103,2544,0,0.7124,75.2,28.3,209.5,373.3
1103,2585,0,0.5436,974.6,302.8,1186.3,751.4
1103,2587,0,0.5094,235.5,576.4,484.3,944.6
1103,2533,0,0.5333,401.0,613.5,608.4,949.9
1104,747,0,0.9359,448.2,72.9,992.4,1062.0
1104,2364,0,0.9078,1461.6,613.5,1752.2,1071.8
1104,2517,0,0.5644,1617.8,213.9,1824.3,632.9
1104,2553,0,0.7552,1306.4,564.8,1500.3,918.5
1104,2452,0,0.623,1185.7,657.7,1358.7,924.7
1104,2544,0,0.6595,70.2,27.3,212.0,373.9
1104,2587,0,0.8378,182.1,556.9,451.0,956.1
1104,2589,0,0.8935,28.2,650.0,154.1,1003.5
1105,747,0,0.9203,457.3,62.3,1002.5,1059.4
1105,2364,0,0.9039,1530.8,614.0,1825.9,1072.3
1105,2517,0,0.483,1697.7,212.0,1895.5,608.0
1105,2553,0,0.675,1381.1,564.5,1576.2,921.1
1105,2452,0,0.6036,1259.7,658.9,1434.4,926.5
1105,2544,0,0.5258,111.3,28.7,261.6,375.3
1105,2587,0,0.8033,216.5,552.3,497.2,971.3
1105,2589,0,0.9088,69.2,652.8,198.1,1008.0
1105,2592,0,0.6471,171.9,25.8,408.5,375.9
1105,2595,0,0.5793,988.6,611.1,1209.7,933.0
1105,2572,0,0.5279,417.2,576.9,634.5,946.7
1106,747,0,0.9,460.1,57.8,1008.8,1063.4
1106,2364,0,0.9328,1595.1,611.7,1895.6,1072.9
1106,2517,0,0.3205,1757.5,228.8,1920.0,584.8
1106,2553,0,0.7711,1454.9,565.6,1650.2,923.3
1106,2452,0,0.6157,1335.3,659.5,1511.4,928.1
1106,2587,0,0.8138,283.5,550.6,561.5,968.0
1106,2589,0,0.9048,136.5,653.8,269.4,1010.1
1106,2592,0,0.6594,157.5,28.0,394.6,377.3
1106,2597,0,0.8725,28.1,553.8,105.6,1004.8
1107,747,0,0.9216,463.3,57.7,1014.1,1064.4
1107,2364,0,0.91,1642.1,607.3,1920.0,1073.1
1107,2553,0,0.5948,1528.8,563.7,1724.3,922.7
1107,2452,0,0.5923,1409.2,658.6,1586.8,928.2
1107,2589,0,0.9018,207.0,651.8,344.6,1008.9
1107,2592,0,0.711,206.6,28.6,443.2,375.1
1107,2597,0,0.923,58.5,551.4,139.4,1006.7
1107,2602,0,0.7204,308.3,24.8,555.2,375.8
1107,2385,0,0.472,1206.1,608.9,1367.6,929.2
1107,2498,0,0.403,591.1,573.1,737.5,946.9
1107,2572,0,0.8144,397.7,556.5,633.6,959.3
1108,747,0,0.9252,472.5,63.5,1024.0,1065.4
1108,2364,0,0.6404,1685.4,605.0,1920.0,1072.6
1108,2553,0,0.4611,1601.3,560.7,1797.6,922.0
1108,2452,0,0.6202,1482.8,656.8,1662.3,928.0
1108,2589,0,0.9,276.2,649.8,419.2,1007.7
1108,2597,0,0.8904,104.3,549.6,190.5,1005.9
1108,2602,0,0.7342,291.3,25.2,537.3,373.9
1108,2572,0,0.7783,441.5,551.2,683.4,965.5
1109,747,0,0.9124,489.4,77.8,1036.5,1066.3
1109,2553,0,0.6168,1674.6,559.2,1871.8,923.4
1109,2452,0,0.5977,1555.2,656.3,1736.0,928.6
1109,2589,0,0.8531,332.5,648.7,480.2,1007.9
1109,2602,0,0.7777,338.9,25.4,585.8,373.4
1109,2572,0,0.7864,493.3,549.5,738.4,969.6
1109,2612,0,0.7547,445.6,19.7,679.5,370.2
1109,2520,0,0.7841,141.8,545.7,316.9,1000.4
1109,2595,0,0.5573,1014.0,606.6,1242.2,939.2
1110,747,0,0.9546,498.9,91.4,1042.2,1066.6
1110,2553,0,0.5746,1740.0,560.5,1920.0,926.6
1110,2452,0,0.5974,1624.8,658.0,1805.8,930.6
1110,2589,0,0.8151,391.9,649.5,543.7,1009.9
1110,2572,0,0.4729,545.5,551.3,788.1,977.9
1110,2612,0,0.7097,430.7,24.2,665.8,375.1
1110,2619,0,0.6128,37.2,649.2,129.9,947.7
1110,2520,0,0.8563,179.9,547.6,366.0,1004.8
1110,2595,0,0.5741,1065.8,609.4,1294.1,942.4
1110,2385,0,0.6157,1341.0,610.7,1526.7,937.9
1111,747,0,0.9516,501.5,102.3,1041.5,1066.6
1111,2452,0,0.5488,1697.2,660.5,1880.1,933.8
1111,2589,0,0.8516,453.6,653.5,609.2,1013.4
1111,2612,0,0.6595,454.7,26.2,680.2,362.7
1111,2619,0,0.7244,69.0,665.7,161.6,954.5
1111,2520,0,0.8326,227.6,549.5,423.5,1007.9
1111,2595,0,0.6263,1128.1,611.7,1356.5,945.8
1111,2626,0,0.5365,506.7,457.9,734.8,665.8
1111,2385,0,0.5517,1415.6,613.2,1610.8,939.0
1111,2443,0,0.4094,1586.4,298.1,1780.6,660.1
1111,2426,0,0.5245,999.8,620.1,1186.5,955.7
1111,2530,0,0.5285,1819.6,563.8,1920.0,930.1
1112,747,0,0.806,520.1,103.5,1054.2,1066.6
1112,2452,0,0.5216,1754.5,663.1,1920.0,937.2
1112,2589,0,0.7054,516.0,655.6,674.5,1014.3
1112,2612,0,0.8152,493.4,27.4,707.7,349.4
1112,2619,0,0.6766,126.3,675.4,221.4,957.9
1112,2520,0,0.8613,284.2,551.5,489.1,1011.8
1112,2595,0,0.6915,1193.4,613.8,1422.1,949.0
1112,2626,0,0.4605,537.0,460.3,762.2,666.8
1112,2385,0,0.4775,1488.3,615.0,1689.0,942.4
1112,2631,0,0.8709,24.0,94.8,93.6,665.7
1112,2443,0,0.3754,1648.8,299.0,1846.8,661.6
1112,2426,0,0.6144,1044.5,621.3,1235.0,957.5
1113,747,0,0.9391,569.8,108.9,1083.8,1065.5
1113,2589,0,0.7536,560.3,657.6,723.4,1016.4
1113,2612,0,0.8053,553.9,31.8,739.7,313.1
1113,2619,0,0.6455,180.6,671.7,284.3,962.2
1113,2520,0,0.8417,342.2,553.4,552.8,1011.3
1113,2595,0,0.6499,1257.4,616.2,1485.9,952.5
1113,2385,0,0.4529,1554.8,616.8,1760.9,945.6
1113,2631,0,0.8075,63.8,96.8,135.1,666.9
1113,2443,0,0.4475,1708.9,299.7,1908.5,664.3
1113,2426,0,0.4982,1092.8,621.9,1290.6,960.8
1113,2635,0,0.4873,27.7,569.2,314.0,872.2
1113,2533,0,0.4935,955.7,589.6,1178.5,961.1
1113,2530,0,0.4813,1825.5,644.2,1920.0,989.3
1114,747,0,0.9379,588.7,108.1,1087.1,1065.4
1114,2589,0,0.419,589.2,661.4,760.5,1040.2
1114,2612,0,0.631,631.7,31.8,786.5,266.3
1114,2619,0,0.6581,242.2,675.8,352.2,965.1
1114,2520,0,0.8439,396.7,556.2,612.2,1015.7
1114,2595,0,0.6872,1325.3,619.6,1554.1,956.9
1114,2385,0,0.5071,1599.6,619.8,1816.0,949.7
1114,2631,0,0.7859,50.4,109.0,114.1,597.9
1114,2443,0,0.4199,1757.1,301.7,1920.0,663.4
1114,2426,0,0.4475,1164.8,625.7,1361.6,962.5
1114,2635,0,0.7403,0.0,563.8,287.0,942.7
1114,2533,0,0.5235,1011.7,587.5,1239.8,965.5
1114,2531,0,0.6193,827.9,25.8,1002.4,382.8
1115,747,0,0.9346,601.5,104.1,1088.1,1066.6
1115,2619,0,0.4536,307.6,681.4,423.8,967.9
1115,2595,0,0.7269,1394.0,623.2,1623.8,962.1
1115,2385,0,0.6178,1656.3,622.6,1882.2,955.0
1115,2631,0,0.7959,69.0,114.4,135.8,585.2
1115,2426,0,0.4482,1228.9,631.3,1427.2,966.8
1115,2635,0,0.8332,0.0,564.8,299.5,971.8
1115,2533,0,0.5768,1072.4,588.2,1303.4,970.0
1115,2642,0,0.7935,146.1,102.2,307.9,673.3
1115,2643,0,0.7554,1004.8,566.8,1116.1,972.9
1115,2531,0,0.688,868.0,23.3,1046.3,382.5
1115,2587,0,0.8427,436.4,561.7,740.7,1025.9
1116,747,0,0.9187,592.8,93.0,1075.8,1064.4
1116,2619,0,0.576,368.1,685.1,492.4,971.6
1116,2595,0,0.7661,1467.5,627.1,1699.5,967.4
1116,2385,0,0.6794,1709.3,627.6,1920.0,959.5
1116,2426,0,0.5661,1300.7,635.4,1500.0,972.3
1116,2635,0,0.792,0.0,567.3,339.4,983.6
1116,2533,0,0.622,1142.8,598.5,1370.7,977.6
1116,2642,0,0.6638,109.2,113.5,250.8,606.0
1116,2643,0,0.8823,1039.7,568.8,1154.2,979.4
1116,2531,0,0.7908,914.1,25.1,1099.4,386.2
1116,2587,0,0.8869,475.9,565.8,770.7,1027.6
1116,2597,0,0.6461,333.1,579.1,405.7,882.8
1117,747,0,0.8925,576.3,84.8,1062.2,1065.1
1117,2619,0,0.7159,428.2,686.4,560.6,974.1
1117,2595,0,0.7539,1537.5,630.2,1771.6,971.9
1117,2426,0,0.577,1371.4,637.9,1571.5,976.2
1117,2635,0,0.7056,18.9,571.4,397.4,989.2
1117,2533,0,0.6203,1207.1,599.6,1436.8,981.7
1117,2642,0,0.7307,151.0,118.8,287.5,584.2
1117,2643,0,0.8558,1088.1,572.0,1208.7,990.7
1117,2531,0,0.7666,971.6,26.6,1162.9,387.7
1117,2587,0,0.5748,535.9,570.9,784.0,972.0
1117,2597,0,0.6976,385.9,583.2,470.4,881.9
1117,2544,0,0.7504,250.9,106.9,484.5,678.4
1118,747,0,0.912,578.3,80.4,1076.6,1064.6
1118,2619,0,0.4783,489.0,691.7,625.9,974.6
1118,2595,0,0.7495,1609.8,634.1,1845.8,976.9
1118,2426,0,0.4762,1442.2,641.8,1642.6,980.3
1118,2635,0,0.6892,107.4,575.8,483.5,993.7
1118,2533,0,0.4841,1306.9,607.4,1545.0,986.8
1118,2642,0,0.7545,214.0,122.0,353.8,586.9
1118,2643,0,0.8477,1152.0,575.5,1276.9,992.1
1118,2531,0,0.6543,973.0,34.3,1173.6,391.0
1118,2597,0,0.6663,441.3,586.7,537.0,882.7
1118,2544,0,0.7825,298.9,111.8,524.2,691.6
1118,2456,0,0.5224,1692.0,287.0,1920.0,679.4
1119,747,0,0.917,560.1,83.4,1067.1,1064.8
1119,2595,0,0.8212,1676.5,638.2,1913.5,982.8
1119,2426,0,0.5038,1511.4,646.9,1713.1,986.1
1119,2635,0,0.7593,170.6,580.0,538.9,995.9
1119,2533,0,0.4249,1359.7,613.8,1596.3,992.1
1119,2642,0,0.7668,279.1,125.8,423.4,592.6
1119,2643,0,0.8475,1217.5,580.0,1349.4,1000.8
1119,2531,0,0.7102,1009.7,39.6,1220.1,395.3
1119,2544,0,0.786,364.1,116.4,581.4,699.3
1119,2660,0,0.7321,1091.0,26.7,1333.5,395.1
1119,2456,0,0.3099,1739.2,289.6,1920.0,680.5
1120,747,0,0.9359,560.7,93.2,1075.7,1066.3
1120,2595,0,0.8641,1725.8,643.0,1920.0,988.4
1120,2426,0,0.4881,1580.4,651.0,1783.1,991.4
1120,2635,0,0.7938,227.5,583.2,586.6,998.5
1120,2533,0,0.6188,1420.5,617.2,1656.9,996.5
1120,2642,0,0.7619,345.2,128.2,494.4,596.3
1120,2643,0,0.8564,1281.7,583.5,1422.6,1012.8
1120,2531,0,0.7114,1066.4,44.2,1285.7,399.3
1120,2544,0,0.7516,433.3,119.2,643.6,702.6
1120,2660,0,0.6955,1150.4,25.6,1394.6,397.1
1120,2664,0,0.4184,0.0,544.4,161.8,999.0
1120,2498,0,0.6563,1072.5,576.2,1265.2,1049.2
1120,2520,0,0.3284,546.4,592.4,745.5,992.6
1121,747,0,0.9269,559.1,103.2,1083.5,1065.9
1121,2426,0,0.576,1649.9,653.0,1854.9,996.2
1121,2635,0,0.7023,293.1,585.7,642.3,1000.0
1121,2533,0,0.6261,1488.0,621.9,1722.5,999.7
1121,2642,0,0.7699,410.5,130.1,564.2,596.4
1121,2643,0,0.8709,1344.4,585.5,1497.1,1031.7
1121,2531,0,0.6409,1127.1,44.1,1355.6,401.2
1121,2544,0,0.52,503.4,121.6,709.4,706.6
1121,2660,0,0.6583,1219.9,26.4,1464.1,398.4
1121,2664,0,0.4241,23.2,584.5,175.1,1002.1
1121,2666,0,0.5765,27.9,206.7,187.5,559.3
1121,2498,0,0.8824,1121.0,646.0,1308.4,1055.8
1121,2520,0,0.3799,592.4,596.8,796.8,992.5
1121,2530,0,0.6343,1826.1,643.7,1920.0,991.8
1122,747,0,0.9545,560.8,117.1,1093.3,1067.0
1122,2426,0,0.6377,1713.0,654.8,1919.0,1000.8
1122,2635,0,0.4745,394.5,587.2,742.5,1001.4
1122,2533,0,0.5964,1550.6,623.0,1787.5,1008.0
1122,2642,0,0.8169,475.0,130.8,633.1,594.3
1122,2643,0,0.8915,1409.5,586.8,1572.7,1045.2
1122,2531,0,0.5596,1190.1,42.6,1427.6,403.3
1122,2544,0,0.6279,574.3,122.0,774.8,706.4
1122,2660,0,0.6804,1294.9,26.9,1539.6,400.3
1122,2664,0,0.5301,55.4,561.2,220.9,1006.8
1122,2666,0,0.6374,70.0,206.7,229.2,554.0
1122,2498,0,0.8742,1181.0,676.2,1371.2,1059.6
1123,747,0,0.9545,559.7,125.4,1102.6,1068.4
1123,2635,0,0.3791,459.1,588.2,801.9,1002.3
1123,2533,0,0.645,1619.7,625.3,1853.4,1007.4
1123,2642,0,0.797,534.1,130.3,698.4,599.2
1123,2643,0,0.8668,1478.1,587.9,1644.2,1034.4
1123,2531,0,0.4821,1254.4,39.2,1500.0,404.3
1123,2660,0,0.66,1367.4,29.7,1611.2,401.8
1123,2664,0,0.5888,111.4,552.5,284.5,1008.7
1123,2666,0,0.6942,135.5,208.1,295.2,549.7
1123,2498,0,0.8519,1245.3,687.4,1442.4,1062.9
1123,2530,0,0.3707,1811.6,656.1,1911.4,1002.7
1124,747,0,0.9276,555.8,127.1,1108.7,1067.3
1124,2635,0,0.5983,520.4,588.6,854.5,1000.5
1124,2533,0,0.6743,1689.1,630.1,1918.7,1009.2
1124,2642,0,0.7962,596.9,129.7,765.9,598.9
1124,2643,0,0.889,1545.3,588.3,1718.0,1033.5
1124,2531,0,0.4674,1304.2,39.0,1545.0,398.4
1124,2660,0,0.6983,1437.2,28.1,1682.9,403.4
1124,2664,0,0.6087,172.9,550.9,351.2,1010.0
1124,2666,0,0.6588,199.1,205.1,370.0,563.1
1124,2498,0,0.8537,1311.0,691.2,1516.0,1065.9
1124,2673,0,0.481,31.5,167.6,205.6,508.7
1124,2589,0,0.4164,1105.2,615.6,1316.4,1061.3
1125,747,0,0.9038,561.3,125.8,1121.5,1067.3
1125,2643,0,0.8711,1613.9,587.2,1791.9,1026.8
1125,2531,0,0.5255,1385.1,37.3,1634.4,401.6
1125,2660,0,0.6564,1509.6,27.0,1756.1,402.9
1125,2664,0,0.7516,238.3,548.3,422.0,1010.7
1125,2666,0,0.6018,265.8,204.3,442.5,565.6
1125,2498,0,0.8494,1380.7,692.8,1592.7,1067.2
1125,2673,0,0.53,84.3,166.8,259.1,507.7
1125,2589,0,0.7365,1130.0,597.2,1355.4,1062.2
1125,2530,0,0.6679,1794.4,636.2,1906.8,1009.1
1126,747,0,0.9448,585.7,118.7,1150.3,1065.8
1126,2643,0,0.8732,1684.5,586.8,1870.2,1028.2
1126,2531,0,0.5404,1445.4,33.5,1685.0,383.9
1126,2660,0,0.7157,1581.6,25.5,1825.4,397.0
1126,2664,0,0.5679,307.1,546.7,495.4,1009.0
1126,2666,0,0.6515,332.6,203.0,514.9,566.0
1126,2498,0,0.8476,1452.5,692.0,1671.2,1067.8
1126,2673,0,0.4677,155.4,164.3,330.0,502.6
1126,2589,0,0.759,1185.4,588.4,1418.1,1062.0
1126,2679,0,0.4833,25.7,312.0,224.3,645.3
1127,747,0,0.9057,616.4,115.3,1179.8,1065.9
1127,2643,0,0.8962,1733.4,585.9,1920.0,1033.6
1127,2531,0,0.6041,1514.0,29.8,1755.0,383.0
1127,2660,0,0.7103,1654.7,23.5,1897.5,393.3
1127,2664,0,0.5336,375.7,546.3,568.1,1007.7
1127,2666,0,0.6097,397.4,190.2,588.2,561.2
1127,2498,0,0.8707,1524.8,691.5,1749.5,1068.6
1127,2673,0,0.4564,224.5,162.1,400.9,501.4
1127,2589,0,0.7868,1250.0,586.2,1486.5,1063.2
1127,2679,0,0.5295,60.2,310.5,262.1,645.5
1127,2685,0,0.4744,26.9,311.3,327.2,1014.4
1128,747,0,0.9175,662.7,108.1,1220.8,1069.6
1128,2531,0,0.6804,1593.8,26.8,1866.8,421.7
1128,2660,0,0.7651,1710.8,21.2,1920.0,386.3
1128,2664,0,0.4822,446.7,546.2,621.5,948.8
1128,2666,0,0.6309,459.8,196.0,655.1,565.8
1128,2498,0,0.8426,1595.2,693.8,1825.2,1072.0
1128,2673,0,0.3819,293.7,161.3,470.0,499.8
1128,2589,0,0.7894,1318.7,585.9,1560.7,1065.6
1128,2679,0,0.5834,121.2,310.0,326.7,646.3
1128,2685,0,0.708,100.5,521.5,319.1,1020.3
1128,2585,0,0.8032,971.3,110.1,1200.9,611.3
1128,2530,0,0.8502,1786.6,599.5,1920.0,1057.1
1129,747,0,0.9301,691.5,102.3,1239.4,1063.8
1129,2531,0,0.8424,1652.8,25.3,1920.0,414.3
1129,2660,0,0.7176,1762.4,19.5,1920.0,357.0
1129,2664,0,0.444,500.9,548.8,697.1,991.8
1129,2666,0,0.6656,516.5,188.0,722.3,569.8
1129,2498,0,0.844,1663.3,696.2,1896.2,1072.6
1129,2673,0,0.3814,355.2,161.2,532.7,500.8
1129,2589,0,0.7094,1380.4,587.1,1624.4,1066.8
1129,2679,0,0.6034,183.4,310.2,393.6,647.8
1129,2685,0,0.784,137.8,543.3,356.1,1023.4
1129,2585,0,0.6447,962.5,113.3,1162.0,555.6
1129,2559,0,0.5294,1116.1,597.0,1366.7,903.5
1130,747,0,0.9293,706.9,92.3,1245.7,1054.9
1130,2531,0,0.8482,1703.2,23.8,1920.0,390.4
1130,2664,0,0.4643,555.1,550.1,760.7,1006.4
1130,2666,0,0.6788,575.9,194.9,779.1,562.3
1130,2498,0,0.9,1712.1,696.8,1920.0,1071.4
1130,2673,0,0.306,412.1,161.4,590.2,500.6
1130,2589,0,0.7944,1444.3,587.9,1691.5,1068.1
1130,2679,0,0.5249,245.1,310.9,461.1,650.0
1130,2685,0,0.6232,199.9,597.2,406.1,1027.1
1130,2585,0,0.8119,977.3,116.4,1192.4,604.3
1130,2691,0,0.8268,1132.0,108.8,1305.0,699.0
1130,2692,0,0.6486,21.9,337.4,152.0,635.6
1130,2559,0,0.7598,1123.2,599.7,1415.1,976.0
1131,747,0,0.9199,716.3,86.8,1251.5,1059.6
1131,2531,0,0.8655,1748.8,23.3,1920.0,361.1
1131,2664,0,0.3166,607.4,551.2,819.8,1014.7
1131,2666,0,0.6766,629.7,196.2,842.5,572.3
1131,2673,0,0.4004,467.8,162.2,647.3,503.6
1131,2589,0,0.7987,1507.0,591.2,1756.9,1069.6
1131,2679,0,0.5644,298.6,311.3,522.0,653.4
1131,2585,0,0.8172,996.6,115.9,1234.5,662.7
1131,2691,0,0.8165,1185.4,107.8,1359.7,703.0
1131,2692,0,0.6386,48.2,336.9,185.9,648.5
1131,2559,0,0.6803,1194.2,602.3,1451.7,941.5
1131,2694,0,0.8602,17.6,441.7,126.1,1061.4
1131,2530,0,0.4375,1800.9,771.6,1899.8,1068.8
1132,747,0,0.9235,730.1,85.7,1260.9,1062.9
1132,2666,0,0.556,664.1,175.8,902.2,596.1
1132,2673,0,0.4808,520.3,162.6,702.4,508.6
1132,2589,0,0.8247,1564.9,593.7,1817.5,1071.6
1132,2679,0,0.7277,348.0,312.2,578.7,656.9
1132,2585,0,0.4736,1039.4,116.1,1284.9,688.4
1132,2691,0,0.8073,1243.7,108.5,1418.7,706.4
1132,2692,0,0.701,95.2,338.1,237.6,654.6
1132,2559,0,0.7461,1261.5,603.6,1500.4,923.8
1132,2694,0,0.844,37.2,402.1,154.3,1061.8
1132,2698,0,0.552,170.9,613.1,649.7,1031.4
1133,747,0,0.9312,748.5,90.7,1278.1,1065.3
1133,2673,0,0.5551,573.1,162.5,756.8,509.8
1133,2589,0,0.8531,1623.3,595.1,1878.8,1072.6
1133,2679,0,0.7276,396.5,312.9,633.5,659.0
1133,2585,0,0.723,1097.3,115.2,1334.0,667.9
1133,2691,0,0.8077,1303.2,107.8,1478.5,707.7
1133,2692,0,0.6289,144.0,337.8,292.0,659.5
1133,2559,0,0.6508,1322.6,603.7,1555.1,919.3
1133,2694,0,0.8252,59.3,345.3,190.2,1061.8
1133,2698,0,0.3119,227.7,615.4,705.3,1033.0
1133,2699,0,0.4496,1155.4,593.0,1392.7,1012.4
1133,2703,0,0.5069,1382.1,711.3,1669.9,1021.2
1133,2704,0,0.6282,18.9,220.0,118.6,437.7
1134,747,0,0.9295,758.0,98.5,1287.4,1068.4
1134,2589,0,0.9055,1670.0,595.6,1920.0,1073.4
1134,2679,0,0.7404,443.5,312.7,686.8,660.1
1134,2585,0,0.6443,1153.9,114.7,1390.7,669.7
1134,2691,0,0.7795,1359.9,105.3,1536.3,708.1
1134,2692,0,0.602,193.9,336.9,345.5,657.7
1134,2559,0,0.6908,1383.8,602.9,1615.4,919.2
1134,2694,0,0.8292,78.6,277.7,228.2,1063.0
1134,2698,0,0.411,200.5,552.4,754.2,1036.8
1134,2699,0,0.5675,1219.5,593.4,1459.1,1014.8
1134,2703,0,0.5274,1426.9,721.0,1705.9,1021.8
1134,2704,0,0.62,55.4,217.2,158.1,438.7
1135,747,0,0.9291,760.5,106.6,1289.8,1069.4
1135,2589,0,0.6166,1705.9,595.2,1920.0,1071.2
1135,2679,0,0.7132,488.8,312.3,738.8,661.6
1135,2585,0,0.6244,1212.1,113.8,1438.7,642.9
1135,2691,0,0.8269,1416.8,102.8,1594.4,708.7
1135,2692,0,0.5146,240.9,335.3,397.9,658.2
1135,2559,0,0.7478,1440.8,603.2,1671.1,918.7
1135,2694,0,0.8769,96.8,253.5,260.8,1064.7
1135,2698,0,0.6932,229.9,530.2,809.8,1037.8
1135,2699,0,0.8516,1265.5,593.8,1509.7,1018.1
1135,2703,0,0.4525,1485.6,725.9,1770.9,1034.2
1135,2704,0,0.6292,103.0,215.4,210.0,442.3
1135,2673,0,0.3722,689.1,226.8,851.9,522.8
1136,747,0,0.9492,748.0,115.3,1274.6,1069.3
1136,2589,0,0.8466,1736.9,596.0,1920.0,1073.2
1136,2679,0,0.7561,535.4,312.4,791.2,662.5
1136,2585,0,0.6526,1267.2,113.2,1489.5,629.7
1136,2691,0,0.8272,1467.1,102.5,1646.4,710.4
1136,2692,0,0.5729,286.8,333.8,439.5,637.2
1136,2559,0,0.7105,1491.6,603.0,1722.5,920.8
1136,2694,0,0.7279,104.4,137.4,299.5,1049.0
1136,2698,0,0.7172,248.5,527.8,829.4,1039.3
1136,2699,0,0.7343,1308.2,594.5,1557.5,1020.6
1136,2703,0,0.5536,1543.8,729.9,1824.7,1033.5
1136,2704,0,0.6325,147.8,214.7,259.3,446.2
1137,747,0,0.9527,727.2,123.5,1247.9,1069.1
1137,2589,0,0.7538,1767.3,597.2,1920.0,1073.0
1137,2679,0,0.7404,565.4,312.0,824.9,663.7
1137,2585,0,0.7855,1316.8,112.6,1535.6,617.8
1137,2691,0,0.8433,1514.1,101.5,1695.5,712.1
1137,2692,0,0.5685,330.2,331.8,483.3,626.1
1137,2559,0,0.715,1540.0,603.5,1771.5,923.8
1137,2694,0,0.7965,112.4,92.9,332.4,1056.1
1137,2698,0,0.7712,284.8,526.7,865.4,1041.2
1137,2699,0,0.8178,1348.7,595.8,1604.3,1023.9
1137,2703,0,0.571,1589.4,733.6,1888.3,1057.2
1137,2704,0,0.6297,190.9,215.2,306.5,449.3
1137,2666,0,0.5269,954.6,169.2,1159.3,529.3
1138,747,0,0.9543,712.5,130.7,1229.0,1069.9
1138,2679,0,0.6018,592.3,312.7,851.9,664.5
1138,2585,0,0.7971,1363.5,112.2,1583.9,618.7
1138,2691,0,0.8643,1559.8,101.5,1743.0,714.0
1138,2692,0,0.6321,370.4,331.3,528.6,625.9
1138,2559,0,0.7248,1587.2,605.0,1817.3,925.4
1138,2694,0,0.9401,121.8,78.4,363.3,1060.7
1138,2698,0,0.5384,316.0,536.3,882.2,1044.0
1138,2699,0,0.8656,1395.1,597.6,1658.3,1029.5
1138,2703,0,0.5668,1639.2,731.9,1920.0,1044.5
1138,2704,0,0.617,231.0,215.4,350.1,450.8
1138,2666,0,0.7389,993.9,190.2,1195.7,540.2
1139,747,0,0.9427,700.9,131.8,1215.8,1067.1
1139,2585,0,0.8295,1410.1,111.8,1632.0,620.0
1139,2691,0,0.8396,1603.7,100.4,1789.8,716.6
1139,2692,0,0.6133,408.6,331.4,578.7,641.1
1139,2559,0,0.6871,1636.8,606.6,1867.9,929.3
1139,2694,0,0.9407,131.3,75.4,394.6,1063.3
1139,2698,0,0.4836,380.7,567.2,903.2,1047.6
1139,2699,0,0.8517,1439.7,598.2,1711.1,1034.6
1139,2703,0,0.6453,1676.9,738.3,1920.0,1034.2
1139,2704,0,0.6525,272.1,215.6,395.7,453.4
1139,2666,0,0.7119,1022.5,197.0,1232.0,560.8
1139,2635,0,0.4227,1182.6,642.8,1490.8,1031.8
1140,747,0,0.9454,690.3,131.5,1205.5,1066.9
1140,2585,0,0.7985,1456.9,111.3,1680.9,623.8
1140,2691,0,0.837,1649.8,99.7,1838.9,718.4
1140,2692,0,0.6595,453.3,332.0,623.3,633.0
1140,2559,0,0.7722,1686.7,607.6,1917.8,931.5
1140,2694,0,0.9293,140.5,73.6,426.8,1063.9
1140,2698,0,0.425,418.7,571.2,923.0,1051.0
1140,2699,0,0.8699,1484.9,599.9,1763.3,1037.3
1140,2704,0,0.678,316.4,215.4,443.6,454.2
1140,2666,0,0.6874,1056.2,198.7,1275.7,581.1
1140,2635,0,0.3799,1233.0,644.8,1535.9,1036.4
1140,2619,0,0.4304,1756.7,736.8,1906.5,1030.7
1140,2673,0,0.5593,943.7,167.5,1102.7,450.4
1141,747,0,0.9061,660.3,130.7,1168.0,1067.3
1141,2585,0,0.748,1506.3,110.2,1732.2,626.2
1141,2691,0,0.8253,1695.2,98.2,1887.5,720.0
1141,2692,0,0.5444,498.3,332.1,671.7,631.7
1141,2559,0,0.7165,1724.6,610.1,1920.0,933.7
1141,2694,0,0.9318,171.3,72.6,478.4,1064.8
1141,2699,0,0.8783,1531.3,600.9,1817.8,1041.0
1141,2704,0,0.708,361.5,215.6,487.5,444.9
1141,2666,0,0.69,1090.9,199.3,1311.1,579.0
1141,2721,0,0.4302,14.3,262.6,149.6,621.0
1141,2619,0,0.4556,1795.9,745.6,1920.0,1032.8
1141,2673,0,0.3271,966.4,161.6,1148.7,481.3
1141,2587,0,0.3942,1070.5,561.1,1347.1,1045.8
1142,747,0,0.934,671.8,125.5,1180.9,1066.8
1142,2585,0,0.7927,1557.5,109.3,1783.8,625.4
1142,2691,0,0.8219,1735.8,96.7,1920.0,719.9
1142,2692,0,0.4262,540.9,331.7,725.6,646.4
1142,2559,0,0.5766,1741.2,615.7,1920.0,998.2
1142,2694,0,0.917,206.2,65.1,534.6,1065.0
1142,2699,0,0.8743,1579.0,601.9,1873.1,1044.1
1142,2704,0,0.6881,410.6,215.9,535.3,435.3
1142,2666,0,0.6609,1132.5,198.9,1355.3,579.1
1142,2673,0,0.589,1001.5,159.2,1195.9,499.8
1142,2725,0,0.7918,9.6,499.7,91.9,1050.9
1142,2587,0,0.6508,1094.7,561.0,1369.5,1047.3
1142,2635,0,0.3194,1331.5,648.0,1631.3,1042.6
1143,747,0,0.9447,679.1,117.7,1189.6,1065.4
1143,2585,0,0.8175,1609.9,107.1,1837.2,624.7
1143,2691,0,0.8279,1770.8,96.0,1920.0,722.2
1143,2692,0,0.379,578.8,331.2,785.8,683.5
1143,2694,0,0.9322,245.7,43.3,593.3,1047.7
1143,2699,0,0.8954,1615.2,602.6,1911.4,1045.1
1143,2704,0,0.6843,460.3,215.4,580.6,417.9
1143,2666,0,0.546,1176.3,188.6,1406.5,578.2
1143,2673,0,0.6399,1042.1,158.4,1243.0,510.7
1143,2725,0,0.8477,26.1,497.9,110.4,1053.2
1143,2587,0,0.7355,1138.1,561.8,1410.5,1049.7
1143,2635,0,0.3571,1385.7,646.2,1684.9,1045.3
1143,2721,0,0.6593,21.1,238.5,170.1,629.7
1144,747,0,0.9515,678.5,106.2,1193.1,1063.8
1144,2585,0,0.8036,1661.1,105.7,1889.3,624.9
1144,2691,0,0.4675,1799.2,100.4,1920.0,722.7
1144,2692,0,0.5888,615.4,331.3,826.4,694.5
1144,2694,0,0.9331,283.8,30.6,650.4,1038.3
1144,2699,0,0.8792,1646.0,603.3,1920.0,1046.6
1144,2704,0,0.6217,509.2,214.7,626.1,402.6
1144,2666,0,0.5962,1225.4,184.9,1462.1,581.8
1144,2673,0,0.6639,1088.3,157.9,1289.7,510.9
1144,2725,0,0.9193,46.2,500.1,134.9,1065.4
1144,2587,0,0.6645,1181.6,563.1,1454.2,1052.5
1144,2635,0,0.3557,1436.6,645.5,1735.9,1048.4
1144,2721,0,0.6735,42.3,234.7,200.5,640.0
1145,747,0,0.9361,687.1,99.1,1203.6,1064.7
1145,2585,0,0.8815,1704.9,104.5,1920.0,624.2
1145,2692,0,0.4097,653.5,333.0,858.1,693.8
1145,2694,0,0.9112,320.8,27.7,703.2,1031.4
1145,2699,0,0.8886,1676.4,604.6,1920.0,1048.5
1145,2704,0,0.6102,555.2,214.2,672.9,395.2
1145,2666,0,0.6232,1273.0,179.2,1514.1,582.5
1145,2673,0,0.7192,1137.2,157.5,1337.1,506.7
1145,2725,0,0.9209,64.8,504.4,158.9,1071.4
1145,2587,0,0.5205,1231.1,564.6,1503.3,1055.0
1145,2635,0,0.4816,1487.9,648.2,1785.9,1052.1
1145,2721,0,0.6693,55.9,233.3,224.3,651.0
1146,747,0,0.9349,693.9,89.4,1212.8,1064.7
1146,2585,0,0.8587,1739.7,103.4,1920.0,624.2
1146,2694,0,0.8995,357.9,32.3,763.6,1051.9
1146,2699,0,0.8108,1708.4,606.5,1920.0,1049.0
1146,2704,0,0.4228,592.4,213.8,718.4,403.7
1146,2666,0,0.5785,1325.4,185.7,1565.2,583.3
1146,2673,0,0.4939,1185.1,157.8,1386.5,508.8
1146,2725,0,0.9076,85.1,509.6,186.0,1072.7
1146,2587,0,0.3946,1281.6,566.3,1553.5,1058.2
1146,2635,0,0.3759,1539.2,648.0,1837.0,1055.0
1146,2721,0,0.6329,80.2,232.6,266.7,685.0
1146,2679,0,0.6137,1025.2,312.7,1334.1,734.1
1147,747,0,0.9375,700.0,85.5,1217.4,1064.6
1147,2585,0,0.8336,1772.5,102.5,1920.0,623.1
1147,2694,0,0.9271,393.5,32.2,813.1,1041.6
1147,2699,0,0.6602,1742.6,612.2,1920.0,1047.8
1147,2704,0,0.5505,630.0,212.2,750.6,390.9
1147,2666,0,0.6401,1375.0,188.0,1614.0,581.7
1147,2673,0,0.6743,1232.5,154.7,1435.7,508.2
1147,2725,0,0.8782,103.5,513.0,214.0,1073.2
1147,2587,0,0.3424,1330.4,563.1,1603.7,1058.7
1147,2635,0,0.4132,1590.1,646.0,1888.9,1056.5
1147,2721,0,0.4109,134.1,232.2,339.9,712.1
1147,2679,0,0.5689,1068.6,311.8,1381.5,737.7
1147,2597,0,0.4279,1519.0,546.6,1631.5,856.9
1148,747,0,0.9282,703.3,84.7,1217.0,1064.9
1148,2694,0,0.9337,426.1,48.4,864.0,1057.2
1148,2704,0,0.3737,660.7,210.4,772.5,377.1
1148,2666,0,0.6404,1419.7,163.8,1673.0,580.7
1148,2673,0,0.6455,1280.8,150.6,1484.5,504.9
1148,2725,0,0.9102,114.1,514.6,237.8,1073.3
1148,2587,0,0.4479,1377.9,560.7,1652.4,1058.4
1148,2721,0,0.646,183.0,230.0,397.5,711.1
1148,2679,0,0.6427,1099.6,309.1,1421.0,739.0
1148,2739,0,0.4026,18.0,134.3,187.7,709.5
1148,2740,0,0.629,316.1,505.1,548.2,1068.0
1148,2597,0,0.4376,1560.4,544.6,1680.7,857.6
1149,747,0,0.9022,683.7,89.2,1184.4,1064.5
1149,2694,0,0.9029,463.0,72.7,915.4,1065.0
1149,2666,0,0.5861,1466.1,156.0,1724.8,582.0
1149,2673,0,0.6141,1327.9,147.7,1532.7,503.8
1149,2725,0,0.917,133.2,517.3,271.2,1072.8
1149,2587,0,0.4448,1424.9,559.1,1700.9,1058.5
1149,2721,0,0.4003,204.9,227.0,468.7,814.6
1149,2679,0,0.6552,1131.4,306.1,1431.0,696.7
1149,2739,0,0.5861,65.4,133.1,202.5,590.0
1149,2597,0,0.3906,1605.1,542.9,1730.9,856.7
1149,2744,0,0.8276,13.7,544.7,110.3,1071.0
1149,2747,0,0.5776,227.6,49.6,364.1,289.4
1150,2694,0,0.9082,509.3,87.4,983.4,1066.9
1150,2666,0,0.5918,1512.4,158.5,1774.5,588.7
1150,2673,0,0.4367,1375.2,146.5,1579.7,500.1
1150,2725,0,0.9221,152.1,518.0,305.2,1073.3
1150,2587,0,0.3258,1468.6,556.7,1747.0,1058.4
1150,2721,0,0.4346,229.0,224.2,514.0,858.7
1150,2679,0,0.7984,1169.6,304.6,1462.2,679.3
1150,2739,0,0.7929,114.3,130.5,243.2,550.6
1150,2597,0,0.4409,1649.7,541.7,1781.0,860.5
1150,2744,0,0.8357,29.6,545.5,126.7,1067.0
1150,2747,0,0.5976,268.2,48.8,394.8,271.1
1151,2666,0,0.691,1554.2,151.5,1823.9,593.8
1151,2673,0,0.6227,1416.3,145.7,1622.7,501.6
1151,2725,0,0.922,172.0,516.5,340.6,1072.8
1151,2587,0,0.3238,1509.9,559.1,1789.7,1060.8
1151,2721,0,0.5978,257.1,223.2,546.8,870.3
1151,2679,0,0.8016,1206.3,304.4,1500.5,674.4
1151,2739,0,0.7751,154.5,130.6,284.2,541.2
1151,2597,0,0.4047,1691.6,541.8,1827.6,865.2
1151,2744,0,0.7483,47.7,546.0,147.9,1068.3
1151,2747,0,0.7051,308.5,49.7,434.1,270.0
1151,747,0,0.9243,678.5,106.1,1164.2,1064.2
1152,2666,0,0.6998,1598.5,165.3,1863.8,597.0
1152,2673,0,0.5453,1456.5,144.7,1666.2,504.5
1152,2725,0,0.9238,190.2,515.1,374.5,1073.3
1152,2587,0,0.4378,1549.3,561.4,1831.1,1064.2
1152,2721,0,0.428,297.6,223.3,559.2,804.6
1152,2679,0,0.8323,1241.8,305.0,1540.0,674.2
1152,2739,0,0.7783,189.3,130.8,323.0,540.8
1152,2597,0,0.3593,1732.6,542.9,1871.8,866.3
1152,2744,0,0.8459,64.0,548.7,168.0,1069.5
1152,2747,0,0.6994,347.6,51.9,474.4,274.2
1152,747,0,0.909,590.1,140.7,1087.4,1066.7
1152,2544,0,0.9037,1204.8,576.3,1475.6,1065.2
1152,2692,0,0.4492,1000.6,328.8,1167.7,613.6
1153,2666,0,0.6867,1635.1,174.5,1898.8,602.1
1153,2725,0,0.9275,206.1,510.6,406.3,1073.1
1153,2587,0,0.4848,1584.4,563.0,1867.8,1065.9
1153,2721,0,0.6995,328.5,223.8,575.4,773.5
1153,2679,0,0.8089,1276.4,305.3,1579.3,675.6
1153,2739,0,0.7466,218.4,130.9,356.8,541.0
1153,2597,0,0.3282,1769.5,543.9,1910.8,866.5
1153,2744,0,0.7164,87.1,551.6,194.7,1069.1
1153,2747,0,0.7198,385.3,54.4,515.4,281.3
1153,747,0,0.9168,577.7,174.1,1087.3,1068.5
1153,2544,0,0.9115,1201.7,582.1,1532.0,1068.2
1153,2692,0,0.5925,1035.5,328.9,1195.2,592.4
1154,2666,0,0.838,1665.4,179.8,1920.0,607.4
1154,2725,0,0.9253,220.6,505.6,436.9,1073.8
1154,2587,0,0.485,1617.9,566.3,1901.9,1068.0
1154,2721,0,0.3095,360.7,224.8,601.3,759.7
1154,2679,0,0.8111,1310.0,305.1,1616.7,676.7
1154,2739,0,0.6656,247.1,130.2,390.0,538.5
1154,2744,0,0.524,109.2,555.2,220.0,1069.6
1154,2747,0,0.6818,418.0,57.2,549.1,284.5
1154,747,0,0.9118,586.1,212.8,1104.3,1068.8
1154,2544,0,0.8904,1204.0,584.0,1578.0,1070.4
1154,2692,0,0.6739,1064.2,331.0,1227.2,592.9
1154,2758,0,0.7839,10.1,759.4,141.7,1071.8
1155,2666,0,0.8277,1688.1,179.9,1920.0,612.7
1155,2725,0,0.9084,234.6,499.0,466.3,1073.1
1155,2587,0,0.4082,1660.2,568.2,1914.0,1007.9
1155,2721,0,0.3075,389.1,224.1,627.5,753.0
1155,2679,0,0.8037,1340.4,305.7,1651.1,677.7
1155,2739,0,0.6795,274.8,129.2,424.9,542.9
1155,2744,0,0.3322,134.6,559.8,247.5,1066.6
1155,2747,0,0.6941,452.8,59.4,581.9,281.2
1155,747,0,0.8782,604.3,241.6,1134.9,1068.5
1155,2544,0,0.8813,1219.8,579.9,1625.8,1070.7
1155,2692,0,0.7111,1078.4,332.8,1266.4,633.9
1155,2758,0,0.8665,23.6,759.3,156.3,1071.7
1155,2762,0,0.6047,917.4,206.2,1078.0,464.5
1156,2666,0,0.7157,1703.6,160.0,1920.0,616.3
1156,2725,0,0.9413,233.1,493.8,482.4,1072.2
1156,2587,0,0.3461,1685.2,570.7,1920.0,981.3
1156,2721,0,0.327,414.1,225.4,646.8,747.8
1156,2679,0,0.8064,1370.6,305.9,1685.1,678.4
1156,2739,0,0.7678,301.6,128.1,458.3,545.3
1156,2747,0,0.6646,484.7,61.1,616.8,285.8
1156,747,0,0.7924,629.1,167.6,1218.2,1067.7
1156,2544,0,0.8728,1236.6,571.6,1671.6,1071.6
1156,2692,0,0.7013,1091.6,330.3,1294.5,649.6
1156,2758,0,0.8693,38.3,761.5,172.5,1071.9
1156,2762,0,0.6753,925.2,206.6,1092.5,474.8
1156,2673,0,0.519,1611.0,144.3,1824.8,502.1
1157,2666,0,0.4651,1732.1,191.0,1920.0,623.4
1157,2725,0,0.9363,243.1,490.1,507.4,1071.7
1157,2587,0,0.3235,1706.3,573.1,1920.0,970.3
1157,2721,0,0.5214,442.4,226.7,672.5,749.7
1157,2679,0,0.812,1400.7,305.6,1719.3,679.9
1157,2739,0,0.65,328.2,127.2,490.4,544.6
1157,2747,0,0.6946,511.7,61.4,644.9,287.1
1157,747,0,0.8017,645.4,260.6,1208.5,1069.3
1157,2544,0,0.8775,1262.3,573.3,1713.1,1071.3
1157,2692,0,0.6544,1110.7,332.3,1320.8,654.6
1157,2758,0,0.8685,50.2,761.8,188.7,1072.9
1157,2762,0,0.6441,933.1,206.1,1125.1,513.1
1157,2768,0,0.6447,750.9,0.9,1086.8,336.9
1157,2769,0,0.5717,1160.4,662.9,1338.9,1060.2
1157,2673,0,0.5295,1638.5,143.8,1855.8,503.4
1158,2725,0,0.9284,260.3,490.9,536.2,1071.7
1158,2679,0,0.829,1434.0,306.2,1754.7,680.0
1158,2739,0,0.6594,357.6,126.7,527.4,547.1
1158,2747,0,0.6838,540.0,61.9,671.9,285.6
1158,747,0,0.921,664.7,172.3,1162.6,873.0
1158,2544,0,0.8775,1290.4,571.6,1755.4,1070.6
1158,2692,0,0.604,1133.7,332.6,1356.0,668.2
1158,2758,0,0.7459,61.0,762.3,205.5,1074.4
1158,2762,0,0.6205,932.6,205.6,1167.8,583.8
1158,2768,0,0.7868,760.9,1.0,1121.0,363.1
1158,2769,0,0.6469,1184.3,663.6,1363.7,1061.2
1158,2673,0,0.4382,1672.0,143.0,1896.3,508.8
1158,2698,0,0.7855,566.7,335.6,1353.9,1069.3
1159,2725,0,0.9339,283.0,491.8,568.2,1071.5
1159,2679,0,0.6709,1468.1,304.8,1790.5,678.6
1159,2739,0,0.59,387.3,124.1,564.7,549.3
1159,2747,0,0.571,570.2,60.0,704.4,288.2
1159,747,0,0.8329,676.0,150.2,1158.3,814.6
1159,2544,0,0.8744,1312.6,557.8,1801.1,1069.6
1159,2692,0,0.5982,1151.7,330.6,1407.6,720.5
1159,2758,0,0.8157,88.0,762.4,239.5,1074.7
1159,2762,0,0.7109,954.7,204.1,1231.8,651.8
1159,2768,0,0.8582,787.0,1.4,1174.6,395.6
1159,2769,0,0.6551,1221.3,663.8,1399.2,1055.2
1159,2673,0,0.5697,1699.8,140.8,1920.0,508.7
1159,2698,0,0.718,692.8,478.1,1369.3,1070.3
1160,2725,0,0.945,303.2,493.6,596.1,1071.2
1160,2679,0,0.738,1502.3,301.3,1829.9,678.4
1160,2739,0,0.7733,416.1,120.6,601.8,552.7
1160,2747,0,0.6014,601.5,56.2,739.4,291.0
1160,747,0,0.7185,610.1,294.0,1113.3,985.7
1160,2544,0,0.8542,1334.6,550.5,1839.7,1069.6
1160,2692,0,0.6337,1190.0,328.1,1437.9,703.4
1160,2758,0,0.6749,139.6,761.2,294.7,1074.4
1160,2762,0,0.7756,981.5,201.7,1271.6,670.3
1160,2768,0,0.8624,811.9,1.5,1224.0,427.3
1160,2769,0,0.6193,1253.9,662.2,1429.6,1044.7
1160,2698,0,0.685,596.4,256.8,1498.0,1069.1
1161,2725,0,0.9327,321.7,496.1,622.5,1071.9
1161,2679,0,0.7754,1536.6,298.7,1867.3,676.5
1161,2739,0,0.8459,438.9,116.3,630.0,551.7
1161,2747,0,0.6384,645.6,52.1,770.2,259.0
1161,747,0,0.8466,653.5,220.4,1057.2,756.3
1161,2544,0,0.8602,1367.3,545.9,1882.7,1068.5
1161,2692,0,0.6381,1227.5,325.2,1468.0,686.7
1161,2758,0,0.6644,175.6,759.1,334.9,1074.2
1161,2762,0,0.7571,1008.2,200.3,1302.4,672.9
1161,2768,0,0.8341,833.6,1.8,1271.0,463.2
1161,2769,0,0.6141,1284.8,660.5,1459.5,1036.0
1161,2698,0,0.7952,725.0,444.9,1469.4,1070.1
1161,2673,0,0.4886,1738.3,135.4,1920.0,520.7
1162,2725,0,0.9277,340.9,500.6,648.2,1071.0
1162,2679,0,0.7293,1570.6,296.5,1904.7,676.7
1162,2739,0,0.5643,463.6,113.0,660.0,552.6
1162,2747,0,0.7622,689.1,49.3,814.0,247.2
1162,747,0,0.8864,676.9,212.5,1024.0,654.9
1162,2544,0,0.8298,1389.8,543.4,1908.8,1068.5
1162,2692,0,0.6249,1265.1,322.7,1497.5,667.9
1162,2758,0,0.4192,206.2,757.5,370.2,1073.9
1162,2762,0,0.7725,1037.5,197.7,1334.2,671.0
1162,2768,0,0.7787,853.7,1.7,1315.9,502.1
1162,2769,0,0.6701,1316.4,658.1,1488.1,1021.2
1162,2698,0,0.7748,819.6,548.6,1476.5,1070.7
1162,2777,0,0.6025,4.3,520.1,123.0,747.2
1162,2778,0,0.6862,679.3,363.8,1007.8,1068.6
1162,2780,0,0.5387,1772.6,133.5,1920.0,992.9
1163,2725,0,0.9202,357.0,503.0,670.0,1071.1
1163,2679,0,0.7659,1595.1,293.7,1920.0,676.5
1163,2739,0,0.5337,491.0,109.7,692.2,552.6
1163,2747,0,0.6792,718.8,46.9,855.4,254.0
1163,747,0,0.7883,681.0,225.2,1006.4,622.8
1163,2544,0,0.8753,1411.6,541.5,1920.0,1068.1
1163,2692,0,0.727,1302.2,318.8,1528.0,649.7
1163,2758,0,0.5151,237.7,755.6,406.7,1073.7
1163,2762,0,0.6758,1072.1,195.1,1362.9,653.0
1163,2768,0,0.8119,891.9,1.9,1343.1,503.5
1163,2769,0,0.6789,1348.8,656.8,1518.1,1008.0
1163,2698,0,0.7741,868.1,588.9,1504.8,1070.0
1163,2777,0,0.7187,1.3,467.9,146.7,746.2
1163,2778,0,0.6202,710.6,369.7,1041.0,1070.4
1164,2725,0,0.9225,377.5,504.4,694.7,1070.5
1164,2679,0,0.7338,1617.3,290.9,1920.0,673.3
1164,2739,0,0.7957,516.9,106.0,722.4,551.6
1164,2747,0,0.6771,748.9,44.6,895.6,259.6
1164,747,0,0.6874,685.1,256.4,991.7,613.7
1164,2544,0,0.8539,1440.4,559.1,1920.0,1069.5
1164,2692,0,0.6885,1335.6,315.3,1559.8,640.2
1164,2758,0,0.6223,266.6,754.6,438.8,1070.4
1164,2762,0,0.6766,1106.9,192.4,1393.7,637.5
1164,2768,0,0.808,931.1,2.0,1367.8,501.4
1164,2769,0,0.6633,1379.6,655.7,1547.6,996.2
1164,2698,0,0.734,894.8,608.7,1533.1,1069.2
1164,2777,0,0.6633,4.5,437.7,165.9,746.0
1164,2778,0,0.7777,734.0,380.4,1064.5,1070.4
1164,2782,0,0.6243,867.6,230.6,1027.0,505.0
1164,2783,0,0.5209,1199.9,574.0,1376.4,809.1
1165,2725,0,0.9271,398.2,502.0,720.5,1071.1
1165,2679,0,0.7733,1636.9,286.7,1920.0,670.0
1165,2739,0,0.8026,544.9,101.4,754.2,549.1
1165,2747,0,0.5309,778.2,40.9,935.9,263.1
1165,747,0,0.4084,660.4,278.3,901.3,550.3
1165,2544,0,0.8909,1457.1,551.6,1920.0,1069.3
1165,2692,0,0.6292,1367.6,310.6,1592.0,632.0
1165,2758,0,0.5037,295.1,752.6,435.1,989.3
1165,2762,0,0.6988,1141.6,188.2,1424.9,622.0
1165,2768,0,0.6234,968.7,1.8,1392.3,500.8
1165,2769,0,0.6642,1408.9,652.9,1578.8,989.4
1165,2777,0,0.6776,12.2,423.2,181.9,744.9
1165,2778,0,0.8416,749.6,398.0,1077.8,1068.8
1165,2782,0,0.6627,884.6,225.9,1054.5,518.3
1165,2783,0,0.4767,1234.8,569.2,1416.9,811.8
1166,2725,0,0.9241,417.9,493.8,746.8,1071.3
1166,2679,0,0.7818,1656.5,278.0,1920.0,665.1
1166,2739,0,0.8115,578.1,94.2,786.8,532.0
1166,2747,0,0.4468,808.6,35.1,973.7,259.1
1166,2544,0,0.79,1480.7,554.1,1920.0,1070.0
1166,2692,0,0.5657,1408.9,304.2,1619.6,599.0
1166,2758,0,0.7011,304.2,745.4,440.5,958.8
1166,2762,0,0.6199,1175.0,180.3,1461.8,614.6
1166,2768,0,0.5703,995.4,1.4,1429.9,530.7
1166,2769,0,0.6246,1439.2,647.4,1614.8,987.3
1166,2777,0,0.7342,21.0,412.1,196.5,740.3
1166,2778,0,0.4963,769.2,413.3,1097.4,1068.9
1166,2782,0,0.6225,906.3,218.7,1091.3,536.7
1166,2783,0,0.3858,1272.2,561.8,1461.1,813.9
1166,2698,0,0.6273,770.8,455.9,1629.8,1068.9
1167,2725,0,0.9206,439.3,479.3,775.9,1069.9
1167,2679,0,0.7754,1678.8,266.7,1920.0,654.4
1167,2739,0,0.7169,612.0,82.4,817.4,505.5
1167,2747,0,0.3992,846.8,24.5,1010.9,239.0
1167,2544,0,0.8482,1497.0,538.7,1920.0,1068.8
1167,2692,0,0.5131,1446.7,291.3,1653.7,574.5
1167,2758,0,0.5685,326.9,735.6,461.2,934.4
1167,2762,0,0.5507,1203.1,169.8,1498.4,614.9
1167,2768,0,0.4873,1049.9,1.8,1445.2,496.6
1167,2769,0,0.5879,1469.3,637.4,1653.8,986.7
1167,2777,0,0.712,32.3,401.3,211.9,729.2
1167,2782,0,0.4481,935.0,206.6,1134.7,550.2
1167,2783,0,0.3797,1307.2,549.6,1505.5,815.3
1167,2789,0,0.6222,1006.3,473.2,1240.6,672.5
1167,2698,0,0.9026,765.9,432.1,1669.1,1070.4
1168,2725,0,0.9189,459.0,460.9,803.8,1068.6
1168,2679,0,0.6187,1700.8,252.4,1920.0,639.9
1168,2739,0,0.6675,659.3,68.0,842.7,428.5
1168,2747,0,0.4948,883.5,11.9,1046.5,217.3
1168,2544,0,0.861,1522.9,531.2,1920.0,1064.1
1168,2692,0,0.486,1488.3,276.9,1693.8,553.8
1168,2762,0,0.4873,1231.0,155.9,1534.2,608.9
1168,2768,0,0.6055,1099.8,1.8,1464.3,469.1
1168,2769,0,0.6116,1498.7,624.5,1696.0,991.2
1168,2777,0,0.7746,43.2,387.4,229.2,716.1
1168,2782,0,0.4147,961.5,191.7,1173.5,558.0
1168,2783,0,0.3344,1336.8,536.0,1547.5,820.1
1168,2789,0,0.7124,1022.5,461.6,1277.4,678.7
1168,2698,0,0.7889,786.1,434.5,1697.9,1070.9
1168,2790,0,0.3948,631.3,305.3,930.3,644.9
1168,2740,0,0.4484,373.2,717.2,532.6,1046.6
1169,2725,0,0.9056,476.0,440.9,828.4,1065.8
1169,2679,0,0.5853,1724.8,237.9,1920.0,625.4
1169,2739,0,0.6099,689.7,53.2,872.0,397.5
1169,2747,0,0.3322,915.6,4.4,1079.9,203.8
1169,2544,0,0.8177,1549.5,522.4,1920.0,1053.5
1169,2692,0,0.4224,1529.9,262.4,1734.6,537.0
1169,2762,0,0.5876,1270.1,140.3,1571.0,583.9
1169,2768,0,0.3691,1142.0,2.5,1485.0,451.2
1169,2769,0,0.6385,1525.8,610.2,1737.6,998.6
1169,2777,0,0.8467,52.6,374.2,245.8,701.7
1169,2782,0,0.3482,988.8,176.1,1206.4,553.9
1169,2783,0,0.4262,1363.1,521.2,1592.7,833.3
1169,2789,0,0.5009,1057.2,447.7,1297.1,652.1
1169,2698,0,0.9506,811.1,445.8,1717.8,1071.4
1169,2790,0,0.3448,635.8,318.3,937.6,661.2
1169,2792,0,0.6421,16.0,732.3,196.5,923.4
1169,2793,0,0.6585,0.0,36.8,204.3,399.6
1170,2725,0,0.6385,490.1,418.9,843.9,1050.8
1170,2739,0,0.6068,713.4,37.7,903.0,386.4
1170,2747,0,0.3378,947.2,0.9,1107.2,186.3
1170,2544,0,0.7894,1575.2,509.3,1920.0,1032.4
1170,2692,0,0.5097,1553.8,248.2,1760.7,522.3
1170,2762,0,0.5097,1303.4,125.5,1602.5,559.6
1170,2769,0,0.7074,1550.7,596.9,1775.1,1004.5
1170,2777,0,0.9062,61.4,361.2,262.5,685.5
1170,2783,0,0.5092,1384.6,506.2,1630.5,844.3
1170,2789,0,0.6302,1048.4,430.9,1347.4,687.3
1170,2698,0,0.9299,840.4,460.2,1740.9,1071.8
1170,2790,0,0.4626,527.8,340.1,1062.7,957.0
1170,2792,0,0.6906,36.1,720.9,220.0,915.8
1170,2793,0,0.5115,0.0,14.7,219.5,390.7
1170,2795,0,0.8318,204.8,724.0,478.7,1070.3
1170,2740,0,0.7352,409.6,690.8,600.4,1047.8
1171,2725,0,0.6935,498.3,401.1,852.8,1040.2
1171,2739,0,0.6051,724.8,23.2,929.1,394.1
1171,2747,0,0.3989,975.7,0.0,1129.7,168.6
1171,2544,0,0.7787,1596.5,493.2,1920.0,1012.0
1171,2692,0,0.5798,1572.4,235.5,1783.5,511.6
1171,2762,0,0.4513,1322.9,110.6,1630.2,553.1
1171,2769,0,0.8165,1569.8,583.4,1804.6,1006.8
1171,2777,0,0.7928,72.3,347.6,283.6,672.8
1171,2783,0,0.5183,1403.5,492.8,1660.9,851.2
1171,2789,0,0.5917,1059.4,416.9,1386.3,700.3
1171,2698,0,0.9307,861.6,470.5,1758.3,1072.0
1171,2790,0,0.7171,529.4,363.0,1124.1,1057.2
1171,2792,0,0.6865,56.9,704.8,245.8,905.5
1171,2793,0,0.5559,0.0,3.3,250.7,440.4
1171,2795,0,0.8635,169.8,705.1,466.1,1071.6
1171,2740,0,0.7254,423.2,677.8,628.6,1036.4
1171,2768,0,0.3438,1208.0,3.3,1519.7,416.7
1171,2782,0,0.3133,1031.4,148.6,1253.4,536.3
1172,2725,0,0.5151,502.6,386.1,839.9,1005.0
1172,2739,0,0.7391,728.5,10.0,956.9,424.7
1172,2747,0,0.3701,997.2,0.0,1146.7,153.5
1172,2544,0,0.7396,1611.7,478.3,1920.0,1001.1
1172,2692,0,0.6011,1590.1,225.0,1803.2,501.0
1172,2762,0,0.4416,1338.6,97.5,1650.6,542.5
1172,2769,0,0.8835,1583.8,569.6,1825.9,1004.7
1172,2777,0,0.8007,80.5,334.3,301.4,660.3
1172,2783,0,0.5744,1419.8,479.9,1684.6,853.5
1172,2789,0,0.4284,1074.1,405.1,1417.2,707.2
1172,2698,0,0.9327,872.2,476.9,1769.4,1072.4
1172,2790,0,0.673,517.7,396.4,1094.6,1080.0
1172,2792,0,0.673,74.3,691.2,263.3,892.6
1172,2793,0,0.7168,3.6,0.0,261.2,440.1
1172,2795,0,0.8966,151.5,689.3,469.2,1071.2
1172,2740,0,0.7772,434.9,664.6,653.0,1025.7
1172,2768,0,0.3311,1232.6,3.4,1531.1,404.7
1172,2782,0,0.5855,1048.8,138.3,1270.0,527.2
1172,2721,0,0.8019,906.1,119.9,1103.6,554.8
1173,2725,0,0.4587,485.0,374.9,816.4,997.5
1173,2739,0,0.7447,732.6,2.4,978.2,450.5
1173,2747,0,0.3848,1012.6,0.0,1158.0,139.7
1173,2544,0,0.7103,1625.4,464.8,1920.0,992.3
1173,2692,0,0.628,1600.2,218.2,1814.2,492.4
1173,2762,0,0.4561,1356.6,84.5,1666.7,524.3
1173,2769,0,0.8712,1593.1,558.3,1839.3,1000.3
1173,2777,0,0.7938,88.0,323.6,318.1,649.6
1173,2783,0,0.5829,1432.1,469.2,1699.4,851.3
1173,2698,0,0.9295,876.1,479.7,1777.6,1072.7
1173,2790,0,0.674,525.5,432.6,1058.3,1080.0
1173,2792,0,0.7795,86.5,679.4,275.2,881.2
1173,2793,0,0.7655,10.1,0.0,270.2,441.8
1173,2795,0,0.9176,137.3,677.7,475.3,1071.2
1173,2740,0,0.8017,443.4,653.1,672.1,1017.4
1173,2782,0,0.4783,1061.4,126.7,1279.9,513.6
1173,2721,0,0.7324,918.2,107.9,1122.7,547.0
1174,2739,0,0.4735,739.4,0.0,990.4,457.6
1174,2747,0,0.3613,1021.6,0.3,1165.2,129.0
1174,2544,0,0.6952,1635.1,447.9,1920.0,982.0
1174,2692,0,0.6319,1610.7,212.7,1824.6,484.9
1174,2762,0,0.5511,1364.4,73.5,1679.7,517.7
1174,2769,0,0.8624,1600.3,548.6,1849.1,994.7
1174,2783,0,0.6333,1447.0,459.4,1718.5,849.9
1174,2698,0,0.9296,873.2,480.7,1780.1,1072.6
1174,2790,0,0.8174,554.8,477.9,1067.4,1080.0
1174,2792,0,0.673,95.0,670.2,282.4,871.3
1174,2793,0,0.7377,28.9,0.0,261.9,388.2
1174,2795,0,0.7588,148.6,738.7,451.5,1071.6
1174,2740,0,0.818,446.9,643.4,683.9,1009.5
1174,2782,0,0.6204,1071.9,117.0,1286.3,498.9
1174,2721,0,0.7724,925.0,100.2,1135.5,545.5
1174,2799,0,0.4958,1377.9,478.6,1549.4,744.9
1174,2800,0,0.447,1142.9,387.4,1368.6,586.5
1174,2768,0,0.3425,1255.1,2.8,1537.5,382.7
1175,2739,0,0.5963,746.3,0.0,992.3,448.1
1175,2544,0,0.6461,1647.1,438.0,1920.0,970.7
1175,2692,0,0.5858,1627.9,206.8,1839.3,476.5
1175,2762,0,0.5916,1364.0,63.2,1689.1,518.7
1175,2769,0,0.8839,1606.9,538.5,1856.9,986.0
1175,2783,0,0.617,1453.8,450.1,1729.4,849.6
1175,2698,0,0.9279,875.6,483.3,1786.4,1072.2
1175,2790,0,0.8718,562.1,516.7,1044.0,1080.0
1175,2792,0,0.6643,102.2,659.9,289.3,861.7
1175,2793,0,0.7172,37.2,0.1,261.1,365.8
1175,2740,0,0.8362,453.4,633.2,697.5,1002.1
1175,2782,0,0.591,1077.1,104.7,1293.5,493.2
1175,2721,0,0.7869,927.5,90.8,1149.1,558.1
1175,2799,0,0.4799,1378.6,470.2,1557.2,747.7
1175,2789,0,0.4614,1087.1,377.1,1462.0,715.7
1175,2725,0,0.7121,457.3,363.7,720.4,847.1
1175,2777,0,0.6265,62.4,306.2,414.8,806.0
1176,2739,0,0.4168,726.5,0.0,1014.0,537.7
1176,2544,0,0.6937,1654.5,426.8,1920.0,962.0
1176,2692,0,0.6479,1638.4,198.1,1847.4,465.6
1176,2762,0,0.7088,1368.6,52.6,1696.9,511.7
1176,2769,0,0.8944,1611.3,526.1,1862.0,974.6
1176,2783,0,0.6033,1460.0,438.3,1741.6,848.6
1176,2698,0,0.9267,884.5,488.2,1798.7,1071.8
1176,2790,0,0.8659,560.6,541.7,1014.7,1080.0
1176,2792,0,0.5863,108.3,648.1,294.3,849.6
1176,2793,0,0.5488,42.3,0.1,264.1,352.6
1176,2740,0,0.8156,463.8,621.3,715.2,992.2
1176,2782,0,0.4458,1084.0,93.0,1295.6,474.8
1176,2721,0,0.7447,931.0,79.9,1162.5,568.8
1176,2799,0,0.5176,1381.2,458.5,1569.8,752.4
1176,2803,0,0.448,714.1,415.1,863.9,561.2
1176,2725,0,0.8123,439.0,358.7,695.1,820.6
1176,2777,0,0.4641,58.7,294.3,433.8,827.6
1176,2800,0,0.3003,1154.6,365.6,1380.5,565.0
1177,2739,0,0.4411,748.4,0.0,999.0,466.3
1177,2544,0,0.7806,1658.3,402.0,1920.0,949.1
1177,2692,0,0.666,1641.2,184.3,1852.9,455.3
1177,2762,0,0.6772,1373.6,38.5,1702.5,497.5
1177,2769,0,0.8844,1614.5,511.9,1866.1,962.2
1177,2783,0,0.8102,1455.9,424.7,1747.7,853.2
1177,2698,0,0.6281,867.8,496.1,1781.0,1072.6
1177,2790,0,0.4799,559.8,554.6,993.3,1080.0
1177,2792,0,0.4834,113.9,634.3,297.7,834.2
1177,2793,0,0.3737,48.4,0.6,262.9,329.4
1177,2740,0,0.6923,461.5,605.8,719.9,977.9
1177,2782,0,0.3341,1091.0,76.3,1296.4,448.0
1177,2721,0,0.7677,941.5,63.3,1182.4,566.4
1177,2799,0,0.6075,1381.3,443.2,1580.1,754.7
1177,2803,0,0.5228,695.1,402.9,879.3,583.3
1177,2725,0,0.7216,454.0,349.1,689.0,764.4
1177,2777,0,0.5184,87.1,281.7,388.4,692.1
1177,2806,0,0.521,0.0,778.2,306.9,1071.1
1177,2807,0,0.4416,0.5,589.6,51.1,793.0
1177,2789,0,0.6887,1084.9,352.6,1487.6,728.4
1178,2739,0,0.4666,761.3,0.0,988.8,421.9
1178,2544,0,0.7352,1669.1,395.2,1920.0,932.9
1178,2692,0,0.638,1638.9,167.3,1852.7,439.2
1178,2762,0,0.6678,1376.5,22.1,1706.1,480.5
1178,2769,0,0.8886,1618.6,494.7,1869.9,943.8
1178,2783,0,0.8516,1450.2,408.8,1753.3,859.9
1178,2698,0,0.8169,886.3,514.4,1794.5,1071.4
1178,2790,0,0.5243,558.9,558.7,979.6,1080.0
1178,2792,0,0.6508,118.0,616.8,301.0,816.6
1178,2793,0,0.348,53.8,0.7,260.6,304.2
1178,2740,0,0.5707,463.7,587.9,725.8,960.8
1178,2782,0,0.5816,1097.2,58.2,1299.0,425.1
1178,2721,0,0.8309,937.2,46.1,1185.2,567.8
1178,2799,0,0.5726,1380.8,424.9,1591.3,757.5
1178,2803,0,0.7133,681.4,384.4,894.9,595.1
1178,2725,0,0.7654,449.8,334.5,684.9,741.8
1178,2777,0,0.5408,55.1,264.7,420.2,768.7
1178,2806,0,0.3464,0.0,766.4,298.7,1071.5
1178,2807,0,0.5906,0.7,568.6,54.1,783.4
1178,2789,0,0.8705,1082.7,336.1,1498.2,737.2
1179,2739,0,0.3349,772.5,0.0,984.7,389.2
1179,2544,0,0.8091,1673.6,368.9,1920.0,914.9
1179,2692,0,0.6242,1642.7,148.3,1858.5,421.7
1179,2762,0,0.5061,1379.5,6.7,1708.6,465.4
1179,2769,0,0.8894,1621.2,473.9,1873.4,924.5
1179,2783,0,0.8323,1443.5,390.8,1755.3,862.6
1179,2698,0,0.7883,890.7,532.8,1794.0,1070.9
1179,2790,0,0.6556,558.8,554.6,973.7,1080.0
1179,2792,0,0.5205,121.7,597.1,304.3,797.3
1179,2793,0,0.4334,58.9,1.0,259.8,281.0
1179,2740,0,0.6346,457.9,568.6,718.8,940.2
1179,2782,0,0.4187,1101.7,39.0,1301.1,402.1
1179,2721,0,0.8563,937.7,27.0,1189.2,560.4
1179,2799,0,0.5977,1380.5,405.6,1602.3,760.2
1179,2803,0,0.7527,671.3,363.8,911.1,602.0
1179,2725,0,0.8553,411.6,317.8,674.9,766.4
1179,2777,0,0.476,48.0,246.8,429.4,781.6
1179,2806,0,0.3995,0.0,755.0,307.3,1071.7
1179,2807,0,0.5813,1.7,544.5,57.6,769.1
1179,2789,0,0.8607,1079.3,318.8,1508.6,747.1
1179,2809,0,0.5174,0.3,273.1,93.4,537.6
1180,2739,0,0.3301,753.3,0.0,1014.3,489.5
1180,2544,0,0.7962,1676.8,341.2,1920.0,895.0
1180,2692,0,0.7158,1644.2,128.3,1860.5,399.0
1180,2762,0,0.3788,1367.2,0.1,1693.7,463.1
1180,2769,0,0.8734,1626.7,454.9,1878.5,904.3
1180,2783,0,0.8658,1445.0,371.4,1764.0,862.9
1180,2698,0,0.5902,859.1,547.2,1749.1,1071.9
1180,2790,0,0.7019,613.9,543.2,1044.5,1080.0
1180,2792,0,0.6289,128.9,578.1,309.5,776.8
1180,2740,0,0.5334,453.0,548.1,711.2,918.8
1180,2782,0,0.5634,1106.6,21.3,1305.6,384.5
1180,2721,0,0.8639,942.3,7.1,1193.9,545.1
1180,2799,0,0.6397,1379.2,384.4,1616.5,770.2
1180,2803,0,0.7869,671.8,343.2,925.7,597.3
1180,2725,0,0.8193,392.2,296.2,669.5,760.0
1180,2777,0,0.6456,48.7,227.0,433.4,775.2
1180,2807,0,0.5341,3.7,520.3,63.2,757.9
1180,2789,0,0.8843,1075.7,298.2,1519.3,756.2
1180,2809,0,0.4665,1.3,249.9,96.7,521.1
1180,2810,0,0.4321,1049.3,426.2,1221.9,719.7
1180,2795,0,0.653,70.2,741.8,385.2,1072.3
1181,2544,0,0.7227,1694.4,336.6,1920.0,873.5
1181,2692,0,0.7572,1644.8,106.9,1888.2,410.2
1181,2762,0,0.4612,1368.4,0.0,1685.2,451.3
1181,2769,0,0.8657,1633.1,435.2,1884.4,883.3
1181,2783,0,0.8502,1450.0,351.9,1772.5,857.7
1181,2698,0,0.5629,854.3,568.4,1720.2,1072.0
1181,2790,0,0.8242,573.1,528.1,1005.4,1080.0
1181,2792,0,0.6466,134.8,556.8,315.9,757.0
1181,2740,0,0.5868,461.0,528.6,717.5,898.6
1181,2782,0,0.6329,1114.8,5.6,1309.4,360.6
1181,2721,0,0.8703,952.5,0.0,1198.0,525.7
1181,2799,0,0.6961,1381.2,363.0,1630.1,775.0
1181,2803,0,0.8101,672.6,322.3,944.3,596.6
1181,2725,0,0.4741,396.7,272.3,664.8,709.4
1181,2777,0,0.5085,94.7,207.1,395.6,618.4
1181,2807,0,0.6916,5.7,492.7,71.8,754.7
1181,2789,0,0.8899,1076.5,277.2,1529.1,761.4
1181,2810,0,0.5205,1043.9,406.4,1220.0,705.2
1182,2544,0,0.6757,1702.4,324.2,1920.0,850.4
1182,2692,0,0.7612,1650.6,88.6,1903.1,402.6
1182,2762,0,0.4435,1387.3,0.0,1682.0,422.9
1182,2769,0,0.8869,1639.3,415.0,1891.5,865.0
1182,2783,0,0.8693,1454.3,334.4,1776.6,850.3
1182,2698,0,0.8612,888.7,592.1,1745.0,1071.7
1182,2790,0,0.8066,558.5,510.6,993.7,1080.0
1182,2792,0,0.6876,141.3,537.3,322.9,739.0
1182,2740,0,0.479,472.0,509.3,727.7,880.2
1182,2782,0,0.5387,1148.3,0.0,1310.0,291.6
1182,2721,0,0.8586,973.7,0.0,1216.4,507.6
1182,2799,0,0.7278,1385.7,343.8,1642.7,777.9
1182,2803,0,0.8187,668.9,304.2,963.1,605.1
1182,2725,0,0.5848,346.2,249.2,689.5,812.5
1182,2777,0,0.4704,69.9,188.1,429.4,686.7
1182,2807,0,0.415,8.0,466.3,77.9,739.2
1182,2789,0,0.8825,1081.0,259.3,1538.0,765.5
1182,2810,0,0.5644,1043.7,385.2,1223.8,689.4
1183,2544,0,0.7409,1708.2,303.7,1920.0,833.9
1183,2692,0,0.7693,1655.5,71.4,1913.4,392.5
1183,2762,0,0.6123,1411.0,0.0,1708.8,424.9
1183,2769,0,0.871,1644.5,397.7,1896.8,847.4
1183,2783,0,0.8349,1462.1,320.4,1781.3,840.3
1183,2698,0,0.8807,889.6,612.7,1729.3,1071.0
1183,2790,0,0.7963,556.0,490.4,995.9,1080.0
1183,2792,0,0.6764,147.2,520.8,327.5,721.9
1183,2740,0,0.3833,466.6,491.7,716.0,862.6
1183,2782,0,0.363,1168.2,0.0,1309.9,250.2
1183,2721,0,0.8502,975.3,0.0,1210.5,490.5
1183,2799,0,0.7171,1388.8,327.5,1650.2,779.3
1183,2803,0,0.699,665.1,286.3,981.9,616.2
1183,2725,0,0.7058,344.1,227.4,669.4,751.7
1183,2777,0,0.3918,107.3,171.8,402.4,567.3
1183,2807,0,0.4847,4.5,394.7,87.4,717.8
1183,2789,0,0.8898,1085.9,242.4,1543.3,766.5
1183,2810,0,0.65,1047.2,367.9,1229.3,673.5
1184,2544,0,0.6975,1714.2,285.3,1920.0,818.0
1184,2692,0,0.7392,1658.4,55.2,1916.7,375.9
1184,2769,0,0.8727,1648.3,380.1,1901.3,831.3
1184,2783,0,0.8128,1468.6,306.4,1784.0,828.9
1184,2698,0,0.8822,888.6,626.3,1723.9,1070.9
1184,2790,0,0.6721,557.0,474.3,999.7,1080.0
1184,2792,0,0.4006,151.1,504.2,331.7,707.0
1184,2740,0,0.3718,477.8,475.6,724.6,847.1
1184,2782,0,0.5027,1148.4,0.0,1312.5,286.6
1184,2721,0,0.8452,980.5,0.0,1209.5,474.7
1184,2799,0,0.6985,1394.0,312.0,1656.1,776.4
1184,2803,0,0.7774,665.5,269.3,992.7,616.7
1184,2725,0,0.8668,312.4,204.5,685.6,812.5
1184,2777,0,0.4833,92.1,154.1,423.4,602.4
1184,2807,0,0.6693,4.7,358.3,91.4,694.0
1184,2789,0,0.8787,1092.2,224.5,1546.2,762.4
1184,2810,0,0.7316,1049.6,350.8,1235.2,660.5
1184,2739,0,0.4325,780.2,0.8,1029.1,475.1
1184,2795,0,0.3804,8.9,716.7,347.7,1070.6
1185,2544,0,0.7065,1723.5,274.5,1920.0,805.9
1185,2692,0,0.7322,1658.4,39.9,1918.3,361.1
1185,2769,0,0.8934,1652.3,364.8,1905.3,815.9
1185,2783,0,0.8085,1477.4,295.7,1787.6,817.2
1185,2698,0,0.8528,882.4,633.7,1722.3,1071.0
1185,2790,0,0.6315,558.2,460.8,1003.0,1080.0
1185,2792,0,0.5342,156.0,489.1,336.6,693.3
1185,2740,0,0.4055,480.4,461.7,720.9,832.3
1185,2782,0,0.6426,1146.9,0.0,1314.5,286.5
1185,2721,0,0.8568,986.5,0.0,1210.7,460.9
1185,2799,0,0.7742,1399.8,296.4,1662.0,772.5
1185,2803,0,0.7641,672.1,255.7,998.8,609.3
1185,2725,0,0.9038,296.9,185.0,685.0,823.5
1185,2777,0,0.5058,119.9,140.2,400.8,510.5
1185,2807,0,0.7772,5.4,326.7,94.7,669.0
1185,2789,0,0.4979,1101.3,210.1,1546.9,754.8
1185,2810,0,0.6622,1055.9,336.8,1242.4,646.5
1185,2739,0,0.3868,786.6,2.0,1026.2,463.0
1185,2795,0,0.3133,0.0,714.6,339.9,1071.2
1185,2809,0,0.4254,16.6,149.9,114.7,422.0
1185,2762,0,0.3871,1424.0,0.1,1678.8,364.0
1186,2544,0,0.6551,1734.3,265.4,1920.0,786.2
1186,2692,0,0.7374,1660.3,26.4,1920.0,347.4
1186,2769,0,0.875,1659.0,352.8,1911.1,802.8
1186,2783,0,0.8332,1486.5,282.5,1792.5,805.1
1186,2698,0,0.8496,873.2,634.5,1725.9,1070.5
1186,2790,0,0.8206,661.4,448.2,1140.8,1080.0
1186,2740,0,0.3628,492.2,450.2,728.2,819.5
1186,2782,0,0.5827,1152.6,0.0,1318.4,277.6
1186,2721,0,0.8561,995.1,0.0,1214.5,446.9
1186,2799,0,0.8141,1407.0,283.4,1668.4,770.3
1186,2803,0,0.7731,681.8,242.3,1002.6,596.3
1186,2725,0,0.9109,288.4,168.8,681.3,820.5
1186,2777,0,0.3803,100.3,127.7,426.1,563.3
1186,2807,0,0.756,8.6,308.0,98.1,644.6
1186,2789,0,0.5511,1145.9,291.4,1517.6,747.9
1186,2810,0,0.6202,1062.1,323.8,1250.4,634.4
1186,2739,0,0.376,796.7,2.4,1028.6,451.3
1186,2795,0,0.527,0.0,680.2,349.4,1071.7
1186,2815,0,0.5556,1214.3,197.7,1432.9,391.1
1186,2809,0,0.534,18.4,134.5,121.6,413.0
1187,2544,0,0.6481,1743.3,246.5,1920.0,766.2
1187,2692,0,0.7171,1665.5,14.6,1920.0,328.3
1187,2769,0,0.8854,1666.3,342.0,1917.6,789.8
1187,2783,0,0.8031,1496.0,273.4,1796.4,793.9
1187,2698,0,0.8441,890.5,624.3,1785.3,1070.4
1187,2790,0,0.733,598.1,435.8,1077.5,1080.0
1187,2740,0,0.418,507.7,438.5,741.7,807.6
1187,2782,0,0.355,1161.2,0.0,1324.7,269.3
1187,2721,0,0.8672,1004.2,0.0,1220.1,434.5
1187,2799,0,0.7824,1415.2,271.0,1672.2,762.2
1187,2803,0,0.7898,689.4,229.9,1005.0,584.5
1187,2725,0,0.902,280.1,155.0,673.8,812.5
1187,2777,0,0.3074,97.1,115.8,436.3,577.4
1187,2807,0,0.7249,12.3,295.5,101.9,623.5
1187,2789,0,0.6299,1171.8,320.4,1514.6,744.4
1187,2810,0,0.5555,1065.7,311.5,1259.0,628.7
1187,2795,0,0.7127,0.0,650.1,358.3,1072.0
1187,2815,0,0.619,1221.2,188.1,1437.8,379.7
1187,2809,0,0.4247,19.6,122.3,123.1,393.1
1188,2544,0,0.6144,1749.4,234.0,1920.0,757.4
1188,2692,0,0.5702,1668.8,6.4,1920.0,317.7
1188,2769,0,0.8863,1670.5,332.0,1920.0,780.3
1188,2783,0,0.7701,1507.4,271.8,1799.4,784.3
1188,2698,0,0.8318,866.3,593.7,1830.4,1069.7
1188,2790,0,0.5532,577.7,433.3,1051.4,1078.9
1188,2740,0,0.4569,513.1,427.2,744.9,797.5
1188,2782,0,0.4806,1199.9,0.0,1373.0,261.1
1188,2721,0,0.822,1010.4,0.0,1224.4,424.5
1188,2799,0,0.7492,1420.8,261.0,1674.5,758.5
1188,2803,0,0.8212,692.3,220.3,1002.4,573.6
1188,2725,0,0.9212,271.8,144.2,665.2,805.4
1188,2777,0,0.4195,126.9,106.3,407.3,480.5
1188,2807,0,0.7694,14.9,288.2,104.8,606.5
1188,2789,0,0.4988,1151.7,222.6,1554.1,736.5
1188,2810,0,0.4467,1068.5,299.9,1268.2,626.7
1188,2795,0,0.4478,0.0,661.8,350.7,1071.7
1188,2815,0,0.455,1225.2,177.7,1443.5,370.8
1188,2809,0,0.4763,19.2,111.7,128.3,389.5
1189,2544,0,0.6109,1754.6,226.9,1920.0,753.5
1189,2692,0,0.5641,1671.3,0.3,1920.0,307.4
1189,2769,0,0.8852,1672.6,325.5,1920.0,773.5
1189,2783,0,0.7684,1514.7,266.9,1801.4,776.8
1189,2698,0,0.8647,855.1,579.0,1858.2,1068.9
1189,2790,0,0.5664,572.8,432.9,1040.6,1078.1
1189,2740,0,0.5662,518.7,424.0,745.1,790.2
1189,2721,0,0.5242,1014.8,0.0,1228.3,416.9
1189,2799,0,0.7919,1424.2,254.3,1674.3,757.9
1189,2803,0,0.844,693.7,212.4,999.3,564.5
1189,2725,0,0.9179,261.8,138.6,652.8,798.9
1189,2777,0,0.4333,108.2,99.5,421.2,525.0
1189,2807,0,0.6846,16.1,281.9,108.0,596.3
1189,2810,0,0.4917,1069.8,292.0,1274.0,625.6
1189,2795,0,0.4035,0.0,687.9,339.4,1072.1
1189,2815,0,0.5749,1228.8,170.3,1445.8,362.1
1189,2809,0,0.4605,19.8,104.7,134.0,386.8
1189,2817,0,0.517,0.0,568.1,221.0,736.6
1190,2544,0,0.6513,1761.5,224.0,1920.0,734.9
1190,2692,0,0.601,1673.8,0.0,1919.1,295.9
1190,2769,0,0.8955,1673.4,319.2,1920.0,766.4
1190,2783,0,0.7545,1519.5,264.8,1799.6,769.0
1190,2698,0,0.898,833.1,555.8,1889.0,1069.6
1190,2790,0,0.7292,574.2,433.8,1036.3,1077.6
1190,2740,0,0.5774,520.6,419.6,743.8,784.1
1190,2721,0,0.492,1016.9,0.0,1232.4,412.3
1190,2799,0,0.7944,1428.9,248.8,1672.1,750.0
1190,2803,0,0.8722,697.0,207.0,994.5,552.6
1190,2725,0,0.9276,250.4,135.6,637.5,791.8
1190,2777,0,0.4637,123.6,94.1,388.7,453.8
1190,2807,0,0.7848,16.3,279.5,110.3,590.9
1190,2810,0,0.6259,1064.8,286.1,1269.9,618.2
1190,2795,0,0.4055,0.0,610.6,369.2,1070.7
1190,2815,0,0.3789,1230.2,163.2,1448.4,356.1
1190,2809,0,0.3936,19.7,98.5,138.3,382.7
1190,2817,0,0.4763,0.0,558.2,227.6,737.1
1190,2789,0,0.6052,1155.6,175.4,1565.8,716.8
1191,2544,0,0.6454,1762.9,218.4,1920.0,731.1
1191,2692,0,0.6365,1674.9,0.0,1915.5,287.3
1191,2769,0,0.8671,1673.0,313.3,1920.0,760.0
1191,2783,0,0.7831,1522.0,249.4,1802.9,761.8
1191,2698,0,0.8891,811.4,532.6,1915.1,1070.0
1191,2790,0,0.7568,576.3,438.2,1031.9,1077.6
1191,2740,0,0.4453,521.5,411.9,744.4,779.2
1191,2721,0,0.4482,1025.6,0.0,1244.8,406.0
1191,2799,0,0.8148,1430.5,242.8,1668.6,745.0
1191,2803,0,0.866,698.2,201.7,988.9,542.1
1191,2725,0,0.9206,241.5,133.7,624.1,784.5
1191,2777,0,0.3978,129.5,89.6,372.0,418.5
1191,2807,0,0.6093,14.6,276.2,111.8,589.8
1191,2810,0,0.671,1062.2,280.6,1265.6,607.0
1191,2795,0,0.317,0.0,580.7,377.4,1071.5
1191,2815,0,0.3386,1229.1,156.5,1448.2,349.9
1191,2809,0,0.4473,19.0,92.4,139.8,374.1
1191,2817,0,0.4791,0.0,552.6,223.5,735.4
1191,2789,0,0.7064,1157.4,160.1,1558.3,705.3
1192,2544,0,0.6842,1763.4,205.9,1920.0,721.4
1192,2692,0,0.5314,1676.2,0.0,1914.5,281.7
1192,2769,0,0.8597,1672.2,307.7,1920.0,753.9
1192,2783,0,0.6633,1528.6,254.0,1801.3,755.4
1192,2698,0,0.905,789.7,506.8,1920.0,1069.7
1192,2790,0,0.4511,583.4,440.8,1036.0,1076.9
1192,2740,0,0.3964,522.2,406.3,742.5,772.6
1192,2721,0,0.7472,1013.9,0.5,1232.2,399.8
1192,2799,0,0.824,1431.8,236.4,1665.8,741.3
1192,2803,0,0.8647,698.3,195.5,984.9,534.1
1192,2725,0,0.9327,229.8,131.8,611.4,778.4
1192,2777,0,0.5186,123.7,84.2,357.7,403.8
1192,2807,0,0.517,12.5,276.7,112.6,593.0
1192,2810,0,0.6393,1056.2,276.4,1260.3,602.1
1192,2809,0,0.576,16.0,85.7,140.7,370.3
1192,2817,0,0.4778,0.0,551.9,212.4,732.7
1192,2789,0,0.8436,1157.0,149.1,1547.4,693.4
1193,2544,0,0.6546,1765.2,203.5,1920.0,716.9
1193,2692,0,0.5915,1675.3,0.0,1913.0,278.5
1193,2769,0,0.8665,1670.0,299.6,1920.0,747.3
1193,2783,0,0.7179,1530.8,236.8,1806.0,747.7
1193,2698,0,0.8916,774.2,486.8,1920.0,1069.6
1193,2790,0,0.4611,589.7,438.4,1044.1,1075.6
1193,2740,0,0.426,520.9,401.3,738.6,765.5
1193,2721,0,0.7285,1009.1,0.8,1226.1,392.3
1193,2799,0,0.825,1432.7,230.1,1661.2,733.3
1193,2803,0,0.8596,697.6,188.9,980.7,526.4
1193,2725,0,0.9249,221.5,129.8,601.9,769.8
1193,2777,0,0.602,119.0,77.1,351.6,398.0
1193,2807,0,0.5375,9.3,270.8,115.6,602.2
1193,2810,0,0.5748,1041.2,274.6,1239.8,593.2
1193,2809,0,0.4734,13.0,78.7,140.3,364.2
1193,2817,0,0.5024,0.0,557.1,197.3,729.0
1193,2789,0,0.7663,1158.1,140.8,1537.4,682.0
1193,2806,0,0.387,0.0,705.9,367.1,1071.1
1194,2544,0,0.7317,1766.4,191.3,1920.0,710.8
1194,2692,0,0.7018,1675.9,0.0,1911.0,272.6
1194,2769,0,0.881,1667.3,291.3,1917.6,739.4
1194,2783,0,0.7569,1533.1,222.5,1809.5,740.1
1194,2698,0,0.8938,757.9,465.5,1920.0,1068.8
1194,2790,0,0.4163,594.0,432.3,1054.0,1074.8
1194,2740,0,0.5627,520.1,393.8,736.2,758.0
1194,2721,0,0.731,1004.2,1.4,1219.8,385.2
1194,2799,0,0.7982,1435.6,223.1,1660.6,725.9
1194,2803,0,0.8654,698.4,181.6,977.3,516.9
1194,2725,0,0.9016,212.0,125.1,592.4,761.9
1194,2777,0,0.5745,114.7,70.2,343.7,390.0
1194,2807,0,0.6358,7.9,278.2,116.7,613.1
1194,2810,0,0.7395,1034.8,273.5,1225.5,580.7
1194,2809,0,0.4337,12.5,71.5,141.6,355.7
1194,2817,0,0.6753,0.0,567.6,177.8,722.9
1194,2789,0,0.7613,1157.3,132.6,1528.1,672.8
1194,2806,0,0.3549,0.0,702.1,367.0,1071.1
1194,2815,0,0.3146,1223.9,134.1,1443.5,328.1
1195,2544,0,0.7767,1763.7,180.8,1920.0,711.2
1195,2692,0,0.6301,1677.3,0.0,1909.3,266.1
1195,2769,0,0.8934,1664.8,277.8,1916.9,731.1
1195,2783,0,0.5943,1532.7,200.0,1812.4,731.4
1195,2698,0,0.9095,748.9,448.2,1920.0,1068.6
1195,2790,0,0.714,596.1,425.6,1062.7,1074.4
1195,2740,0,0.61,520.7,385.6,735.9,750.7
1195,2721,0,0.321,1007.6,2.0,1222.4,376.5
1195,2799,0,0.8418,1435.3,214.9,1657.0,718.8
1195,2803,0,0.8473,701.1,172.5,976.8,506.1
1195,2725,0,0.9041,215.2,118.7,592.4,754.1
1195,2777,0,0.6098,110.1,62.7,335.4,381.8
1195,2807,0,0.3488,0.0,212.9,127.4,626.8
1195,2810,0,0.748,1030.4,269.9,1213.9,565.0
1195,2809,0,0.5443,13.1,62.9,145.0,347.6
1195,2789,0,0.8635,1158.2,123.9,1521.1,663.6
1196,2544,0,0.7847,1767.5,173.0,1920.0,700.3
1196,2692,0,0.6511,1680.9,0.0,1906.1,254.3
1196,2769,0,0.8953,1664.7,270.0,1915.6,722.2
1196,2783,0,0.6023,1538.2,191.7,1813.7,722.4
1196,2698,0,0.9174,746.2,435.5,1920.0,1068.7
1196,2790,0,0.8936,597.3,413.4,1075.2,1073.9
1196,2740,0,0.6149,521.2,375.3,736.1,742.0
1196,2721,0,0.4694,1004.1,1.4,1218.2,369.2
1196,2799,0,0.8492,1436.7,207.0,1654.9,710.5
1196,2803,0,0.8204,706.2,163.1,977.6,492.5
1196,2725,0,0.9168,187.1,108.2,567.2,745.2
1196,2777,0,0.6187,103.0,53.9,322.0,371.7
1196,2807,0,0.7322,0.0,193.2,131.3,638.5
1196,2810,0,0.6774,1031.2,264.4,1207.0,545.6
1196,2809,0,0.5048,9.8,54.1,139.9,331.2
1196,2789,0,0.8758,1160.6,116.1,1515.4,653.8
1197,2544,0,0.7279,1769.6,162.9,1920.0,685.8
1197,2692,0,0.6411,1680.8,0.0,1902.3,245.9
1197,2769,0,0.8667,1664.9,261.2,1915.5,713.7
1197,2783,0,0.5329,1548.5,195.4,1814.0,713.1
1197,2698,0,0.8615,736.5,420.7,1920.0,1068.6
1197,2790,0,0.8621,600.5,400.8,1090.3,1072.1
1197,2721,0,0.3848,1004.2,1.0,1215.7,358.4
1197,2799,0,0.8308,1439.4,197.8,1652.3,695.3
1197,2803,0,0.8301,712.5,154.0,980.3,479.6
1197,2725,0,0.9203,165.6,96.6,548.9,735.7
1197,2777,0,0.4062,99.1,44.4,312.7,363.0
1197,2807,0,0.7033,0.0,169.0,134.6,650.0
1197,2810,0,0.7048,1030.8,257.3,1201.3,527.7
1197,2809,0,0.4884,8.7,44.9,140.9,323.2
1197,2789,0,0.8665,1164.6,107.2,1511.1,642.0
1197,2806,0,0.5763,0.0,635.1,398.0,1069.2
1198,2544,0,0.6017,1768.9,154.3,1920.0,670.6
1198,2692,0,0.5749,1681.1,0.0,1901.0,239.4
1198,2769,0,0.8376,1665.7,255.2,1914.7,705.4
1198,2783,0,0.6809,1548.4,218.0,1791.2,703.3
1198,2698,0,0.8808,735.7,399.7,1920.0,1068.1
1198,2790,0,0.7384,601.8,387.3,1104.8,1069.7
1198,2799,0,0.8397,1444.3,189.3,1655.3,686.2
1198,2803,0,0.827,716.3,146.1,977.7,464.4
1198,2725,0,0.9199,145.7,84.7,532.3,726.9
1198,2777,0,0.5686,94.2,36.2,301.7,355.3
1198,2807,0,0.4642,0.0,159.9,134.9,652.5
1198,2810,0,0.4858,1071.5,235.7,1244.5,509.4
1198,2809,0,0.42,8.0,36.8,134.6,299.9
1198,2789,0,0.8583,1169.3,98.1,1505.6,626.2
1198,2806,0,0.4021,0.0,625.4,400.0,1067.9
1199,2544,0,0.5911,1772.4,145.3,1920.0,664.9
1199,2692,0,0.5417,1678.3,0.0,1897.6,233.5
1199,2769,0,0.8861,1664.9,246.3,1913.5,696.6
1199,2783,0,0.4302,1557.3,223.3,1780.3,680.0
1199,2698,0,0.8774,738.2,380.0,1920.0,1068.2
1199,2790,0,0.4073,605.6,376.9,1121.2,1067.3
1199,2799,0,0.8294,1449.3,181.3,1658.3,674.0
1199,2803,0,0.8781,713.7,138.1,970.8,453.9
1199,2725,0,0.9203,122.6,70.5,513.4,718.0
1199,2777,0,0.3783,93.9,28.3,294.1,346.4
1199,2807,0,0.6754,0.0,154.8,132.3,648.8
1199,2810,0,0.5972,1033.9,232.2,1203.7,492.9
1199,2809,0,0.5218,6.1,28.7,143.1,311.3
1199,2789,0,0.8624,1174.2,89.0,1502.0,611.9
1199,2740,0,0.3273,518.1,352.2,728.6,716.1
1200,2544,0,0.7985,1773.6,137.3,1920.0,661.3
1200,2692,0,0.5184,1681.4,0.0,1893.8,219.8
1200,2769,0,0.8931,1664.9,239.2,1913.3,689.9
1200,2698,0,0.9164,727.2,355.2,1920.0,1068.4
1200,2790,0,0.6584,634.2,366.0,1177.2,1070.6
1200,2799,0,0.8372,1453.0,174.7,1658.7,658.4
1200,2803,0,0.8681,714.4,132.0,966.1,444.3
1200,2725,0,0.8844,102.1,58.5,495.4,709.3
1200,2777,0,0.4285,92.1,20.5,283.4,334.9
1200,2807,0,0.6692,0.0,155.2,125.6,630.4
1200,2810,0,0.4858,1068.6,217.8,1241.2,480.4
1200,2809,0,0.5636,6.3,21.9,147.0,309.3
1200,2789,0,0.7867,1181.3,82.7,1498.6,594.6
1200,2826,0,0.5183,1301.6,797.7,1920.0,1069.9
1200,2740,0,0.3536,519.0,343.9,728.5,709.2
1200,2806,0,0.7513,0.0,600.2,420.3,1064.3
1201,2544,0,0.848,1771.8,132.7,1920.0,655.0
1201,2692,0,0.5111,1682.6,0.0,1893.6,212.8
1201,2769,0,0.9103,1665.2,235.2,1912.4,684.3
1201,2698,0,0.8594,730.4,332.2,1920.0,1067.4
1201,2790,0,0.362,625.9,360.9,1179.9,1066.4
1201,2799,0,0.8082,1456.9,170.0,1660.8,646.0
1201,2803,0,0.8509,717.7,128.3,965.4,438.2
1201,2725,0,0.8157,94.9,48.7,466.3,656.9
1201,2777,0,0.5302,92.3,15.3,273.5,323.0
1201,2807,0,0.3687,0.0,152.9,119.8,608.8
1201,2809,0,0.5949,6.9,16.8,147.6,301.3
1201,2789,0,0.6425,1188.4,76.5,1496.0,575.7
1201,2826,0,0.363,1276.3,782.9,1920.0,1069.7
1201,2827,0,0.6148,969.3,217.4,1071.0,354.3
1201,2815,0,0.4247,1219.6,79.5,1438.6,273.5
1201,2783,0,0.5258,1579.1,138.4,1826.4,655.9
1202,2544,0,0.8042,1776.1,139.0,1920.0,655.6
1202,2692,0,0.5201,1682.4,0.1,1892.8,206.5
1202,2769,0,0.895,1666.2,233.9,1912.7,681.3
1202,2698,0,0.9185,719.4,306.6,1920.0,1068.9
1202,2790,0,0.8882,625.6,364.4,1190.0,1069.0
1202,2799,0,0.7566,1455.9,165.1,1654.3,627.1
1202,2803,0,0.8032,723.2,127.0,970.8,438.8
1202,2725,0,0.8235,37.3,42.3,526.4,876.8
1202,2777,0,0.418,95.3,11.8,263.2,305.0
1202,2807,0,0.4591,0.0,188.1,107.8,581.5
1202,2809,0,0.4316,5.7,13.8,140.2,283.5
1202,2789,0,0.8176,1194.3,73.0,1492.8,558.8
1202,2827,0,0.4675,965.2,209.7,1048.2,320.5
1202,2721,0,0.3032,1010.1,0.0,1201.0,309.4
1202,2806,0,0.5576,0.0,556.7,435.3,1065.8
1203,2544,0,0.7893,1779.8,139.4,1920.0,654.0
1203,2692,0,0.4732,1679.6,0.1,1894.9,206.5
1203,2769,0,0.9042,1664.6,228.1,1912.6,679.0
1203,2698,0,0.8854,727.0,287.8,1920.0,1069.9
1203,2790,0,0.9044,627.3,374.8,1193.7,1068.2
1203,2799,0,0.8373,1461.1,163.2,1658.7,618.3
1203,2803,0,0.7929,728.5,126.8,978.6,444.2
1203,2725,0,0.8055,36.3,40.0,538.0,927.3
1203,2807,0,0.4085,2.9,248.7,89.7,547.9
1203,2809,0,0.54,5.4,11.6,136.2,271.7
1203,2789,0,0.8135,1200.0,71.8,1487.0,538.2
1203,2806,0,0.5368,0.0,530.2,455.2,1065.5
1203,2740,0,0.4913,526.6,333.2,736.9,699.4
1203,2783,0,0.3114,1608.7,113.9,1848.6,626.5
1204,2544,0,0.7801,1782.7,138.0,1920.0,644.8
1204,2692,0,0.4728,1681.5,0.2,1893.4,197.9
1204,2769,0,0.875,1664.4,228.4,1912.0,677.1
1204,2698,0,0.8866,717.1,256.4,1920.0,1070.4
1204,2790,0,0.9156,625.1,387.0,1189.4,1067.6
1204,2799,0,0.7799,1466.0,161.0,1660.5,602.0
1204,2803,0,0.7644,732.0,126.6,986.6,451.9
1204,2725,0,0.6974,44.6,38.6,535.7,930.3
1204,2807,0,0.6133,4.7,270.6,78.6,521.2
1204,2809,0,0.4171,3.5,9.5,133.8,267.6
1204,2789,0,0.8486,1205.7,69.9,1481.1,515.3
1204,2806,0,0.5926,0.0,508.5,483.1,1064.6
1204,2831,0,0.4479,596.0,332.6,718.6,440.6
1204,2740,0,0.4727,530.5,330.5,743.6,698.7
1204,2810,0,0.4004,1113.0,200.3,1278.3,457.1
1205,2544,0,0.8054,1784.1,136.7,1920.0,641.2
1205,2692,0,0.3185,1677.8,0.3,1896.1,199.7
1205,2769,0,0.8882,1664.3,227.1,1912.1,675.2
1205,2698,0,0.7836,709.3,237.0,1920.0,1070.3
1205,2790,0,0.9163,618.7,396.6,1180.6,1066.9
1205,2799,0,0.7914,1467.9,159.4,1661.7,592.2
1205,2803,0,0.6771,743.9,127.7,992.2,444.1
1205,2725,0,0.6441,74.6,42.2,430.9,677.9
1205,2807,0,0.6272,4.4,276.5,72.3,504.2
1205,2809,0,0.6592,2.6,7.5,133.2,265.3
1205,2789,0,0.8582,1211.1,68.5,1475.6,493.5
1205,2806,0,0.3217,0.0,357.8,551.4,1047.5
1205,2831,0,0.4218,592.4,330.8,726.5,449.3
1205,2740,0,0.6564,527.4,329.0,739.4,696.8
1205,2810,0,0.308,1125.8,198.4,1279.9,441.8
1206,2544,0,0.771,1785.4,131.3,1920.0,634.9
1206,2692,0,0.3663,1677.4,0.3,1897.3,197.0
1206,2769,0,0.9003,1666.7,227.2,1913.8,673.5
1206,2698,0,0.6473,713.9,214.4,1920.0,1071.4
1206,2790,0,0.8759,613.5,406.4,1172.2,1068.7
1206,2799,0,0.7647,1470.8,158.1,1669.1,593.0
1206,2803,0,0.7683,750.7,126.7,996.9,440.0
1206,2725,0,0.4135,84.9,48.5,376.2,558.1
1206,2807,0,0.5248,4.4,277.5,69.7,494.1
1206,2809,0,0.3826,0.0,5.4,150.8,373.2
1206,2789,0,0.851,1215.7,66.9,1469.0,470.8
1206,2806,0,0.5317,0.0,420.8,548.3,1056.5
1206,2740,0,0.7143,523.6,325.9,735.1,695.2
1206,2833,0,0.3891,1647.9,109.5,1840.3,407.9
1206,2721,0,0.3529,1015.7,0.1,1198.8,280.6
1207,2544,0,0.7562,1786.2,124.5,1920.0,629.6
1207,2769,0,0.9032,1669.0,225.2,1916.3,671.5
1207,2698,0,0.6156,738.2,189.0,1920.0,1070.0
1207,2790,0,0.4711,612.1,414.1,1165.7,1068.3
1207,2799,0,0.8245,1473.2,155.2,1677.3,595.5
1207,2803,0,0.7506,758.2,125.0,1006.7,441.8
1207,2725,0,0.8911,74.8,52.5,345.0,519.5
1207,2809,0,0.4385,0.0,2.8,155.1,442.5
1207,2789,0,0.7698,1222.7,63.9,1462.3,441.8
1207,2806,0,0.5732,8.9,449.3,558.1,1061.2
1207,2740,0,0.7903,523.5,323.1,733.4,692.5
1208,2544,0,0.7264,1787.1,119.1,1920.0,626.9
1208,2769,0,0.8987,1670.9,221.7,1918.3,668.3
1208,2698,0,0.8619,756.3,163.5,1920.0,1069.1
1208,2790,0,0.4664,607.8,415.8,1160.1,1068.7
1208,2799,0,0.8417,1473.8,151.9,1681.2,592.4
1208,2803,0,0.7131,767.9,122.5,1008.5,428.7
1208,2725,0,0.8932,60.5,52.0,327.0,508.0
1208,2789,0,0.8443,1227.1,59.4,1459.0,420.4
1208,2806,0,0.7723,23.5,460.1,572.6,1063.9
1208,2740,0,0.7969,525.0,319.8,733.3,689.6
1208,2835,0,0.697,834.9,209.3,1009.4,506.9
1208,2807,0,0.3667,4.4,277.5,67.4,482.8
1208,2721,0,0.3691,1026.9,0.0,1192.0,229.7
1209,2544,0,0.7152,1788.1,120.0,1920.0,626.0
1209,2769,0,0.889,1671.8,217.8,1919.9,666.1
1209,2698,0,0.8456,764.9,140.2,1920.0,1071.1
1209,2799,0,0.7698,1472.4,147.5,1682.1,587.0
1209,2803,0,0.6383,774.0,117.7,1010.8,418.9
1209,2725,0,0.8872,38.1,51.8,305.4,506.6
1209,2789,0,0.8396,1231.0,55.7,1454.7,399.0
1209,2806,0,0.6803,35.5,466.3,590.0,1065.6
1209,2740,0,0.7091,527.2,316.1,733.9,686.3
1209,2835,0,0.7281,835.5,207.6,1014.8,511.5
1209,2836,0,0.3983,102.9,2.7,464.8,466.9
1209,2837,0,0.6276,0.0,4.1,109.3,287.7
1209,2807,0,0.343,5.0,284.6,66.8,481.7
1209,2692,0,0.3057,1679.0,0.0,1900.3,193.8
1210,2544,0,0.6841,1790.0,117.8,1920.0,616.9
1210,2769,0,0.8967,1673.4,213.8,1920.0,663.1
1210,2698,0,0.8742,762.5,118.4,1920.0,1070.4
1210,2799,0,0.7774,1474.6,143.3,1677.5,562.1
1210,2803,0,0.4871,779.2,112.5,1014.4,412.2
1210,2725,0,0.8957,12.9,45.4,284.3,506.0
1210,2789,0,0.7523,1235.9,52.3,1451.9,378.4
1210,2806,0,0.8714,44.5,471.7,605.8,1066.5
1210,2740,0,0.7771,527.2,311.9,732.5,681.6
1210,2835,0,0.811,835.6,205.8,1019.7,514.2
1210,2836,0,0.3726,97.1,2.9,475.1,489.0
1210,2837,0,0.4661,0.0,2.6,102.0,273.1
1210,2807,0,0.5453,3.6,277.7,68.2,481.6
1211,2544,0,0.6709,1791.0,110.0,1920.0,609.7
1211,2769,0,0.8776,1675.6,209.3,1920.0,658.0
1211,2698,0,0.9006,771.6,95.3,1920.0,1066.4
1211,2799,0,0.8248,1478.3,138.2,1670.9,528.5
1211,2725,0,0.9135,0.0,36.2,269.2,501.7
1211,2789,0,0.8511,1240.7,46.7,1450.8,358.9
1211,2806,0,0.911,49.0,474.3,620.1,1067.6
1211,2740,0,0.4369,543.3,307.2,716.8,610.7
1211,2835,0,0.6016,832.5,198.0,1024.0,513.5
1211,2836,0,0.313,109.5,2.5,504.9,511.0
1211,2807,0,0.5763,3.4,271.0,71.1,482.3
1212,2544,0,0.6512,1792.1,105.7,1920.0,604.3
1212,2769,0,0.8775,1676.7,203.6,1920.0,652.5
1212,2698,0,0.9128,791.5,86.4,1920.0,1066.4
1212,2799,0,0.8346,1480.6,132.0,1668.4,504.9
1212,2725,0,0.9101,0.0,25.2,253.7,497.6
1212,2789,0,0.811,1243.5,40.9,1448.8,340.4
1212,2806,0,0.8929,49.8,475.3,630.8,1067.8
1212,2740,0,0.508,551.8,301.9,707.5,564.7
1212,2835,0,0.761,833.5,186.5,1032.7,509.3
1212,2807,0,0.4829,3.1,268.0,72.9,483.7
1212,2840,0,0.4063,110.7,1.6,439.1,299.0
1212,2790,0,0.5214,600.9,396.5,1163.4,1070.5
1213,2544,0,0.6057,1794.1,103.1,1920.0,588.3
1213,2769,0,0.8766,1677.3,197.2,1920.0,646.9
1213,2698,0,0.9455,801.7,63.7,1920.0,1064.6
1213,2799,0,0.8417,1480.5,125.7,1664.6,484.6
1213,2725,0,0.9055,0.0,15.9,238.5,494.7
1213,2789,0,0.8114,1245.2,34.8,1448.3,325.9
1213,2806,0,0.9187,45.7,476.0,636.1,1069.0
1213,2740,0,0.5262,549.9,296.5,708.8,557.9
1213,2835,0,0.8431,823.4,173.4,1031.6,503.5
1213,2807,0,0.5257,2.5,265.2,74.2,485.4
1213,2840,0,0.3278,111.4,1.8,435.1,294.7
1213,2790,0,0.6027,668.2,386.3,1257.6,1069.5
1214,2544,0,0.5383,1797.0,98.3,1920.0,566.9
1214,2769,0,0.8736,1678.6,192.2,1920.0,643.0
1214,2698,0,0.9545,815.9,51.0,1920.0,1063.9
1214,2799,0,0.836,1481.4,119.9,1664.3,470.5
1214,2725,0,0.9066,0.0,7.1,225.2,492.2
1214,2789,0,0.8587,1247.8,29.4,1450.4,314.7
1214,2806,0,0.6918,43.3,475.2,642.4,1068.2
1214,2740,0,0.4897,543.6,291.8,715.8,571.5
1214,2835,0,0.8299,810.3,162.6,1025.5,496.2
1214,2807,0,0.3983,1.5,261.8,75.0,486.8
1214,2840,0,0.3445,112.5,1.8,431.8,290.2
1214,2790,0,0.6166,687.5,372.3,1304.2,1069.1
1214,2692,0,0.3571,1709.2,0.0,1881.2,138.4
1215,2544,0,0.4847,1799.9,93.5,1919.9,546.3
1215,2769,0,0.8562,1680.4,188.3,1920.0,639.4
1215,2698,0,0.9585,832.3,45.2,1920.0,1064.7
1215,2799,0,0.8256,1482.6,116.4,1665.7,462.2
1215,2725,0,0.8668,0.0,3.9,210.7,487.7
1215,2789,0,0.8355,1249.8,25.6,1451.8,305.1
1215,2806,0,0.8144,0.0,364.5,692.2,1067.7
1215,2740,0,0.5715,527.7,287.8,734.6,627.2
1215,2835,0,0.8448,804.5,154.7,1023.8,487.8
1215,2790,0,0.4449,690.2,356.3,1334.0,1069.4
1215,2841,0,0.4136,172.9,315.1,345.3,520.3
1215,2842,0,0.3949,932.7,94.2,1072.0,388.8
1216,2544,0,0.528,1801.1,90.4,1918.3,531.0
1216,2769,0,0.8648,1681.1,186.4,1920.0,637.8
1216,2698,0,0.957,848.0,42.3,1920.0,1064.4
1216,2799,0,0.8195,1482.7,113.9,1667.7,459.7
1216,2789,0,0.8609,1250.8,23.5,1451.8,296.8
1216,2806,0,0.8452,0.0,318.6,709.6,1067.5
1216,2740,0,0.51,523.4,285.1,743.3,647.4
1216,2835,0,0.8472,790.8,147.7,1015.0,479.9
1216,2790,0,0.6256,618.7,344.4,1256.5,1069.1
1216,2841,0,0.4315,170.7,313.8,343.0,518.9
1216,2842,0,0.6381,934.1,96.8,1072.9,389.1
1216,2809,0,0.7945,0.0,13.1,174.9,488.0
1216,2836,0,0.3963,108.5,3.5,510.9,519.7
1217,2544,0,0.4779,1800.0,86.0,1917.5,525.5
1217,2769,0,0.881,1680.8,186.1,1920.0,638.5
1217,2698,0,0.9559,864.3,20.7,1920.0,1047.8
1217,2799,0,0.8094,1481.8,113.7,1669.2,461.4
1217,2789,0,0.8533,1251.4,23.2,1450.6,289.0
1217,2806,0,0.8574,0.0,303.7,712.0,1067.4
1217,2740,0,0.5304,523.0,284.6,749.0,657.0
1217,2835,0,0.8234,786.2,145.0,1013.4,474.6
1217,2790,0,0.6714,592.5,335.0,1223.9,1069.4
1217,2841,0,0.5003,167.6,314.2,340.1,519.7
1217,2842,0,0.6071,932.7,97.8,1073.5,393.2
1217,2809,0,0.5273,0.0,6.5,164.3,487.7
1217,2836,0,0.633,103.9,3.4,507.8,520.2
1218,2544,0,0.4174,1798.9,90.1,1916.6,527.8
1218,2769,0,0.8615,1680.6,186.4,1920.0,640.0
1218,2698,0,0.9563,872.4,5.1,1920.0,1045.3
1218,2799,0,0.802,1481.4,114.0,1670.8,463.5
1218,2789,0,0.8615,1252.5,23.8,1447.9,279.2
1218,2806,0,0.7851,0.0,298.8,709.9,1067.2
1218,2740,0,0.6116,520.0,285.6,748.0,662.1
1218,2835,0,0.7942,772.7,144.7,1002.7,470.4
1218,2790,0,0.6831,586.4,328.3,1210.3,1069.2
1218,2841,0,0.3753,163.5,315.1,336.4,521.0
1218,2842,0,0.4279,916.8,99.7,1062.0,401.4
1218,2809,0,0.555,0.0,4.2,149.7,489.4
1218,2840,0,0.3786,103.1,1.6,420.2,286.9
1219,2544,0,0.3871,1796.7,90.9,1916.3,533.2
1219,2769,0,0.8753,1680.2,186.7,1920.0,641.6
1219,2698,0,0.9426,883.3,0.0,1920.0,1042.1
1219,2799,0,0.7996,1484.3,114.8,1672.6,462.0
1219,2789,0,0.8595,1253.3,24.1,1444.0,267.8
1219,2806,0,0.6973,15.1,410.5,661.4,1067.7
1219,2740,0,0.6241,512.9,285.7,739.2,663.3
1219,2790,0,0.5155,587.3,320.4,1205.5,1068.7
1219,2841,0,0.4379,159.5,315.6,332.3,521.3
1219,2842,0,0.7386,884.0,103.4,1053.0,450.7
1219,2840,0,0.4475,98.6,1.3,417.5,287.1
1220,2544,0,0.4062,1794.9,89.9,1915.8,533.9
1220,2769,0,0.8784,1680.1,185.9,1920.0,641.7
1220,2698,0,0.9521,891.1,0.0,1920.0,1044.1
1220,2799,0,0.7901,1488.6,114.4,1673.2,455.1
1220,2789,0,0.6453,1253.8,23.2,1431.6,243.9
1220,2806,0,0.6815,0.0,340.1,685.8,1066.4
1220,2740,0,0.7053,505.9,285.2,730.1,663.8
1220,2790,0,0.7513,655.2,308.0,1297.2,1068.9
1220,2841,0,0.3709,155.7,315.3,328.3,520.8
1220,2842,0,0.7632,872.8,103.8,1049.0,462.0
1220,2840,0,0.4775,94.2,1.4,414.1,286.6
1220,2843,0,0.6455,740.3,152.2,873.8,322.3
1221,2544,0,0.3848,1793.6,86.3,1916.1,533.7
1221,2769,0,0.8919,1680.5,184.7,1920.0,640.8
1221,2698,0,0.8913,953.0,105.1,1920.0,1059.1
1221,2799,0,0.8101,1492.9,113.1,1670.8,440.7
1221,2789,0,0.8077,1259.9,21.4,1423.7,217.7
1221,2806,0,0.7246,10.3,418.7,648.6,1067.6
1221,2740,0,0.4537,502.0,284.3,723.3,662.6
1221,2790,0,0.4815,617.4,296.4,1258.3,1069.1
1221,2841,0,0.4147,152.1,314.0,325.1,519.7
1221,2842,0,0.8046,867.4,100.5,1046.5,459.5
1221,2840,0,0.4023,90.7,1.4,410.6,285.3
1221,2843,0,0.6905,731.7,162.6,848.3,310.3
1221,2807,0,0.4804,0.0,271.4,58.8,476.3
1222,2769,0,0.8527,1681.4,184.2,1920.0,641.2
1222,2698,0,0.9474,980.0,137.3,1920.0,1068.5
1222,2799,0,0.7725,1498.4,111.9,1668.5,422.1
1222,2789,0,0.7384,1267.5,20.0,1414.1,187.8
1222,2806,0,0.822,17.0,449.3,629.6,1067.7
1222,2740,0,0.4539,528.3,282.8,760.4,665.4
1222,2790,0,0.7256,660.7,279.2,1326.8,1069.6
1222,2841,0,0.3024,148.5,313.3,321.9,519.5
1222,2842,0,0.8106,869.2,95.8,1048.3,448.1
1222,2840,0,0.3595,86.9,1.6,406.8,283.9
1222,2843,0,0.6948,718.1,167.1,818.8,293.5
1222,2844,0,0.57,1009.8,2.0,1278.5,236.4
1222,2807,0,0.3806,0.0,274.3,54.9,472.8
1223,2769,0,0.8332,1682.0,183.8,1920.0,642.1
1223,2698,0,0.9068,979.4,128.0,1920.0,1066.9
1223,2799,0,0.7853,1506.7,111.1,1666.2,398.5
1223,2806,0,0.8706,13.9,458.1,619.2,1066.7
1223,2740,0,0.4938,515.2,281.2,720.4,619.1
1223,2790,0,0.6491,654.3,257.3,1341.6,1069.3
1223,2841,0,0.5714,145.5,312.2,317.7,516.8
1223,2842,0,0.8141,876.0,92.6,1052.7,432.5
1223,2840,0,0.3458,84.4,1.9,404.3,282.6
1223,2843,0,0.6292,699.2,171.9,794.7,290.2
1223,2844,0,0.4548,1027.3,2.3,1267.3,210.6
1223,2807,0,0.4767,0.0,275.4,51.1,468.7
1223,2544,0,0.4376,1807.7,87.5,1905.3,427.7
1224,2769,0,0.8053,1682.7,183.1,1920.0,642.3
1224,2698,0,0.8801,966.2,106.9,1920.0,1064.8
1224,2799,0,0.6902,1519.5,110.7,1658.0,351.7
1224,2806,0,0.6776,5.5,457.7,609.0,1064.6
1224,2740,0,0.3947,510.7,281.4,704.2,598.7
1224,2790,0,0.5786,652.5,237.9,1357.9,1067.3
1224,2841,0,0.4921,143.5,311.1,314.9,514.2
1224,2842,0,0.8108,884.7,90.7,1059.6,417.5
1224,2840,0,0.3468,81.4,2.1,401.6,281.2
1224,2843,0,0.6076,682.1,175.1,770.1,281.3
1224,2844,0,0.4506,1048.7,2.0,1258.3,181.7
1224,2807,0,0.3414,0.0,276.3,47.8,464.2
1224,2544,0,0.4227,1810.4,86.0,1904.0,399.4
1225,2769,0,0.7846,1683.7,181.7,1920.0,643.2
1225,2698,0,0.9165,943.1,35.9,1920.0,1062.8
1225,2799,0,0.7139,1530.8,108.9,1654.4,315.6
1225,2806,0,0.7968,0.0,453.7,602.9,1064.9
1225,2740,0,0.4691,528.4,280.7,756.2,643.5
1225,2790,0,0.7147,610.9,218.0,1323.0,1066.4
1225,2841,0,0.5207,141.2,309.8,313.0,512.9
1225,2842,0,0.8072,895.8,88.8,1071.5,405.6
1225,2840,0,0.4784,79.4,1.6,400.4,279.7
1225,2843,0,0.4171,658.2,172.7,749.1,279.9
1225,2807,0,0.339,0.0,276.0,45.1,459.5
1225,2544,0,0.4039,1811.2,84.3,1904.8,386.9
1226,2769,0,0.7229,1685.5,180.5,1920.0,645.7
1226,2698,0,0.914,938.1,9.3,1920.0,1067.2
1226,2799,0,0.6272,1540.5,107.4,1652.7,286.1
1226,2806,0,0.6667,0.0,451.9,590.6,1064.4
1226,2740,0,0.3884,508.3,282.5,736.9,655.7
1226,2790,0,0.6585,640.8,189.3,1384.6,1066.8
1226,2841,0,0.5593,137.8,309.9,310.9,514.2
1226,2842,0,0.7542,905.0,86.3,1085.9,399.3
1226,2840,0,0.3771,76.4,1.8,398.0,278.7
1226,2807,0,0.3102,0.0,280.9,41.6,457.5
1227,2769,0,0.7695,1687.2,182.2,1920.0,649.6
1227,2698,0,0.8748,940.7,0.0,1920.0,1068.7
1227,2799,0,0.5835,1540.7,108.1,1650.9,278.2
1227,2806,0,0.566,0.0,458.5,573.0,1065.5
1227,2740,0,0.5837,530.4,288.9,765.6,665.0
1227,2790,0,0.8346,646.1,180.3,1405.3,1066.7
1227,2841,0,0.5512,132.5,311.2,308.1,518.7
1227,2842,0,0.7619,903.0,87.2,1086.5,393.5
1227,2840,0,0.4883,69.5,1.6,395.2,280.5
1227,2843,0,0.587,610.7,166.9,712.8,285.5
1227,2544,0,0.3971,1812.1,84.1,1907.0,381.6
1228,2769,0,0.7231,1687.7,184.3,1920.0,657.6
1228,2698,0,0.9118,951.5,0.0,1920.0,1070.6
1228,2799,0,0.5148,1536.9,111.6,1644.6,273.9
1228,2806,0,0.8276,0.0,468.9,553.0,1066.0
1228,2740,0,0.7187,529.7,314.5,759.9,672.0
1228,2790,0,0.8444,619.4,182.0,1376.8,1065.0
1228,2841,0,0.5282,126.9,314.7,303.9,523.7
1228,2842,0,0.8072,894.9,89.8,1081.9,391.8
1228,2544,0,0.4468,1811.5,87.1,1908.5,382.7
1228,2833,0,0.4202,1679.2,56.4,1873.7,357.2
1228,2836,0,0.5147,61.4,2.8,475.8,529.5
1229,2769,0,0.8045,1689.1,186.6,1920.0,659.3
1229,2698,0,0.9189,963.6,0.0,1920.0,1067.3
1229,2799,0,0.4917,1535.1,115.0,1643.1,274.0
1229,2806,0,0.6384,0.0,484.0,530.1,1065.6
1229,2740,0,0.6949,525.3,314.7,767.5,679.5
1229,2790,0,0.9012,603.7,185.0,1361.6,1068.0
1229,2841,0,0.5656,122.5,319.0,300.4,528.7
1229,2842,0,0.8181,890.4,92.8,1082.4,393.8
1229,2544,0,0.4078,1811.1,89.3,1910.2,384.6
1229,2848,0,0.8233,454.4,159.0,692.4,550.8
1229,2833,0,0.4146,1678.5,57.7,1872.7,357.7
1229,2836,0,0.5783,49.9,2.2,464.5,530.0
1230,2769,0,0.7046,1688.3,187.7,1920.0,663.7
1230,2698,0,0.9432,972.2,0.0,1920.0,1064.9
1230,2799,0,0.458,1530.8,116.8,1644.8,281.2
1230,2806,0,0.8439,0.0,500.9,465.9,1067.0
1230,2740,0,0.7808,510.8,304.8,765.0,682.0
1230,2790,0,0.9332,605.4,191.7,1360.1,1068.0
1230,2841,0,0.634,118.2,321.0,296.9,531.8
1230,2842,0,0.8297,886.2,93.9,1082.8,394.3
1230,2544,0,0.4221,1810.3,89.7,1911.3,384.8
1230,2848,0,0.7062,434.0,152.4,683.8,563.3
1230,2833,0,0.4493,1674.8,58.3,1870.7,362.3
1230,2836,0,0.8132,39.9,2.2,452.9,531.0
1231,2769,0,0.8193,1687.1,187.4,1920.0,663.9
1231,2698,0,0.9379,980.6,0.0,1920.0,1053.0
1231,2799,0,0.6128,1525.1,117.3,1649.3,294.8
1231,2806,0,0.5383,0.0,517.2,460.6,1065.2
1231,2740,0,0.7591,506.8,299.1,770.5,683.3
1231,2790,0,0.9337,612.3,198.1,1364.6,1067.3
1231,2841,0,0.6492,114.3,321.6,294.5,534.1
1231,2842,0,0.8218,880.5,94.1,1082.6,395.1
1231,2544,0,0.4209,1809.7,88.4,1912.4,383.8
1231,2848,0,0.729,415.9,147.2,671.6,566.8
1231,2833,0,0.3918,1669.8,58.7,1868.2,369.7
1231,2836,0,0.7692,31.9,2.3,442.3,531.5
1232,2769,0,0.8353,1685.6,185.9,1920.0,665.2
1232,2698,0,0.9207,986.5,0.0,1920.0,1046.2
1232,2799,0,0.5429,1518.8,117.5,1663.6,324.1
1232,2806,0,0.8725,0.0,527.5,447.3,1066.5
1232,2740,0,0.8043,505.5,296.4,776.1,683.6
1232,2790,0,0.9302,623.3,202.3,1374.8,1067.4
1232,2841,0,0.6389,111.9,320.6,293.5,535.0
1232,2842,0,0.8347,879.5,93.7,1085.6,394.1
1232,2544,0,0.4403,1810.9,89.2,1913.4,380.0
1232,2848,0,0.6658,397.8,144.9,652.9,562.6
1232,2833,0,0.4353,1665.3,58.0,1868.2,380.6
1232,2836,0,0.676,31.5,2.0,443.7,534.1
1233,2769,0,0.8068,1686.3,184.5,1920.0,664.6
1233,2698,0,0.9356,988.9,0.0,1920.0,1048.8
1233,2799,0,0.6573,1510.8,116.0,1685.5,368.6
1233,2806,0,0.8143,0.0,527.9,432.1,1067.1
1233,2740,0,0.8812,498.2,291.1,774.5,684.0
1233,2790,0,0.9361,629.3,201.5,1383.9,1067.9
1233,2841,0,0.6761,110.3,318.8,292.5,534.1
1233,2842,0,0.8265,878.3,91.8,1088.3,392.1
1233,2544,0,0.4785,1812.4,86.1,1913.8,369.9
1233,2848,0,0.5536,401.9,145.9,643.9,541.5
1233,2833,0,0.5245,1662.3,56.3,1868.3,389.6
1233,2836,0,0.4026,30.9,1.6,455.1,549.5
1234,2769,0,0.8356,1687.0,182.6,1920.0,663.3
1234,2698,0,0.9267,987.4,0.0,1920.0,1057.2
1234,2799,0,0.5665,1503.4,114.3,1709.9,418.6
1234,2806,0,0.8476,0.0,532.4,411.5,1064.1
1234,2740,0,0.8967,491.7,289.0,770.2,683.3
1234,2790,0,0.9458,636.5,194.3,1399.4,1069.4
1234,2841,0,0.6465,106.7,316.9,289.7,533.1
1234,2842,0,0.8053,882.3,89.4,1092.5,386.3
1234,2544,0,0.3349,1814.6,85.5,1914.7,362.6
1234,2848,0,0.5754,379.3,149.8,627.3,552.1
1234,2833,0,0.3661,1664.1,54.1,1867.4,386.0
1234,2836,0,0.5479,22.0,2.1,436.0,540.0
1235,2769,0,0.8538,1687.5,183.2,1920.0,663.7
1235,2698,0,0.9291,990.1,0.0,1920.0,1061.1
1235,2799,0,0.5415,1502.4,114.0,1709.0,423.8
1235,2806,0,0.8948,0.0,529.3,395.5,1065.2
1235,2740,0,0.9002,484.9,288.7,765.1,684.1
1235,2790,0,0.9471,641.9,184.5,1411.9,1069.3
1235,2841,0,0.6832,102.7,316.7,285.5,532.7
1235,2842,0,0.7737,886.1,88.2,1095.3,380.8
1235,2848,0,0.6175,359.1,153.8,609.7,556.9
1235,2836,0,0.5213,11.6,2.0,418.2,535.6
1236,2769,0,0.8519,1687.4,183.2,1920.0,665.3
1236,2698,0,0.912,1000.0,0.0,1920.0,1054.4
1236,2799,0,0.4449,1495.1,114.3,1729.7,474.5
1236,2806,0,0.9028,0.0,528.6,380.8,1066.8
1236,2740,0,0.8951,480.3,289.0,761.5,684.7
1236,2790,0,0.9476,644.4,173.3,1420.5,1068.8
1236,2841,0,0.6922,98.3,316.7,281.7,533.5
1236,2842,0,0.7625,889.8,87.3,1096.6,373.9
1236,2848,0,0.6483,338.0,156.3,591.4,561.0
1236,2836,0,0.4797,2.1,2.2,403.2,533.4
1236,2833,0,0.3538,1686.3,53.6,1890.2,375.8
1237,2769,0,0.8611,1687.1,182.3,1920.0,664.5
1237,2698,0,0.8599,1016.5,3.1,1920.0,1055.7
1237,2799,0,0.4269,1504.5,113.5,1707.0,427.6
1237,2806,0,0.9113,0.0,523.1,369.6,1066.9
1237,2740,0,0.8935,473.9,285.0,759.1,685.9
1237,2790,0,0.9457,644.7,154.2,1430.5,1069.1
1237,2841,0,0.6811,92.3,316.1,276.5,534.1
1237,2842,0,0.7466,907.2,86.3,1104.4,362.9
1237,2848,0,0.4765,320.1,158.7,574.1,560.0
1237,2836,0,0.5276,0.0,2.4,393.0,535.3
1237,2833,0,0.387,1674.0,52.8,1870.5,362.5
1238,2769,0,0.8461,1685.3,181.9,1920.0,666.0
1238,2698,0,0.9421,1022.1,3.0,1920.0,1061.3
1238,2799,0,0.4685,1508.4,112.9,1687.6,393.2
1238,2806,0,0.913,0.0,514.1,362.3,1064.7
1238,2740,0,0.8716,471.5,284.5,758.0,685.8
1238,2790,0,0.9566,643.6,136.3,1435.6,1068.8
1238,2841,0,0.7155,85.3,316.1,269.9,534.3
1238,2842,0,0.7868,915.7,85.5,1099.1,347.5
1238,2848,0,0.6577,297.7,152.4,559.5,562.2
1238,2836,0,0.4944,0.0,2.2,378.3,519.9
1238,2833,0,0.4551,1666.8,51.9,1861.2,358.0
1238,2544,0,0.3278,1813.6,88.9,1915.9,369.2
1239,2769,0,0.8568,1681.8,179.6,1920.0,669.6
1239,2698,0,0.9547,1025.1,4.3,1920.0,1061.2
1239,2799,0,0.4532,1512.1,112.5,1680.2,376.6
1239,2806,0,0.9234,0.0,495.6,362.3,1064.0
1239,2740,0,0.8707,462.8,287.6,750.9,687.7
1239,2790,0,0.9438,641.9,118.9,1436.4,1067.7
1239,2841,0,0.5952,76.9,317.7,261.1,535.5
1239,2842,0,0.7395,923.2,85.2,1091.7,330.7
1239,2848,0,0.6068,255.6,138.0,576.4,644.4
1239,2836,0,0.6258,0.0,1.9,360.8,487.4
1239,2833,0,0.5033,1656.1,52.3,1850.8,359.2
1239,2544,0,0.4196,1808.3,87.2,1916.1,379.9
1240,2769,0,0.8913,1676.7,180.0,1917.9,672.1
1240,2698,0,0.951,1022.1,5.2,1920.0,1058.7
1240,2806,0,0.9316,0.0,473.1,365.7,1066.4
1240,2740,0,0.8517,445.8,292.5,735.8,692.5
1240,2790,0,0.9426,643.4,101.8,1438.2,1066.8
1240,2842,0,0.6529,927.0,89.4,1074.7,308.3
1240,2848,0,0.7427,241.8,135.2,585.5,678.9
1240,2836,0,0.6261,0.0,1.9,347.5,469.9
1240,2833,0,0.3105,1668.0,56.8,1874.9,371.3
1241,2769,0,0.8863,1670.1,184.1,1914.1,678.6
1241,2698,0,0.9378,1014.6,5.7,1906.6,1058.8
1241,2806,0,0.9214,0.0,440.0,374.5,1066.6
1241,2740,0,0.8759,426.3,300.2,718.8,700.3
1241,2790,0,0.943,645.2,77.9,1441.4,1063.6
1241,2848,0,0.7638,222.3,148.6,569.4,697.1
1241,2836,0,0.685,0.0,1.3,338.6,467.5
1241,2833,0,0.3412,1668.2,63.2,1880.9,373.1
1241,2849,0,0.3662,1731.3,1.2,1920.0,137.3
1242,2769,0,0.902,1660.1,196.1,1906.1,688.7
1242,2698,0,0.933,1001.0,6.4,1881.3,1058.3
1242,2806,0,0.8829,0.0,390.8,390.0,1067.5
1242,2740,0,0.8767,417.8,311.1,711.0,710.4
1242,2790,0,0.9282,644.8,54.8,1440.6,1061.8
1242,2848,0,0.8251,211.2,158.2,559.8,713.3
1242,2836,0,0.7462,0.0,1.5,329.3,471.3
1242,2850,0,0.4562,1777.3,105.0,1917.5,651.6
1242,2799,0,0.4004,1516.4,131.4,1640.7,324.1
1243,2769,0,0.8467,1643.5,212.9,1891.8,705.3
1243,2698,0,0.9276,985.5,6.3,1853.4,1057.7
1243,2806,0,0.886,0.0,363.0,400.5,1065.0
1243,2740,0,0.8711,397.8,324.6,693.0,725.7
1243,2790,0,0.7172,631.1,22.0,1421.3,1049.4
1243,2848,0,0.6669,185.8,168.7,534.6,729.7
1243,2836,0,0.6335,0.0,2.2,308.1,453.0
1243,2850,0,0.6806,1766.7,120.5,1911.8,684.6
1243,2852,0,0.5188,1600.3,92.3,1798.6,402.0
1244,2769,0,0.8396,1623.6,234.6,1874.6,729.2
1244,2698,0,0.9188,972.4,6.0,1828.2,1059.6
1244,2806,0,0.9287,0.0,341.2,417.7,1066.6
1244,2740,0,0.876,377.6,345.9,672.8,747.0
1244,2790,0,0.7519,629.3,8.7,1404.3,1046.7
1244,2848,0,0.6889,199.3,192.2,468.9,612.6
1244,2836,0,0.3677,0.0,14.9,266.6,381.2
1244,2850,0,0.697,1754.0,139.5,1902.0,710.3
1244,2852,0,0.3492,1577.6,113.1,1774.7,421.2
1245,2769,0,0.84,1603.2,264.0,1854.6,754.2
1245,2698,0,0.8943,956.9,6.6,1798.1,1061.2
1245,2806,0,0.9061,0.0,291.9,450.5,1067.2
1245,2740,0,0.7753,363.1,373.4,656.0,772.5
1245,2790,0,0.8725,618.0,4.4,1369.7,1050.0
1245,2848,0,0.4191,208.4,224.9,423.3,552.1
1245,2850,0,0.5966,1742.3,167.3,1894.6,746.8
1245,2854,0,0.5215,1593.5,1.6,1887.8,225.5
1246,2769,0,0.8201,1582.4,294.8,1835.5,783.4
1246,2698,0,0.9021,944.1,6.6,1763.4,1054.9
1246,2806,0,0.858,0.0,156.9,510.1,1064.7
1246,2740,0,0.6905,358.3,403.5,646.3,802.0
1246,2790,0,0.806,625.0,1.6,1356.2,1054.9
1246,2850,0,0.516,1730.1,195.5,1886.7,779.1
1246,2854,0,0.6466,1562.7,1.5,1888.4,250.6
1247,2769,0,0.8309,1557.2,328.1,1812.0,815.2
1247,2698,0,0.9167,928.8,6.1,1729.3,1055.7
1247,2806,0,0.7243,0.0,55.5,551.7,1064.0
1247,2740,0,0.3772,353.4,436.8,630.8,830.1
1247,2790,0,0.8971,626.9,3.0,1321.4,1043.5
1247,2850,0,0.401,1714.4,222.2,1877.3,811.4
1247,2854,0,0.5073,1506.7,1.9,1874.1,285.1
1247,2856,0,0.6267,631.6,323.7,785.8,836.1
1247,2835,0,0.7365,563.4,1.3,843.7,425.5
1248,2769,0,0.8186,1528.8,363.9,1786.4,851.5
1248,2698,0,0.9047,912.0,8.2,1687.4,1051.7
1248,2806,0,0.6013,0.0,11.7,582.8,1068.3
1248,2790,0,0.8391,609.1,2.6,1276.0,1047.6
1248,2850,0,0.4794,1697.8,257.2,1866.8,842.9
1248,2854,0,0.6128,1455.3,1.6,1868.6,324.6
1248,2856,0,0.7536,614.1,346.1,772.0,868.4
1248,2857,0,0.5384,1280.9,1.7,1588.8,309.2
1248,2835,0,0.6595,543.0,0.0,823.4,448.1
1249,2769,0,0.7332,1499.0,397.5,1761.4,889.8
1249,2698,0,0.914,892.9,8.1,1647.3,1053.9
1249,2806,0,0.6243,0.0,0.0,614.3,1072.6
1249,2790,0,0.8072,594.4,2.8,1234.3,1047.6
1249,2854,0,0.712,1417.5,24.9,1846.6,365.8
1249,2856,0,0.7662,585.2,364.4,751.6,910.3
1249,2857,0,0.6519,1231.4,2.3,1583.3,355.4
1249,2835,0,0.5716,511.1,0.0,797.7,480.6
1250,2769,0,0.8468,1464.3,439.6,1728.0,931.3
1250,2698,0,0.871,868.4,26.2,1594.1,1063.7
1250,2806,0,0.5932,0.0,0.0,597.5,1070.2
1250,2790,0,0.7286,571.7,3.4,1185.9,1045.9
1250,2854,0,0.7003,1381.2,58.6,1812.5,407.8
1250,2856,0,0.7564,547.9,370.9,727.3,953.0
1250,2857,0,0.7027,1183.9,2.2,1568.9,391.6
1250,2835,0,0.7653,471.8,0.0,768.9,520.8
1250,2850,0,0.6439,1662.0,340.2,1845.1,933.6
1251,2769,0,0.7261,1429.2,482.1,1697.0,978.2
1251,2698,0,0.8142,801.1,14.4,1519.5,1070.4
1251,2806,0,0.6955,0.0,0.0,552.5,1067.2
1251,2790,0,0.8093,544.9,4.4,1136.9,1046.8
1251,2856,0,0.7171,513.0,414.9,695.6,998.7
1251,2857,0,0.7537,1136.8,2.4,1549.0,424.3
1251,2835,0,0.8123,431.8,0.5,736.9,560.0
1251,2850,0,0.4507,1657.7,260.2,1882.0,979.5
1251,2852,0,0.6959,1445.5,115.8,1672.0,462.8
1252,2769,0,0.85,1396.7,526.7,1665.2,1022.4
1252,2698,0,0.8786,767.8,11.8,1456.1,1049.5
1252,2806,0,0.809,0.0,0.0,513.1,1059.7
1252,2790,0,0.8708,515.3,1.5,1092.1,1055.4
1252,2856,0,0.7506,477.1,443.2,667.4,1044.1
1252,2857,0,0.7562,1094.7,6.7,1532.1,461.9
1252,2835,0,0.8673,393.9,0.2,710.5,605.5
1252,2850,0,0.7277,1620.9,367.3,1844.6,1024.3
1252,2861,0,0.5425,1280.5,447.1,1425.4,1020.2
1252,2852,0,0.7184,1413.8,144.8,1645.5,493.1
1253,2769,0,0.8675,1368.8,568.8,1636.7,1061.4
1253,2698,0,0.8753,739.5,10.7,1409.2,1046.3
1253,2806,0,0.8131,0.0,199.5,428.7,1067.1
1253,2790,0,0.8822,495.5,2.1,1056.5,1058.1
1253,2856,0,0.6418,448.5,479.0,638.9,1074.4
1253,2857,0,0.7084,1067.8,28.3,1508.9,496.4
1253,2835,0,0.8952,362.4,0.0,689.1,647.9
1253,2850,0,0.762,1593.0,438.6,1825.0,1063.4
1253,2861,0,0.5861,1262.7,485.1,1407.1,1056.6
1253,2852,0,0.7186,1386.0,180.2,1623.7,532.0
1253,2863,0,0.6917,1801.2,657.3,1920.0,1056.0
1253,2864,0,0.5386,594.6,71.8,773.1,518.3
1253,2865,0,0.487,1690.4,143.7,1910.7,582.9
1254,2769,0,0.8884,1349.3,602.3,1610.3,1078.1
1254,2698,0,0.8744,723.2,10.6,1372.6,1044.7
1254,2806,0,0.8983,0.0,360.5,358.4,1069.6
1254,2790,0,0.862,477.0,3.8,1021.9,1055.3
1254,2856,0,0.7436,433.0,509.8,618.6,1080.0
1254,2857,0,0.6671,1049.5,57.1,1489.3,533.8
1254,2835,0,0.8697,333.6,0.0,667.4,685.0
1254,2850,0,0.7737,1572.4,479.3,1815.5,1079.4
1254,2861,0,0.4838,1244.2,517.8,1385.0,1075.2
1254,2852,0,0.668,1367.4,213.2,1606.3,561.6
1254,2863,0,0.7227,1801.0,678.1,1918.0,1069.0
1254,2865,0,0.6813,1680.2,171.8,1901.2,610.5
1255,2769,0,0.8784,1336.4,628.0,1589.0,1080.0
1255,2698,0,0.8827,711.4,9.5,1345.9,1050.7
1255,2806,0,0.8677,0.0,453.4,307.2,1070.4
1255,2790,0,0.8277,463.0,3.0,998.7,1057.6
1255,2856,0,0.6534,415.1,540.4,594.0,1080.0
1255,2857,0,0.6125,1039.5,81.6,1469.2,558.0
1255,2835,0,0.8733,313.2,1.1,647.9,710.3
1255,2850,0,0.842,1557.8,510.0,1811.6,1080.0
1255,2861,0,0.5731,1228.5,543.4,1363.7,1078.9
1255,2852,0,0.6815,1351.8,237.1,1591.8,583.7
1255,2863,0,0.7962,1804.9,699.3,1917.3,1074.5
1255,2865,0,0.6938,1671.1,197.6,1893.6,636.3
1255,2864,0,0.5823,559.3,120.8,747.9,591.5
1256,2769,0,0.9019,1323.5,646.4,1569.2,1080.0
1256,2698,0,0.8515,700.4,8.8,1320.8,1054.3
1256,2806,0,0.8876,0.0,540.3,260.2,1071.7
1256,2790,0,0.5977,485.3,4.7,1023.5,1057.0
1256,2856,0,0.7249,399.3,559.9,574.5,1080.0
1256,2857,0,0.7119,1035.3,99.6,1452.0,572.8
1256,2835,0,0.8946,296.9,9.8,626.8,727.6
1256,2850,0,0.8647,1545.4,533.1,1810.7,1080.0
1256,2861,0,0.6242,1216.5,561.4,1347.0,1077.4
1256,2852,0,0.6244,1332.3,253.5,1580.9,610.0
1256,2863,0,0.7333,1811.4,717.2,1918.6,1075.0
1256,2865,0,0.699,1664.4,214.5,1889.4,653.5
1256,2864,0,0.7137,543.8,138.6,738.5,623.7
1257,2769,0,0.8942,1314.7,661.1,1555.1,1080.0
1257,2698,0,0.8308,699.3,8.8,1304.8,1054.7
1257,2806,0,0.7625,0.0,610.9,216.7,1072.3
1257,2790,0,0.8143,465.0,5.5,996.7,1055.3
1257,2856,0,0.7725,386.0,579.5,557.4,1080.0
1257,2857,0,0.4414,998.5,117.4,1471.8,673.9
1257,2835,0,0.8885,284.7,21.8,609.5,744.6
1257,2850,0,0.8604,1537.9,558.5,1811.8,1080.0
1257,2861,0,0.5187,1203.7,578.2,1330.6,1079.3
1257,2852,0,0.6669,1324.3,268.6,1570.8,619.1
1257,2863,0,0.787,1819.6,734.3,1920.0,1074.8
1257,2865,0,0.8144,1656.3,230.9,1884.9,670.3
1257,2864,0,0.3345,535.3,157.9,727.8,635.7
1257,2868,32,0.4029,703.5,609.0,830.0,772.1
1258,2769,0,0.899,1308.1,677.9,1541.8,1080.0
1258,2698,0,0.8438,702.2,8.6,1295.5,1055.4
1258,2806,0,0.7373,0.0,673.3,172.7,1070.4
1258,2790,0,0.8475,438.6,6.0,958.9,1055.1
1258,2856,0,0.6069,376.7,603.0,542.3,1079.6
1258,2857,0,0.56,1011.2,132.6,1440.6,650.2
1258,2835,0,0.8896,276.4,36.3,594.6,758.5
1258,2850,0,0.8739,1527.0,573.6,1812.9,1080.0
1258,2861,0,0.4599,1195.2,591.5,1319.5,1080.0
1258,2852,0,0.6945,1313.9,281.9,1564.0,635.2
1258,2863,0,0.703,1830.0,750.5,1920.0,1074.8
1258,2865,0,0.8136,1649.9,247.9,1882.5,687.6
1258,2869,0,0.765,119.2,778.2,287.5,1075.0
1259,2769,0,0.8804,1304.2,691.2,1533.9,1080.0
1259,2698,0,0.6541,701.3,9.1,1284.3,1054.1
1259,2806,0,0.6245,0.0,737.4,121.2,1071.9
1259,2790,0,0.7626,433.0,10.0,939.5,1049.3
1259,2856,0,0.4764,371.4,646.3,525.0,1079.2
1259,2857,0,0.591,1020.5,145.5,1422.3,641.4
1259,2835,0,0.8853,269.9,50.1,581.8,769.9
1259,2850,0,0.8499,1517.2,582.7,1817.2,1080.0
1259,2861,0,0.4108,1188.2,601.1,1310.9,1080.0
1259,2852,0,0.7085,1307.9,293.0,1557.7,643.9
1259,2863,0,0.406,1842.3,778.9,1920.0,1073.7
1259,2865,0,0.8588,1644.8,259.7,1882.1,699.7
1259,2869,0,0.8443,91.4,789.7,255.4,1075.5
1260,2769,0,0.88,1301.2,697.2,1530.4,1080.0
1260,2698,0,0.789,694.7,8.8,1274.2,1055.6
1260,2790,0,0.8193,440.9,14.2,939.3,1046.1
1260,2856,0,0.464,367.0,672.2,513.7,1078.9
1260,2857,0,0.5824,1021.4,154.4,1412.2,647.6
1260,2835,0,0.8842,265.4,59.1,572.0,776.4
1260,2850,0,0.9033,1510.1,593.5,1821.9,1080.0
1260,2852,0,0.6854,1304.7,300.2,1553.7,648.0
1260,2865,0,0.8458,1640.4,268.0,1883.1,709.2
1260,2869,0,0.8746,65.9,796.8,230.0,1076.5
1260,2864,0,0.4869,549.6,190.7,677.3,489.9
1261,2769,0,0.8791,1298.5,700.3,1528.6,1080.0
1261,2698,0,0.7161,603.7,8.9,1203.6,1056.5
1261,2790,0,0.5987,431.1,32.4,920.1,1058.4
1261,2856,0,0.3711,357.2,680.9,503.0,1078.7
1261,2857,0,0.5182,1017.5,158.4,1407.0,661.1
1261,2835,0,0.8826,263.6,63.2,561.3,766.8
1261,2850,0,0.9028,1502.5,598.9,1827.9,1079.4
1261,2852,0,0.7427,1302.2,303.6,1552.6,651.6
1261,2865,0,0.8085,1636.3,271.5,1884.5,713.8
1261,2869,0,0.8811,56.1,801.3,222.2,1076.8
1261,2871,0,0.523,984.1,1.6,1205.8,344.3
1261,2872,0,0.3606,1285.2,554.1,1491.7,882.0
1261,2864,0,0.606,545.9,192.6,671.3,471.9
1262,2769,0,0.8858,1295.3,703.0,1526.5,1079.4
1262,2698,0,0.7596,563.4,7.7,1183.8,1058.5
1262,2790,0,0.4415,419.8,37.9,900.5,1063.9
1262,2856,0,0.368,348.4,686.2,493.6,1078.2
1262,2857,0,0.7152,1007.8,160.7,1399.6,676.1
1262,2835,0,0.8834,260.5,66.5,552.0,761.0
1262,2850,0,0.8902,1495.3,603.6,1833.5,1078.3
1262,2852,0,0.7771,1299.7,305.4,1550.6,652.6
1262,2865,0,0.8597,1632.6,274.0,1885.5,715.7
1262,2869,0,0.8824,51.0,805.3,220.1,1077.0
1262,2871,0,0.7514,969.6,1.8,1201.8,360.3
1262,2872,0,0.3132,1280.6,556.4,1489.9,888.6
1262,2864,0,0.7625,540.4,195.9,664.6,459.5
1263,2769,0,0.8893,1291.1,706.8,1523.4,1079.5
1263,2698,0,0.8756,541.5,6.8,1180.5,1060.2
1263,2856,0,0.4167,344.3,693.8,487.2,1077.7
1263,2857,0,0.7613,1003.1,165.0,1392.7,686.5
1263,2835,0,0.8719,256.4,69.9,545.2,761.8
1263,2850,0,0.9082,1487.1,606.9,1838.4,1077.5
1263,2852,0,0.7313,1296.2,310.5,1545.2,653.3
1263,2865,0,0.8579,1628.5,278.2,1886.8,720.3
1263,2869,0,0.8947,47.1,810.5,218.5,1077.1
1263,2871,0,0.8309,952.6,1.9,1195.0,375.4
1263,2872,0,0.3195,1272.8,562.1,1483.8,897.6
1263,2864,0,0.7302,529.4,201.0,656.4,460.4
1264,2769,0,0.8894,1285.9,710.1,1518.6,1078.8
1264,2698,0,0.7977,581.9,7.1,1223.1,1060.0
1264,2857,0,0.7884,1002.6,170.9,1383.8,688.6
1264,2835,0,0.6593,249.8,76.1,537.5,768.7
1264,2850,0,0.8986,1477.7,610.2,1841.7,1077.1
1264,2852,0,0.7037,1290.1,317.7,1539.0,658.7
1264,2865,0,0.8766,1621.7,283.7,1887.2,728.7
1264,2869,0,0.87,42.6,818.4,214.6,1077.2
1264,2871,0,0.8568,932.0,2.1,1182.6,386.5
1264,2878,0,0.3545,1874.5,226.9,1918.7,462.1
1264,2790,0,0.5939,435.2,195.7,845.3,1069.3
1265,2769,0,0.8689,1277.0,710.3,1512.2,1078.5
1265,2698,0,0.8472,586.2,8.1,1231.4,1056.0
1265,2857,0,0.4828,997.9,176.9,1370.5,690.3
1265,2835,0,0.7125,241.1,82.8,526.9,773.4
1265,2850,0,0.9006,1469.0,616.5,1843.1,1076.6
1265,2852,0,0.6707,1280.8,324.8,1531.5,666.9
1265,2865,0,0.8684,1615.1,291.1,1886.4,735.9
1265,2869,0,0.8795,35.5,826.5,206.9,1076.9
1265,2871,0,0.7474,913.8,2.1,1171.9,395.7
1265,2878,0,0.3239,1869.6,226.3,1915.2,467.8
1265,2790,0,0.3141,447.6,335.4,798.7,1069.4
1265,2872,0,0.4055,1253.9,578.0,1463.9,912.4
1266,2769,0,0.8872,1269.1,720.8,1500.1,1077.3
1266,2698,0,0.8952,565.8,10.7,1216.2,1054.2
1266,2857,0,0.5351,997.7,183.0,1354.3,679.4
1266,2835,0,0.8674,229.8,90.1,513.2,776.1
1266,2850,0,0.8437,1449.1,609.3,1843.5,1075.1
1266,2852,0,0.6809,1270.4,336.0,1518.7,672.9
1266,2865,0,0.8521,1607.3,296.8,1885.7,743.1
1266,2869,0,0.8731,26.2,834.0,195.8,1076.3
1266,2871,0,0.8529,898.1,2.0,1160.7,400.1
1266,2878,0,0.3493,1862.9,225.5,1912.6,485.7
1266,2790,0,0.7076,433.4,389.9,762.3,1070.5
1266,2856,0,0.3497,310.8,717.9,445.5,1079.3
1267,2769,0,0.8861,1257.6,723.6,1489.5,1076.6
1267,2698,0,0.8407,540.7,16.2,1194.7,1043.5
1267,2857,0,0.6209,966.0,188.6,1369.0,765.6
1267,2835,0,0.8209,215.0,96.4,499.3,786.5
1267,2850,0,0.8851,1437.1,611.9,1844.9,1075.5
1267,2852,0,0.7055,1260.0,343.8,1506.8,677.0
1267,2865,0,0.8707,1597.6,301.6,1883.6,748.7
1267,2869,0,0.8657,18.9,841.5,186.1,1075.9
1267,2871,0,0.8585,884.6,1.8,1149.2,400.6
1267,2790,0,0.3969,404.8,413.2,721.2,1070.6
1267,2872,0,0.3517,1217.6,591.3,1423.6,922.3
1268,2769,0,0.8745,1245.6,726.3,1478.3,1075.7
1268,2698,0,0.8939,504.1,33.2,1173.4,1059.3
1268,2857,0,0.4493,977.1,194.3,1341.6,721.3
1268,2835,0,0.8667,198.8,102.1,486.5,802.7
1268,2850,0,0.8826,1430.0,624.2,1842.8,1075.0
1268,2852,0,0.7048,1244.7,346.4,1494.4,682.8
1268,2865,0,0.8215,1588.0,306.5,1882.2,755.1
1268,2869,0,0.8589,12.4,848.2,176.5,1075.5
1268,2871,0,0.8574,870.3,1.9,1136.0,399.0
1269,2769,0,0.8715,1233.1,730.0,1466.3,1075.2
1269,2698,0,0.9071,494.6,18.4,1179.6,1052.1
1269,2857,0,0.4989,954.3,198.8,1344.7,778.3
1269,2835,0,0.8324,181.3,106.7,469.0,807.9
1269,2850,0,0.8509,1414.5,623.5,1843.1,1074.6
1269,2852,0,0.676,1229.8,347.8,1482.5,687.1
1269,2865,0,0.806,1576.7,312.1,1879.0,760.4
1269,2869,0,0.8914,4.2,853.6,165.2,1075.8
1269,2871,0,0.8642,854.9,1.8,1120.4,394.9
1269,2885,0,0.5192,1823.0,188.6,1915.3,609.0
1270,2769,0,0.8463,1222.0,732.6,1456.1,1074.8
1270,2698,0,0.8944,484.4,17.5,1184.8,1062.4
1270,2857,0,0.808,949.8,201.6,1328.7,775.7
1270,2835,0,0.8034,164.3,109.2,452.8,813.7
1270,2850,0,0.8418,1407.4,636.5,1840.1,1074.2
1270,2852,0,0.7477,1215.8,349.3,1470.3,690.7
1270,2865,0,0.6931,1564.0,315.5,1876.1,765.8
1270,2869,0,0.858,0.0,858.1,152.4,1075.7
1270,2871,0,0.8788,840.3,1.9,1106.1,391.8
1270,2885,0,0.5806,1809.5,156.2,1917.0,645.4
1270,2790,0,0.4629,274.1,126.4,708.1,1076.5
1271,2769,0,0.8264,1212.1,732.5,1449.1,1074.7
1271,2698,0,0.8108,443.2,20.2,1159.5,1064.7
1271,2857,0,0.8264,943.3,204.0,1314.8,778.4
1271,2835,0,0.8597,148.2,111.3,437.7,819.5
1271,2850,0,0.8377,1391.4,634.0,1841.8,1073.8
1271,2852,0,0.7023,1203.0,352.5,1458.2,694.4
1271,2865,0,0.7129,1553.1,317.6,1874.9,768.9
1271,2869,0,0.8339,0.0,862.3,140.5,1075.2
1271,2871,0,0.8496,823.9,1.8,1091.0,389.0
1271,2885,0,0.5923,1803.6,138.3,1912.1,629.6
1271,2790,0,0.4317,255.1,57.4,701.6,1078.8
1271,2864,0,0.5685,415.4,254.5,536.3,486.8
1271,2856,0,0.3497,233.4,742.6,359.0,1078.4
1272,2769,0,0.8363,1207.9,735.8,1447.3,1074.7
1272,2698,0,0.8683,410.4,21.3,1142.9,1065.6
1272,2857,0,0.8242,945.0,205.2,1297.1,759.4
1272,2835,0,0.8216,132.5,112.7,423.2,823.9
1272,2850,0,0.518,1327.7,622.5,1813.8,1073.4
1272,2852,0,0.718,1191.5,354.9,1447.1,696.8
1272,2865,0,0.5877,1541.9,319.4,1874.7,773.2
1272,2869,0,0.8285,0.0,866.0,129.1,1075.5
1272,2871,0,0.7725,814.4,1.7,1076.8,376.5
1272,2885,0,0.4906,1799.3,132.9,1905.7,608.5
1272,2887,0,0.3951,0.0,705.8,106.8,859.6
1272,2864,0,0.3506,404.7,250.1,535.4,487.6
1273,2769,0,0.8704,1211.3,752.3,1447.1,1074.7
1273,2698,0,0.7693,391.2,18.3,1139.7,1068.3
1273,2857,0,0.703,963.8,206.9,1284.1,718.4
1273,2835,0,0.8406,117.3,114.3,411.1,833.9
1273,2850,0,0.5821,1355.7,647.0,1832.1,1073.9
1273,2852,0,0.7568,1183.2,361.2,1437.2,699.9
1273,2865,0,0.6728,1532.0,322.5,1874.4,777.2
1273,2869,0,0.7913,0.0,871.2,118.3,1076.5
1273,2871,0,0.7474,814.2,1.4,1062.8,349.5
1273,2885,0,0.7859,1794.4,134.0,1903.0,612.4
1273,2864,0,0.3791,398.6,250.0,538.9,490.5
1273,2790,0,0.6886,272.0,58.8,707.1,1070.7
1273,2856,0,0.4111,208.5,744.4,334.1,1077.1
1274,2769,0,0.8839,1209.9,759.1,1450.2,1074.3
1274,2698,0,0.8374,478.8,10.7,1216.6,1064.5
1274,2857,0,0.472,979.5,209.6,1243.8,637.9
1274,2835,0,0.8544,104.1,117.4,401.7,848.2
1274,2850,0,0.8926,1362.9,659.6,1840.1,1073.4
1274,2852,0,0.7806,1175.5,366.1,1428.2,701.7
1274,2865,0,0.7658,1523.8,326.0,1874.7,779.9
1274,2869,0,0.7656,0.0,879.1,106.9,1076.4
1274,2871,0,0.7259,830.9,1.8,1048.9,297.7
1274,2885,0,0.5753,1789.2,134.6,1900.9,617.8
1274,2864,0,0.5356,392.7,250.3,543.1,493.8
1274,2790,0,0.8268,286.6,58.9,714.5,1060.9
1274,2856,0,0.3543,198.3,745.0,324.8,1076.0
1275,2769,0,0.8811,1208.8,768.6,1453.7,1073.9
1275,2698,0,0.8523,523.7,8.7,1247.1,1063.8
1275,2857,0,0.6886,978.0,213.4,1218.0,607.4
1275,2835,0,0.8618,88.6,120.5,388.0,856.7
1275,2850,0,0.8975,1360.2,669.7,1841.6,1073.0
1275,2852,0,0.81,1161.8,369.9,1416.1,705.4
1275,2865,0,0.7954,1512.7,331.1,1871.7,784.7
1275,2869,0,0.7584,0.0,887.1,94.2,1075.8
1275,2871,0,0.6558,842.3,1.9,1043.5,268.9
1275,2885,0,0.7417,1785.4,139.8,1895.6,602.0
1275,2790,0,0.8609,284.3,25.0,717.9,1047.3
1275,2856,0,0.3888,188.8,751.2,315.4,1075.7
1275,2872,0,0.3482,1130.5,626.6,1331.3,945.6
1276,2769,0,0.8732,1207.0,777.0,1457.1,1073.0
1276,2698,0,0.9019,521.5,7.4,1237.3,1066.0
1276,2857,0,0.621,973.8,220.0,1201.7,599.2
1276,2835,0,0.9027,69.2,126.1,373.5,875.7
1276,2850,0,0.7883,1350.3,677.4,1839.5,1073.2
1276,2852,0,0.797,1147.9,374.5,1405.9,713.4
1276,2865,0,0.7098,1498.5,338.6,1864.8,791.0
1276,2871,0,0.7487,848.6,2.1,1038.3,250.0
1276,2885,0,0.6332,1777.1,145.4,1890.6,604.0
1276,2790,0,0.9244,285.2,46.4,708.5,1042.1
1276,2856,0,0.3755,176.0,759.3,302.5,1075.1
1276,2864,0,0.5137,369.9,257.1,537.0,513.7
1277,2769,0,0.8735,1202.2,784.1,1459.7,1072.3
1277,2698,0,0.9049,524.4,6.2,1233.1,1070.7
1277,2857,0,0.4761,965.3,226.3,1186.6,601.0
1277,2835,0,0.8856,49.1,131.9,356.0,888.5
1277,2850,0,0.3428,1337.4,684.4,1836.0,1073.7
1277,2852,0,0.7947,1132.2,380.8,1393.1,722.3
1277,2865,0,0.5897,1481.3,345.8,1855.3,798.0
1277,2871,0,0.5253,851.5,2.0,1033.4,239.4
1277,2885,0,0.7349,1765.6,151.1,1887.9,626.0
1277,2790,0,0.9358,283.8,61.8,703.6,1045.1
1277,2864,0,0.3056,348.4,262.1,530.1,532.6
1278,2769,0,0.8677,1193.7,791.8,1458.6,1072.2
1278,2698,0,0.8536,530.4,10.9,1229.7,1077.2
1278,2835,0,0.8787,29.7,137.7,336.7,895.7
1278,2852,0,0.7879,1113.4,386.7,1375.5,728.5
1278,2865,0,0.6437,1457.7,351.6,1840.6,806.1
1278,2871,0,0.4253,848.4,2.0,1030.4,243.3
1278,2885,0,0.462,1752.5,160.5,1883.1,644.2
1278,2790,0,0.9375,279.6,73.4,701.9,1054.1
1279,2769,0,0.7814,1179.9,800.5,1450.1,1072.8
1279,2698,0,0.843,531.8,9.7,1210.0,1057.9
1279,2835,0,0.8721,6.9,144.2,311.8,896.7
1279,2852,0,0.8108,1096.4,393.7,1358.8,736.0
1279,2865,0,0.593,1429.7,359.0,1817.5,813.0
1279,2885,0,0.4344,1736.7,163.8,1876.6,653.4
1279,2790,0,0.9291,278.5,88.5,703.0,1060.2
1279,2864,0,0.5704,358.4,276.4,498.9,481.0
1280,2769,0,0.7991,1167.2,809.3,1439.6,1073.3
1280,2698,0,0.8671,535.8,8.8,1203.5,1054.5
1280,2835,0,0.9127,0.0,152.3,295.4,907.9
1280,2852,0,0.7384,1081.3,406.9,1341.5,746.3
1280,2865,0,0.5365,1407.4,367.1,1799.7,819.2
1280,2885,0,0.4323,1723.8,170.4,1870.2,650.9
1280,2790,0,0.9306,277.1,101.5,703.6,1062.5
1280,2856,0,0.7064,114.0,742.6,260.0,1074.7
1281,2769,0,0.8014,1157.4,820.8,1427.6,1074.4
1281,2698,0,0.675,416.4,8.5,1105.2,1051.2
1281,2835,0,0.8997,0.0,161.4,278.8,906.8
1281,2852,0,0.5698,1085.9,453.9,1318.1,755.7
1281,2865,0,0.6951,1384.7,376.2,1785.5,831.6
1281,2896,0,0.8133,228.4,291.2,467.5,803.6
1281,2856,0,0.819,96.0,738.0,257.5,1074.2
1281,2850,0,0.3428,1270.1,715.7,1754.4,1073.6
1282,2769,0,0.7216,1111.3,756.5,1446.4,1074.0
1282,2698,0,0.7685,364.4,6.9,1079.0,1056.4
1282,2835,0,0.9068,0.0,171.7,264.5,927.3
1282,2852,0,0.5351,1075.2,477.4,1298.4,768.9
1282,2865,0,0.5464,1354.2,386.6,1759.0,842.7
1282,2896,0,0.8361,200.9,301.5,441.5,816.8
1282,2856,0,0.8911,76.5,741.1,252.5,1074.6
1282,2899,0,0.4972,1810.5,412.9,1910.3,752.3
1282,2885,0,0.5456,1689.7,189.3,1846.3,662.4
1283,2769,0,0.4845,1090.6,746.3,1432.3,1073.0
1283,2698,0,0.7608,450.4,13.5,1158.2,1064.4
1283,2835,0,0.8954,0.0,182.2,247.5,953.0
1283,2852,0,0.535,1051.2,492.2,1274.2,785.3
1283,2865,0,0.7363,1324.2,396.1,1734.6,854.7
1283,2896,0,0.8698,164.4,310.6,405.5,827.3
1283,2856,0,0.8958,58.9,749.4,247.0,1075.5
1283,2899,0,0.5117,1790.5,383.6,1902.5,761.7
1283,2790,0,0.4086,244.9,139.2,656.9,1066.9
1283,2850,0,0.3416,1207.7,738.0,1689.7,1073.2
1284,2769,0,0.5751,1079.8,747.4,1415.2,1073.0
1284,2698,0,0.8357,376.4,9.3,1097.2,1055.3
1284,2835,0,0.8824,0.0,188.5,222.7,930.8
1284,2852,0,0.5735,989.8,463.6,1239.1,789.7
1284,2865,0,0.5657,1291.0,404.0,1702.0,860.0
1284,2896,0,0.8566,134.0,321.6,373.6,834.7
1284,2856,0,0.8599,51.0,758.7,246.8,1074.5
1284,2899,0,0.8265,1761.5,296.2,1901.8,766.9
1284,2903,0,0.4417,1575.3,334.3,1784.0,676.0
1284,2864,0,0.7316,353.7,339.1,515.2,569.3
1285,2769,0,0.6565,1068.3,760.7,1388.2,1073.7
1285,2698,0,0.8999,352.0,27.1,1077.8,1061.9
1285,2835,0,0.8824,0.0,193.9,202.2,919.5
1285,2852,0,0.6236,950.5,453.4,1210.9,791.6
1285,2865,0,0.5336,1252.4,410.4,1723.0,933.6
1285,2896,0,0.7686,96.1,327.8,373.4,924.9
1285,2856,0,0.8666,40.4,766.3,242.3,1074.8
1285,2899,0,0.8491,1743.5,265.5,1896.2,771.2
1285,2903,0,0.4313,1554.3,335.4,1763.5,677.9
1285,2864,0,0.6982,326.1,347.3,513.7,618.0
1286,2769,0,0.7609,1070.1,774.6,1371.1,1073.5
1286,2698,0,0.9135,346.4,34.7,1065.4,1045.3
1286,2835,0,0.8645,0.0,197.5,182.1,897.0
1286,2865,0,0.5818,1229.4,413.5,1719.6,960.2
1286,2896,0,0.7908,71.0,330.5,368.9,975.9
1286,2856,0,0.8885,38.1,769.5,248.8,1075.4
1286,2899,0,0.8012,1730.1,253.5,1891.5,778.8
1286,2903,0,0.4365,1536.6,339.1,1743.3,676.9
1286,2864,0,0.5381,290.8,352.1,519.7,696.4
1287,2769,0,0.7381,1077.8,780.5,1365.8,1073.0
1287,2698,0,0.9092,354.7,53.5,1079.9,1056.6
1287,2835,0,0.7602,0.0,198.7,165.6,872.6
1287,2865,0,0.529,1211.7,414.3,1713.2,975.8
1287,2896,0,0.8227,67.9,330.3,358.3,958.5
1287,2856,0,0.9025,33.9,769.9,253.0,1075.1
1287,2899,0,0.6847,1718.4,251.6,1888.5,793.7
1287,2903,0,0.3601,1522.5,338.0,1728.8,674.4
1287,2864,0,0.6431,267.2,353.9,515.8,743.9
1288,2698,0,0.9433,366.9,62.8,1102.4,1063.2
1288,2835,0,0.5793,0.0,286.0,140.2,866.7
1288,2865,0,0.4697,1199.3,412.5,1706.3,981.7
1288,2896,0,0.7336,62.6,327.7,357.0,962.8
1288,2856,0,0.8334,27.2,768.0,254.2,1075.0
1288,2899,0,0.5318,1710.3,249.8,1887.9,803.3
1288,2903,0,0.4143,1513.8,336.0,1719.4,670.3
1288,2864,0,0.5427,253.3,351.9,500.0,756.6
1288,2907,0,0.4688,1650.8,740.8,1914.7,1072.5
1289,2698,0,0.8661,367.6,79.7,1110.0,1065.0
1289,2835,0,0.6982,0.0,222.9,141.7,854.5
1289,2865,0,0.5426,1184.1,408.8,1709.5,1003.5
1289,2896,0,0.7625,60.1,322.6,362.4,971.4
1289,2856,0,0.8662,20.9,766.3,253.7,1074.3
1289,2899,0,0.5661,1687.1,250.0,1905.0,927.3
1289,2903,0,0.4092,1507.6,333.1,1713.3,666.7
1289,2907,0,0.5724,1649.3,739.5,1914.1,1071.8
1290,2698,0,0.9403,372.5,82.4,1130.8,1065.0
1290,2835,0,0.6931,0.0,201.9,136.1,849.4
1290,2865,0,0.5275,1170.3,406.6,1706.9,1019.0
1290,2896,0,0.7421,46.4,321.4,348.0,969.6
1290,2856,0,0.892,15.7,765.8,252.7,1074.3
1290,2899,0,0.6388,1691.6,247.2,1895.0,862.7
1290,2903,0,0.4628,1496.4,243.6,1755.4,664.3
1290,2907,0,0.591,1644.4,740.2,1909.1,1071.6
1290,2911,0,0.6388,289.5,72.7,609.7,519.1
1291,2698,0,0.9343,360.7,76.2,1139.9,1063.0
1291,2835,0,0.7938,0.0,192.9,127.7,844.7
1291,2865,0,0.6841,1163.9,407.5,1699.7,1024.0
1291,2896,0,0.7137,22.3,326.7,318.7,972.0
1291,2856,0,0.8504,9.6,767.0,247.3,1073.6
1291,2899,0,0.6912,1690.4,247.0,1887.7,825.6
1291,2903,0,0.7036,1480.3,214.6,1759.2,670.6
1291,2907,0,0.6727,1642.1,742.4,1906.6,1072.4
1291,2911,0,0.5103,239.9,100.3,550.7,530.2
1291,2912,0,0.7899,478.9,1.2,767.1,437.0
1292,2698,0,0.825,339.4,80.8,1137.3,1063.3
1292,2835,0,0.5625,0.0,191.0,119.2,843.8
1292,2865,0,0.6581,1162.3,407.7,1684.6,1012.1
1292,2856,0,0.8871,3.9,768.9,240.9,1073.4
1292,2899,0,0.6969,1686.5,249.9,1884.5,811.8
1292,2903,0,0.413,1471.0,203.4,1755.6,670.8
1292,2907,0,0.587,1638.8,743.6,1904.0,1072.6
1292,2912,0,0.6056,463.5,1.3,767.4,461.6
1292,2790,0,0.5664,70.0,144.5,411.0,876.0
1293,2698,0,0.5461,428.4,78.2,1220.6,1060.5
1293,2835,0,0.6519,0.0,187.2,108.0,842.2
1293,2865,0,0.593,1164.0,407.5,1677.0,1004.9
1293,2856,0,0.8541,0.0,767.4,233.6,1073.1
1293,2899,0,0.7373,1679.9,246.7,1883.3,805.1
1293,2903,0,0.6216,1460.8,199.4,1747.1,673.2
1293,2907,0,0.7241,1634.7,743.4,1901.6,1072.2
1293,2912,0,0.7088,448.1,1.3,766.3,485.3
1294,2698,0,0.8583,483.4,84.6,1263.9,1062.8
1294,2835,0,0.6681,0.0,185.9,98.6,841.6
1294,2865,0,0.694,1167.6,405.9,1674.4,1000.7
1294,2856,0,0.8674,0.0,765.0,225.8,1072.5
1294,2899,0,0.8015,1674.8,245.6,1885.2,806.4
1294,2903,0,0.4515,1458.2,196.2,1742.6,669.2
1294,2907,0,0.6189,1631.6,742.0,1901.9,1072.4
1294,2912,0,0.6586,437.4,1.6,766.5,505.1
1294,2790,0,0.799,208.9,242.0,659.9,1035.4
1295,2698,0,0.8433,511.2,80.6,1284.7,1059.6
1295,2865,0,0.7261,1174.8,404.1,1675.5,995.4
1295,2856,0,0.8397,0.0,762.9,221.6,1072.1
1295,2899,0,0.7732,1672.9,242.8,1889.3,805.9
1295,2903,0,0.3916,1461.5,194.2,1746.6,671.2
1295,2907,0,0.6345,1632.7,740.8,1904.9,1071.4
1295,2912,0,0.7856,435.0,1.5,774.6,525.0
1295,2790,0,0.9021,203.4,286.2,710.5,1063.3
1296,2698,0,0.8208,537.0,87.7,1302.1,1062.3
1296,2865,0,0.6936,1189.0,401.5,1680.5,983.2
1296,2856,0,0.8192,0.0,762.2,219.3,1071.9
1296,2899,0,0.6445,1678.9,242.5,1896.0,797.2
1296,2903,0,0.4383,1474.6,193.3,1763.0,677.5
1296,2907,0,0.4798,1643.0,738.5,1916.8,1071.9
1296,2912,0,0.8188,442.7,1.2,790.2,541.9
1296,2790,0,0.5437,257.1,446.8,728.0,1071.9
1296,2914,0,0.6081,287.9,334.4,449.7,522.1
1296,2835,0,0.3935,0.0,180.1,103.5,826.6
1297,2698,0,0.8988,560.9,91.2,1320.5,1063.9
1297,2865,0,0.6933,1207.3,399.2,1693.5,974.1
1297,2856,0,0.7709,0.0,761.4,219.0,1071.7
1297,2899,0,0.8218,1687.9,237.4,1904.6,786.0
1297,2903,0,0.5378,1493.7,190.0,1777.6,668.2
1297,2907,0,0.3801,1651.0,736.5,1920.0,1072.0
1297,2912,0,0.7262,456.0,0.7,809.3,556.4
1297,2790,0,0.6578,197.3,382.9,750.6,1074.6
1297,2914,0,0.6922,292.8,332.3,470.8,539.5
1297,2916,0,0.431,58.3,346.0,448.9,727.9
1297,2835,0,0.7741,0.0,178.0,111.8,834.8
1298,2698,0,0.9326,609.9,96.4,1359.5,1065.9
1298,2865,0,0.6097,1234.2,394.9,1718.0,968.6
1298,2856,0,0.6709,0.0,756.0,227.1,1073.0
1298,2899,0,0.7839,1699.8,236.9,1914.6,780.7
1298,2903,0,0.4254,1517.2,187.5,1798.7,663.3
1298,2912,0,0.7465,479.2,1.0,829.5,557.7
1298,2790,0,0.6997,209.2,393.5,778.9,1076.1
1298,2914,0,0.7137,298.9,328.4,507.6,573.6
1298,2835,0,0.8617,0.0,174.1,122.1,840.1
1299,2698,0,0.9074,651.3,102.4,1391.8,1065.4
1299,2865,0,0.6185,1285.7,390.9,1834.3,1035.1
1299,2856,0,0.8201,0.4,754.8,237.8,1072.7
1299,2899,0,0.7955,1713.2,234.1,1920.0,776.9
1299,2903,0,0.7192,1541.7,185.1,1820.3,657.2
1299,2912,0,0.738,507.0,0.8,849.9,550.5
1299,2790,0,0.4269,224.6,413.1,799.2,1075.6
1299,2914,0,0.465,307.9,325.6,536.8,597.8
1299,2835,0,0.9027,0.0,168.7,136.1,861.4
1299,2916,0,0.5718,123.2,411.1,484.6,765.7
1300,2698,0,0.8003,690.7,109.7,1421.7,1065.4
1300,2865,0,0.6714,1311.6,388.5,1884.7,1058.9
1300,2856,0,0.7885,10.7,751.3,253.7,1072.1
1300,2899,0,0.6979,1721.9,203.8,1920.0,776.0
1300,2903,0,0.7386,1565.3,182.4,1843.1,654.2
1300,2912,0,0.8203,534.2,1.1,871.2,545.7
1300,2790,0,0.6443,323.2,579.0,793.6,1076.3
1300,2914,0,0.3838,343.2,322.3,608.6,637.8
1300,2835,0,0.8832,2.5,168.1,149.5,880.7
1300,2916,0,0.6127,192.1,441.2,556.5,798.1
1300,2864,0,0.7624,93.0,310.9,393.0,825.9
1301,2698,0,0.7239,670.4,114.1,1405.2,1063.7
1301,2865,0,0.7254,1329.0,388.1,1910.9,1068.6
1301,2856,0,0.8271,17.8,749.2,267.4,1072.3
1301,2899,0,0.6347,1732.1,190.1,1920.0,774.5
1301,2903,0,0.7508,1581.9,181.6,1858.0,652.0
1301,2912,0,0.8407,549.9,1.6,886.5,551.0
1301,2914,0,0.4383,357.1,321.3,648.8,669.1
1301,2835,0,0.8756,7.8,167.5,160.4,895.4
1301,2916,0,0.6838,241.7,464.4,604.7,819.1
1301,2922,0,0.5796,627.5,414.3,859.1,684.9
1301,2864,0,0.8084,97.7,306.7,391.6,830.1
1302,2698,0,0.8757,715.8,113.0,1446.1,1064.2
1302,2865,0,0.6334,1338.2,387.9,1920.0,1071.5
1302,2856,0,0.7746,25.4,750.0,279.7,1071.4
1302,2899,0,0.6242,1739.4,185.4,1920.0,771.5
1302,2903,0,0.6207,1593.2,181.3,1870.6,653.7
1302,2912,0,0.7064,559.9,0.9,893.2,549.8
1302,2914,0,0.4829,359.1,320.9,659.6,678.6
1302,2835,0,0.8898,9.5,165.4,166.2,902.1
1302,2916,0,0.6188,262.7,484.6,613.4,828.4
1302,2922,0,0.68,629.4,410.4,885.4,709.8
1302,2864,0,0.8283,102.7,304.3,390.1,830.5
1302,2790,0,0.3969,416.6,683.1,826.2,1077.4
1303,2698,0,0.9331,736.3,108.0,1464.7,1065.0
1303,2865,0,0.7417,1347.4,386.4,1920.0,1071.5
1303,2856,0,0.8634,29.6,749.5,291.6,1072.3
1303,2899,0,0.5815,1742.9,181.3,1920.0,768.9
1303,2903,0,0.8358,1595.4,180.0,1873.3,653.8
1303,2912,0,0.7571,561.6,1.2,893.5,553.1
1303,2835,0,0.8762,8.8,163.4,167.6,902.1
1303,2922,0,0.6569,619.5,403.1,901.6,733.9
1303,2864,0,0.775,98.8,300.7,390.9,850.5
1303,2790,0,0.9121,357.4,540.6,923.6,1077.0
1304,2698,0,0.9359,745.3,97.7,1474.9,1065.9
1304,2865,0,0.6936,1351.3,383.8,1920.0,1071.7
1304,2856,0,0.8777,34.7,748.5,305.0,1071.8
1304,2899,0,0.6767,1744.3,177.0,1920.0,769.0
1304,2903,0,0.7103,1593.7,178.2,1871.1,652.0
1304,2912,0,0.578,563.4,0.4,887.1,542.7
1304,2835,0,0.843,7.7,162.6,166.6,894.9
1304,2922,0,0.6082,619.4,397.2,913.0,742.7
1304,2864,0,0.7948,95.6,296.3,397.1,878.0
1304,2790,0,0.8632,360.5,501.1,979.3,1078.8
1305,2698,0,0.948,750.7,80.3,1485.0,1065.9
1305,2865,0,0.419,1343.8,379.6,1855.6,990.4
1305,2856,0,0.8688,30.9,745.0,309.8,1071.5
1305,2899,0,0.7633,1743.8,174.6,1920.0,766.7
1305,2903,0,0.7197,1588.0,175.0,1866.4,651.4
1305,2912,0,0.8037,555.9,0.5,879.4,547.4
1305,2835,0,0.8613,4.8,160.7,163.9,890.9
1305,2922,0,0.7849,581.7,303.2,955.6,749.4
1305,2864,0,0.7727,97.2,292.8,404.6,892.5
1305,2790,0,0.8923,364.3,477.4,1017.4,1078.8
1306,2698,0,0.9327,757.6,58.7,1488.6,1048.8
1306,2865,0,0.6125,1332.5,376.1,1819.6,964.3
1306,2856,0,0.8743,22.2,741.8,308.2,1072.5
1306,2899,0,0.7789,1739.8,171.0,1920.0,767.9
1306,2903,0,0.4233,1578.3,172.0,1856.0,648.1
1306,2912,0,0.8101,544.5,0.7,868.1,553.2
1306,2835,0,0.8957,2.0,153.6,155.7,859.7
1306,2922,0,0.8446,563.6,261.3,971.7,756.2
1306,2864,0,0.8005,91.6,288.4,400.7,894.3
1306,2790,0,0.8895,364.7,459.8,1045.6,1077.8
1307,2698,0,0.9286,763.6,51.2,1490.3,1041.8
1307,2865,0,0.5175,1321.8,374.6,1792.3,948.2
1307,2856,0,0.8634,12.6,741.0,300.8,1072.4
1307,2899,0,0.8107,1732.9,177.4,1920.0,767.7
1307,2903,0,0.6529,1561.3,170.5,1837.7,645.0
1307,2912,0,0.7081,529.0,0.4,850.8,554.3
1307,2835,0,0.8792,0.0,150.4,144.7,841.5
1307,2922,0,0.8449,549.1,241.0,969.9,759.8
1307,2864,0,0.8262,81.7,285.3,390.8,889.5
1307,2790,0,0.918,350.6,448.8,1052.6,1077.2
1307,2928,0,0.4633,330.2,309.4,501.2,464.4
1308,2698,0,0.9241,760.4,61.5,1486.6,1056.8
1308,2865,0,0.6228,1300.2,377.2,1763.7,947.2
1308,2856,0,0.8685,0.8,742.5,286.3,1072.4
1308,2899,0,0.7888,1723.6,207.7,1910.7,763.8
1308,2903,0,0.7295,1529.2,172.2,1802.0,644.7
1308,2912,0,0.773,504.2,0.8,825.7,559.1
1308,2835,0,0.6975,0.0,152.6,128.3,830.6
1308,2922,0,0.861,530.4,234.9,951.6,762.5
1308,2864,0,0.7966,59.1,289.5,365.8,885.8
1308,2790,0,0.9091,322.7,445.7,1037.2,1077.1
1308,2928,0,0.4491,305.9,313.1,474.9,466.3
1308,2907,0,0.4605,1655.9,726.0,1920.0,1070.4
1309,2698,0,0.9342,755.0,76.6,1473.4,1062.6
1309,2865,0,0.7939,1270.3,383.9,1724.8,946.9
1309,2856,0,0.8354,0.0,747.3,264.7,1072.7
1309,2899,0,0.8373,1703.7,225.6,1895.2,774.0
1309,2903,0,0.6243,1492.3,177.0,1763.7,651.2
1309,2912,0,0.707,471.6,1.3,793.6,564.2
1309,2835,0,0.6224,0.0,160.6,105.6,832.6
1309,2922,0,0.8367,503.1,238.5,921.1,770.1
1309,2864,0,0.803,25.3,294.6,328.7,879.6
1309,2790,0,0.9085,286.7,449.4,1005.6,1076.4
1309,2928,0,0.5661,264.4,318.7,437.8,476.0
1309,2907,0,0.7723,1648.9,729.7,1920.0,1071.6
1310,2698,0,0.9415,742.4,86.3,1455.1,1064.8
1310,2865,0,0.7735,1233.0,391.1,1682.4,950.9
1310,2856,0,0.8407,0.0,753.2,238.0,1073.0
1310,2899,0,0.8748,1678.2,233.3,1879.0,778.2
1310,2903,0,0.5971,1449.8,182.5,1719.8,658.6
1310,2912,0,0.7524,433.5,1.9,755.1,566.8
1310,2922,0,0.8743,469.0,244.3,903.6,804.7
1310,2864,0,0.3721,1.7,305.8,295.6,874.7
1310,2790,0,0.9166,255.3,464.5,967.7,1076.0
1310,2928,0,0.3324,218.9,324.9,399.3,488.9
1310,2907,0,0.7812,1630.2,736.0,1907.3,1072.7
1311,2698,0,0.9398,725.3,93.0,1434.1,1066.0
1311,2865,0,0.6982,1187.8,396.1,1639.5,962.9
1311,2856,0,0.6786,0.0,758.4,206.5,1072.2
1311,2899,0,0.8828,1649.2,239.5,1862.9,782.0
1311,2903,0,0.5797,1405.6,187.1,1672.9,662.5
1311,2912,0,0.7119,392.5,2.4,712.2,567.1
1311,2922,0,0.8843,436.3,248.9,875.4,821.4
1311,2864,0,0.5618,0.0,307.1,254.1,874.4
1311,2790,0,0.923,219.5,474.0,931.8,1075.5
1311,2928,0,0.4565,169.1,329.5,356.8,501.1
1311,2907,0,0.7611,1594.2,740.1,1874.0,1073.6
1312,2698,0,0.9412,703.6,98.0,1408.0,1066.0
1312,2865,0,0.6142,1141.2,397.7,1596.0,973.6
1312,2856,0,0.7195,0.0,763.7,172.8,1071.9
1312,2899,0,0.8636,1617.8,240.5,1846.7,780.6
1312,2903,0,0.6876,1369.3,189.4,1638.8,668.6
1312,2912,0,0.8234,349.3,2.7,666.2,563.7
1312,2922,0,0.8756,407.3,251.8,842.0,821.3
1312,2864,0,0.6624,0.0,308.4,220.7,875.5
1312,2790,0,0.9326,180.5,477.4,899.4,1074.8
1312,2928,0,0.4901,124.2,331.2,312.9,505.0
1312,2907,0,0.6923,1544.4,742.1,1828.8,1073.4
1312,2935,0,0.5445,1823.8,823.1,1903.0,1073.5
1313,2698,0,0.9544,682.0,104.5,1380.7,1067.0
1313,2865,0,0.6312,1101.4,395.6,1552.6,971.0
1313,2899,0,0.8434,1568.3,239.3,1809.4,778.9
1313,2903,0,0.5281,1320.2,187.8,1585.1,663.3
1313,2912,0,0.8302,311.5,2.5,618.8,545.2
1313,2922,0,0.8507,383.5,251.4,811.8,811.7
1313,2790,0,0.9288,138.7,463.2,882.5,1073.9
1313,2928,0,0.5177,84.7,327.7,268.5,497.6
1313,2907,0,0.6396,1502.7,739.6,1792.5,1073.2
1313,2935,0,0.4898,1808.3,834.9,1885.1,1073.3
1314,2698,0,0.9438,663.6,109.8,1355.8,1068.0
1314,2865,0,0.5289,1064.7,392.1,1514.0,969.8
1314,2899,0,0.8363,1523.4,235.9,1773.2,771.1
1314,2903,0,0.6804,1301.4,184.4,1572.3,662.1
1314,2912,0,0.8308,277.5,2.3,575.3,524.8
1314,2922,0,0.8845,359.1,249.3,780.8,799.7
1314,2790,0,0.925,99.6,448.2,866.9,1072.8
1314,2928,0,0.4712,50.6,321.8,229.3,487.5
1314,2907,0,0.6916,1463.4,734.6,1759.7,1073.7
1314,2935,0,0.6234,1787.9,833.2,1868.4,1073.1
1314,2941,0,0.3593,1843.6,681.0,1918.6,850.4
1314,2856,0,0.5278,0.0,818.1,166.7,1075.7
1315,2698,0,0.945,648.9,116.2,1331.1,1067.2
1315,2865,0,0.5371,1033.1,390.4,1478.2,966.6
1315,2899,0,0.8521,1482.3,233.0,1739.8,766.1
1315,2903,0,0.7605,1271.5,181.7,1543.6,656.2
1315,2912,0,0.8368,248.7,2.1,536.0,501.0
1315,2922,0,0.8604,338.3,247.2,751.0,784.6
1315,2790,0,0.9295,57.4,433.5,844.4,1072.8
1315,2928,0,0.42,0.0,317.3,236.5,580.1
1315,2907,0,0.7041,1428.8,730.8,1729.7,1073.8
1315,2935,0,0.637,1769.3,830.8,1854.7,1070.6
1315,2942,0,0.4986,1662.2,724.3,1799.4,953.6
1315,2856,0,0.6495,0.0,829.1,155.6,1076.7
1316,2698,0,0.9437,639.8,119.3,1313.5,1066.3
1316,2865,0,0.4758,1004.1,389.0,1445.7,963.8
1316,2899,0,0.8366,1454.8,233.5,1723.3,768.1
1316,2903,0,0.7831,1246.7,181.4,1521.2,652.0
1316,2912,0,0.8012,220.7,1.9,502.7,486.0
1316,2922,0,0.883,313.4,247.7,724.7,783.5
1316,2790,0,0.9362,21.5,429.4,813.2,1072.7
1316,2907,0,0.7041,1399.5,729.9,1701.7,1073.8
1316,2935,0,0.6475,1745.0,830.8,1837.8,1073.0
1316,2942,0,0.4743,1635.6,724.4,1772.8,953.6
1317,2698,0,0.9477,629.2,116.4,1298.6,1067.1
1317,2899,0,0.82,1420.8,235.2,1696.7,768.8
1317,2903,0,0.8023,1219.9,182.0,1499.7,654.6
1317,2912,0,0.789,192.5,2.0,474.3,480.8
1317,2922,0,0.8789,286.7,249.8,700.6,790.3
1317,2790,0,0.9387,0.0,433.4,780.4,1072.3
1317,2907,0,0.6734,1371.5,730.5,1674.0,1073.7
1317,2935,0,0.642,1718.4,832.1,1818.4,1073.8
1317,2942,0,0.4524,1606.1,725.6,1742.3,953.5
1317,2943,0,0.516,1423.5,175.9,1568.6,342.3
1318,2698,0,0.9496,618.2,107.3,1287.6,1067.2
1318,2899,0,0.8556,1389.3,236.2,1670.9,767.1
1318,2903,0,0.7891,1192.1,182.8,1473.9,652.1
1318,2912,0,0.8605,163.3,2.0,448.5,482.2
1318,2922,0,0.884,257.6,251.4,676.1,799.6
1318,2790,0,0.9462,0.0,440.6,743.1,1072.2
1318,2907,0,0.7268,1342.0,730.4,1645.5,1073.7
1318,2935,0,0.7169,1692.5,832.1,1801.6,1075.1
1318,2942,0,0.4539,1577.8,724.6,1713.5,951.6
1318,2943,0,0.5481,1399.6,176.4,1543.7,341.7
1318,2945,0,0.5769,1710.0,678.2,1904.3,940.7
1318,2947,0,0.5912,3.3,317.0,115.2,549.8
1319,2698,0,0.9562,610.2,98.1,1280.3,1067.0
1319,2899,0,0.853,1361.6,235.6,1649.7,766.3
1319,2903,0,0.8182,1165.2,181.6,1451.1,651.8
1319,2912,0,0.8577,136.9,1.7,425.4,483.5
1319,2922,0,0.8962,230.8,250.4,654.2,807.1
1319,2790,0,0.9519,0.0,444.6,707.7,1071.9
1319,2907,0,0.7252,1314.6,729.1,1619.9,1074.2
1319,2935,0,0.722,1665.6,829.3,1784.9,1074.9
1319,2942,0,0.4265,1551.7,723.4,1687.1,950.0
1319,2943,0,0.5455,1372.9,174.3,1519.7,343.2
1319,2945,0,0.4258,1695.8,675.8,1890.9,938.5
1319,2947,0,0.7345,1.9,316.1,93.1,505.7
1319,2948,0,0.4481,539.2,685.3,742.1,1057.5
1320,2698,0,0.9451,611.2,93.4,1280.1,1067.1
1320,2899,0,0.8668,1336.7,234.0,1628.4,762.1
1320,2903,0,0.8107,1144.8,179.4,1431.8,646.7
1320,2912,0,0.8387,116.6,1.9,407.6,484.1
1320,2922,0,0.9017,208.5,247.9,634.8,810.6
1320,2790,0,0.9528,0.0,437.8,684.9,1071.6
1320,2907,0,0.7641,1292.6,726.4,1600.6,1074.2
1320,2935,0,0.7374,1642.9,827.3,1772.7,1075.2
1320,2942,0,0.3815,1532.1,721.0,1669.3,951.0
1320,2943,0,0.6076,1355.1,172.2,1501.1,340.3
1320,2945,0,0.5869,1686.4,672.9,1884.5,937.1
1320,2947,0,0.6867,0.0,313.5,79.8,487.8
1320,2948,0,0.4482,524.6,683.7,721.1,1043.8
1321,2698,0,0.9416,616.9,91.6,1283.6,1067.0
1321,2899,0,0.8728,1321.4,232.1,1617.6,760.2
1321,2903,0,0.7832,1118.2,176.7,1404.7,645.2
1321,2912,0,0.8803,103.3,1.9,395.5,481.6
1321,2922,0,0.8986,193.5,245.7,619.4,809.8
1321,2790,0,0.9628,0.0,425.7,667.2,1071.3
1321,2907,0,0.7644,1276.1,724.1,1585.3,1074.7
1321,2935,0,0.7295,1625.2,824.7,1765.7,1075.7
1321,2942,0,0.3102,1519.0,718.4,1658.4,952.3
1321,2943,0,0.396,1320.9,170.7,1509.9,391.2
1321,2945,0,0.5814,1678.6,669.7,1880.5,936.0
1321,2947,0,0.6049,0.0,311.5,68.1,463.9
1321,2948,0,0.6235,576.2,796.8,726.4,1066.2
1322,2698,0,0.9402,623.6,89.5,1289.1,1067.4
1322,2899,0,0.8789,1314.0,230.4,1612.4,754.2
1322,2903,0,0.8009,1103.4,174.5,1391.7,649.1
1322,2912,0,0.7608,96.7,1.9,389.4,478.0
1322,2922,0,0.9152,187.3,244.2,609.0,803.1
1322,2790,0,0.9598,0.0,407.3,655.7,1071.1
1322,2907,0,0.7595,1270.7,721.4,1580.9,1074.8
1322,2935,0,0.749,1612.9,822.4,1763.5,1076.1
1322,2942,0,0.343,1513.6,716.5,1652.9,950.1
1322,2943,0,0.5281,1306.4,169.6,1508.7,408.8
1322,2945,0,0.5128,1679.1,667.8,1883.2,934.4
1322,2947,0,0.429,6.0,310.2,51.5,403.7
1322,2948,0,0.6812,576.8,825.5,719.0,1074.4
1322,2951,0,0.3236,1728.4,3.2,1916.8,490.9
1322,2952,0,0.6632,500.9,412.2,725.3,749.4
1323,2698,0,0.9419,630.9,79.3,1294.8,1059.1
1323,2899,0,0.8908,1310.3,230.2,1613.8,756.0
1323,2903,0,0.7963,1099.7,174.8,1386.5,649.4
1323,2912,0,0.8588,91.6,1.8,390.2,485.0
1323,2922,0,0.8965,185.3,245.3,602.6,797.6
1323,2790,0,0.9542,0.0,377.0,652.3,1070.9
1323,2907,0,0.7779,1270.7,721.6,1579.9,1074.4
1323,2935,0,0.7396,1606.5,822.3,1765.8,1076.1
1323,2942,0,0.4171,1511.6,716.1,1651.4,950.4
1323,2943,0,0.5409,1305.7,170.9,1508.1,413.0
1323,2945,0,0.5031,1679.0,669.0,1884.8,935.3
1323,2948,0,0.7854,573.1,833.7,714.9,1076.1
1323,2952,0,0.5801,501.8,413.3,728.2,753.3
1324,2698,0,0.9421,636.5,75.8,1297.3,1055.8
1324,2899,0,0.8877,1308.5,231.9,1616.9,760.5
1324,2903,0,0.7551,1102.4,176.4,1389.6,652.7
1324,2912,0,0.8391,89.2,1.9,393.8,492.7
1324,2922,0,0.8786,186.8,248.3,601.9,796.7
1324,2790,0,0.9622,0.0,337.2,654.5,1071.2
1324,2907,0,0.7469,1272.8,722.9,1580.4,1074.8
1324,2935,0,0.7326,1602.5,824.4,1768.3,1075.9
1324,2942,0,0.3737,1512.7,716.5,1653.9,952.9
1324,2943,0,0.5095,1308.7,174.0,1509.2,416.2
1324,2945,0,0.5657,1678.7,671.1,1886.6,937.2
1324,2948,0,0.8127,566.2,837.0,709.8,1076.8
1324,2952,0,0.7177,505.0,415.2,731.1,754.3
1324,2951,0,0.3125,1725.7,3.0,1915.5,493.6
1325,2698,0,0.9423,638.7,75.0,1295.6,1054.7
1325,2899,0,0.8887,1308.2,233.3,1619.7,762.2
1325,2903,0,0.7465,1106.4,177.9,1393.4,652.6
1325,2912,0,0.8855,88.7,2.1,398.0,499.5
1325,2922,0,0.8635,190.0,250.5,604.5,797.7
1325,2790,0,0.9568,0.0,309.1,649.5,1070.8
1325,2907,0,0.7311,1276.1,724.3,1581.9,1074.7
1325,2935,0,0.7197,1599.6,826.3,1771.6,1075.9
1325,2942,0,0.417,1515.4,718.7,1657.5,955.7
1325,2943,0,0.4974,1312.1,176.9,1510.8,418.9
1325,2945,0,0.5537,1679.1,673.6,1889.3,939.7
1325,2948,0,0.7971,551.4,833.9,699.5,1076.1
1325,2952,0,0.5249,505.8,417.7,732.3,756.8
1325,2951,0,0.3307,1723.0,3.3,1913.8,495.3
1326,2698,0,0.9351,635.2,86.5,1285.8,1063.1
1326,2899,0,0.8713,1305.8,235.1,1620.2,763.8
1326,2903,0,0.8035,1113.9,179.5,1402.3,651.4
1326,2912,0,0.9072,87.7,1.7,397.0,497.7
1326,2922,0,0.8671,194.8,251.5,608.3,799.0
1326,2790,0,0.9613,0.0,287.4,637.4,1070.2
1326,2907,0,0.74,1274.5,725.2,1579.4,1074.7
1326,2935,0,0.6851,1595.2,827.1,1773.7,1075.8
1326,2942,0,0.395,1514.7,718.9,1658.1,957.1
1326,2945,0,0.5543,1676.8,674.1,1889.1,940.1
1326,2948,0,0.804,533.6,830.2,687.0,1075.8
1326,2952,0,0.5946,504.5,418.1,730.0,755.0
1327,2698,0,0.9412,625.5,89.6,1267.5,1059.0
1327,2899,0,0.8671,1300.0,236.2,1616.7,764.4
1327,2903,0,0.7701,1112.6,178.9,1403.7,650.5
1327,2912,0,0.91,84.9,1.5,391.2,490.3
1327,2922,0,0.8565,197.0,251.6,609.9,801.7
1327,2790,0,0.9558,0.0,275.9,621.3,1070.0
1327,2907,0,0.6563,1273.3,726.5,1576.4,1073.6
1327,2935,0,0.6944,1587.1,826.8,1772.0,1075.6
1327,2942,0,0.3639,1514.1,718.1,1656.4,952.7
1327,2945,0,0.5707,1675.2,674.5,1888.9,939.3
1327,2948,0,0.7852,519.1,829.2,677.2,1075.9
1327,2952,0,0.4292,498.6,418.1,722.5,752.0
1328,2698,0,0.9397,616.6,104.3,1248.8,1064.1
1328,2899,0,0.841,1291.4,220.8,1618.5,764.1
1328,2903,0,0.7694,1111.5,177.4,1404.0,645.9
1328,2912,0,0.9132,81.3,1.3,386.1,485.3
1328,2922,0,0.8584,196.0,250.7,609.5,805.4
1328,2790,0,0.9515,0.0,273.2,604.5,1069.6
1328,2907,0,0.6451,1270.8,725.5,1575.0,1073.6
1328,2935,0,0.6876,1580.9,825.5,1772.3,1075.3
1328,2942,0,0.4201,1511.7,716.6,1654.0,949.7
1328,2945,0,0.4993,1671.8,673.6,1887.3,938.0
1328,2948,0,0.8271,507.8,826.1,671.5,1075.6
1328,2952,0,0.4026,494.0,416.3,714.3,744.1
1328,2954,0,0.33,1326.8,181.2,1494.8,341.9
1328,2951,0,0.4048,1711.4,2.7,1904.1,493.9
1329,2698,0,0.9409,612.7,132.7,1227.0,1068.0
1329,2899,0,0.8504,1284.8,200.0,1623.9,764.0
1329,2903,0,0.8128,1109.7,176.4,1405.9,646.5
1329,2912,0,0.9113,80.7,1.3,385.2,482.6
1329,2922,0,0.8695,196.9,249.9,610.4,808.2
1329,2790,0,0.7242,0.0,278.8,588.3,1068.5
1329,2907,0,0.7322,1274.0,724.9,1579.7,1074.2
1329,2935,0,0.6455,1579.1,825.0,1775.2,1074.4
1329,2942,0,0.3859,1514.6,713.2,1659.3,947.5
1329,2945,0,0.4991,1672.1,672.9,1889.3,937.4
1329,2948,0,0.8284,501.7,824.9,670.6,1075.9
1329,2952,0,0.405,465.7,416.6,739.6,831.5
1329,2951,0,0.3817,1709.1,3.2,1904.4,495.9
1330,2698,0,0.9371,610.1,167.9,1202.5,1068.6
1330,2899,0,0.8645,1286.6,195.9,1627.6,763.3
1330,2903,0,0.7842,1113.0,177.2,1410.0,644.2
1330,2912,0,0.9074,82.2,1.3,389.6,485.5
1330,2922,0,0.857,192.9,251.6,610.2,817.0
1330,2790,0,0.8524,0.0,374.7,541.7,1069.0
1330,2907,0,0.8012,1280.0,725.6,1585.3,1074.5
1330,2935,0,0.6863,1581.1,826.9,1781.1,1074.9
1330,2942,0,0.4447,1519.9,707.8,1669.5,947.2
1330,2945,0,0.5921,1674.7,674.5,1892.9,939.3
1330,2948,0,0.8071,501.9,824.3,675.8,1075.9
1330,2951,0,0.3363,1707.2,3.0,1905.0,496.5
1330,2955,0,0.5902,4.6,308.9,134.8,473.8
1330,2914,0,0.4907,896.7,394.1,1357.2,962.7
1331,2698,0,0.9266,600.4,194.3,1178.4,1069.8
1331,2899,0,0.8627,1291.7,193.2,1636.8,768.6
1331,2903,0,0.8102,1117.6,177.4,1416.2,643.2
1331,2912,0,0.9134,86.9,1.8,400.6,496.3
1331,2922,0,0.8721,191.2,252.1,613.5,824.8
1331,2790,0,0.892,0.0,414.8,523.2,1069.5
1331,2907,0,0.7228,1286.9,725.7,1592.4,1074.5
1331,2935,0,0.6784,1587.4,827.5,1791.1,1074.8
1331,2942,0,0.4529,1527.2,696.6,1686.0,948.6
1331,2945,0,0.6,1682.2,675.1,1900.8,940.2
1331,2948,0,0.8065,507.2,828.0,683.8,1076.0
1331,2951,0,0.3134,1711.3,3.7,1910.2,497.1
1331,2955,0,0.4792,3.1,312.7,141.4,487.6
1331,2914,0,0.7822,906.3,392.8,1362.8,961.6
1332,2698,0,0.9233,592.1,206.4,1166.8,1070.2
1332,2899,0,0.8315,1311.7,208.9,1643.5,758.1
1332,2903,0,0.8242,1127.4,175.7,1431.2,646.5
1332,2912,0,0.9092,95.2,1.2,416.3,509.0
1332,2922,0,0.8707,190.2,250.4,620.9,836.5
1332,2790,0,0.81,0.0,436.0,514.0,1069.6
1332,2907,0,0.7861,1301.1,723.5,1608.0,1074.5
1332,2935,0,0.6416,1598.0,826.4,1806.1,1074.1
1332,2942,0,0.6052,1541.0,688.2,1706.0,947.2
1332,2945,0,0.59,1695.9,673.8,1912.9,937.2
1332,2948,0,0.7839,521.5,829.1,703.4,1076.2
1332,2951,0,0.3719,1718.3,3.9,1916.5,495.8
1332,2955,0,0.3978,9.5,316.1,159.0,504.3
1332,2914,0,0.7296,917.5,391.6,1368.6,953.6
1333,2698,0,0.9018,577.3,197.7,1163.4,1068.3
1333,2899,0,0.8194,1332.7,218.6,1657.8,754.2
1333,2903,0,0.8147,1143.8,173.7,1450.9,647.0
1333,2912,0,0.9027,110.9,1.3,433.6,513.1
1333,2922,0,0.8056,185.5,247.3,650.3,889.0
1333,2790,0,0.6668,0.0,341.7,549.3,1068.2
1333,2907,0,0.7625,1316.1,720.2,1625.8,1074.4
1333,2935,0,0.6813,1612.8,823.7,1827.2,1074.8
1333,2942,0,0.6522,1559.4,681.2,1729.0,945.2
1333,2945,0,0.5411,1709.9,670.6,1920.0,932.5
1333,2948,0,0.7016,531.4,821.0,722.9,1076.1
1333,2955,0,0.5842,2.7,300.9,168.7,510.0
1333,2914,0,0.749,930.3,387.7,1382.2,950.7
1334,2698,0,0.9405,563.5,173.2,1174.2,1071.3
1334,2899,0,0.8448,1353.0,215.3,1679.0,749.8
1334,2903,0,0.8121,1164.4,170.4,1474.2,644.5
1334,2912,0,0.8936,136.8,1.5,450.4,497.3
1334,2922,0,0.8285,204.5,243.4,683.8,916.8
1334,2790,0,0.6597,0.0,394.1,526.4,1067.8
1334,2907,0,0.7471,1338.5,717.0,1650.1,1074.2
1334,2935,0,0.6891,1632.3,820.0,1852.6,1074.8
1334,2942,0,0.6312,1583.1,675.0,1754.6,939.6
1334,2945,0,0.599,1725.4,666.6,1920.0,926.2
1334,2948,0,0.7511,544.5,822.5,737.7,1076.8
1334,2955,0,0.3843,0.0,235.1,195.8,504.5
1334,2914,0,0.7348,953.0,384.0,1393.2,926.1
1334,2960,0,0.398,505.3,674.8,702.0,1063.9
1335,2698,0,0.9445,550.3,142.1,1186.9,1070.6
1335,2899,0,0.8302,1376.7,196.4,1711.0,742.4
1335,2903,0,0.7988,1189.3,166.3,1497.9,635.0
1335,2912,0,0.8849,168.7,1.3,470.2,475.0
1335,2922,0,0.7534,228.9,239.4,703.8,922.2
1335,2790,0,0.8574,0.0,310.9,556.9,1067.5
1335,2907,0,0.7394,1361.6,712.2,1676.8,1073.6
1335,2935,0,0.5657,1654.7,815.0,1882.0,1074.9
1335,2942,0,0.3652,1609.3,668.3,1782.7,932.8
1335,2945,0,0.5376,1742.6,661.7,1920.0,921.1
1335,2948,0,0.4523,553.5,816.7,748.9,1076.2
1335,2914,0,0.7527,972.4,378.5,1415.3,920.2
1336,2698,0,0.9298,545.2,114.0,1204.7,1068.0
1336,2899,0,0.8409,1411.3,203.4,1741.8,738.1
1336,2903,0,0.7891,1216.7,161.8,1526.5,628.9
1336,2912,0,0.8716,203.4,1.2,498.5,461.1
1336,2922,0,0.5812,249.7,232.7,718.1,927.8
1336,2790,0,0.907,0.0,235.3,583.5,1067.4
1336,2907,0,0.7244,1390.6,706.5,1709.7,1073.4
1336,2935,0,0.5227,1675.1,807.9,1907.8,1074.5
1336,2942,0,0.5196,1638.8,661.7,1816.2,929.8
1336,2945,0,0.4514,1764.0,656.6,1920.0,916.9
1336,2914,0,0.6656,993.6,373.7,1442.4,918.8
1337,2698,0,0.9314,551.2,111.4,1219.4,1068.3
1337,2899,0,0.8498,1437.7,180.1,1780.0,733.0
1337,2903,0,0.7337,1247.5,155.5,1560.4,624.9
1337,2912,0,0.8922,239.0,1.2,522.2,438.5
1337,2922,0,0.6597,287.0,229.3,735.3,922.9
1337,2790,0,0.909,0.0,178.6,614.9,1067.2
1337,2907,0,0.7724,1420.9,700.0,1744.6,1074.6
1337,2935,0,0.5093,1695.3,803.5,1920.0,1074.7
1337,2942,0,0.5289,1675.3,655.8,1855.0,923.6
1337,2914,0,0.6272,1011.4,366.7,1464.4,907.1
1337,2941,0,0.3881,1842.0,650.8,1920.0,852.6
1338,2698,0,0.9353,569.4,136.3,1229.0,1069.8
1338,2899,0,0.8232,1468.7,171.9,1814.9,729.8
1338,2903,0,0.7815,1277.3,152.9,1594.3,626.4
1338,2912,0,0.8966,274.5,1.2,549.4,420.7
1338,2790,0,0.8722,0.0,127.0,648.2,1066.9
1338,2907,0,0.7628,1452.1,696.1,1776.7,1073.1
1338,2935,0,0.4194,1716.0,802.6,1920.0,1075.3
1338,2942,0,0.4685,1710.0,652.6,1891.0,917.9
1338,2914,0,0.6073,1036.5,364.0,1495.3,904.2
1338,2952,0,0.607,348.6,237.4,762.4,908.7
1339,2698,0,0.9264,591.5,189.7,1224.5,1069.6
1339,2899,0,0.8092,1501.2,173.1,1849.8,731.9
1339,2903,0,0.6357,1322.6,152.5,1611.2,573.0
1339,2912,0,0.9079,309.5,1.3,582.8,411.8
1339,2790,0,0.8445,0.0,74.7,690.5,1063.3
1339,2907,0,0.7967,1486.5,696.1,1809.8,1072.5
1339,2935,0,0.4301,1737.4,803.2,1920.0,1074.0
1339,2914,0,0.5655,1053.9,364.2,1527.6,916.8
1339,2952,0,0.436,368.7,226.1,763.7,910.5
1340,2698,0,0.7873,611.7,253.5,1211.6,1069.7
1340,2899,0,0.8286,1537.5,190.8,1879.4,735.3
1340,2903,0,0.6188,1351.0,152.0,1625.6,547.4
1340,2912,0,0.8708,339.7,1.6,615.6,410.5
1340,2790,0,0.8556,0.0,51.0,715.0,1062.3
1340,2907,0,0.8298,1518.6,697.0,1840.6,1072.6
1340,2914,0,0.5986,1077.5,365.8,1561.4,925.4
1341,2698,0,0.9287,629.2,314.6,1197.2,1070.1
1341,2899,0,0.8001,1572.4,199.6,1910.8,738.4
1341,2903,0,0.4535,1382.5,152.3,1653.6,538.0
1341,2912,0,0.892,369.1,1.7,651.2,415.8
1341,2790,0,0.8658,0.0,12.4,741.4,1063.7
1341,2907,0,0.8048,1555.0,698.7,1876.3,1073.5
1341,2914,0,0.4313,1097.8,367.9,1518.1,852.4
1341,2966,0,0.5216,520.2,231.6,715.1,602.4
1342,2698,0,0.9029,617.2,361.3,1150.9,1069.9
1342,2899,0,0.83,1593.4,200.8,1920.0,738.1
1342,2903,0,0.7349,1402.3,151.2,1717.3,601.6
1342,2912,0,0.874,398.1,1.3,691.0,429.8
1342,2790,0,0.836,0.0,0.0,764.8,1064.7
1342,2907,0,0.8519,1590.8,696.4,1913.9,1074.5
1342,2914,0,0.3729,1140.9,366.6,1603.0,892.1
1342,2966,0,0.7717,551.1,230.8,747.4,602.5
1343,2698,0,0.5188,597.8,403.6,1085.3,1069.1
1343,2899,0,0.5774,1613.3,202.4,1920.0,740.0
1343,2903,0,0.4779,1418.1,146.8,1740.7,618.9
1343,2912,0,0.8795,430.3,1.4,731.7,442.2
1343,2790,0,0.866,0.0,0.0,793.1,1066.0
1343,2907,0,0.8304,1617.2,693.5,1920.0,1072.7
1343,2914,0,0.3693,1165.8,363.6,1583.6,836.6
1343,2966,0,0.6281,602.8,226.5,818.3,627.5
1344,2698,0,0.8931,675.3,428.2,1148.3,1070.1
1344,2899,0,0.8165,1640.0,199.7,1920.0,729.7
1344,2903,0,0.5717,1466.8,141.6,1796.2,624.8
1344,2912,0,0.7734,463.4,1.7,774.8,459.0
1344,2790,0,0.9191,28.3,0.0,827.6,1067.5
1344,2907,0,0.809,1640.6,687.3,1920.0,1072.0
1344,2914,0,0.4187,1200.6,358.3,1601.1,810.4
1344,2966,0,0.5643,636.8,221.0,869.1,644.1
1345,2698,0,0.863,734.3,448.9,1195.9,1070.3
1345,2899,0,0.7591,1666.4,196.0,1920.0,715.2
1345,2903,0,0.6074,1510.8,136.4,1840.5,619.9
1345,2912,0,0.7792,499.0,1.7,816.5,470.3
1345,2790,0,0.8766,49.0,0.0,865.0,1067.5
1345,2907,0,0.7003,1663.7,682.9,1920.0,1070.6
1345,2914,0,0.4169,1232.7,352.6,1631.5,800.5
1345,2966,0,0.7286,648.0,215.3,922.7,708.3
1345,2971,0,0.5418,0.0,671.6,180.3,1064.1
1346,2698,0,0.9016,796.4,463.7,1248.1,1071.1
1346,2899,0,0.629,1686.6,184.7,1920.0,705.0
1346,2903,0,0.4918,1547.9,131.5,1877.2,615.0
1346,2912,0,0.8001,528.8,1.8,855.3,487.2
1346,2790,0,0.922,59.6,0.0,884.7,1060.5
1346,2914,0,0.3564,1272.9,348.9,1674.8,797.6
1346,2966,0,0.8176,671.5,210.6,964.3,725.5
1346,2971,0,0.5032,0.0,691.0,185.8,1069.3
1346,2941,0,0.3103,1842.8,674.4,1917.1,845.8
1347,2698,0,0.8789,843.7,470.6,1289.0,1070.4
1347,2903,0,0.4074,1551.3,124.4,1867.7,603.1
1347,2912,0,0.7313,559.1,1.9,884.2,488.0
1347,2790,0,0.8811,61.3,0.0,893.2,1054.7
1347,2966,0,0.8667,691.0,203.6,997.7,731.5
1347,2976,0,0.3732,1283.2,340.5,1834.6,1067.6
1347,2977,0,0.3981,1756.4,669.4,1920.0,1069.0
1348,2698,0,0.8534,876.4,470.8,1321.0,1071.2
1348,2903,0,0.67,1578.0,112.2,1893.0,592.6
1348,2912,0,0.693,584.9,2.0,898.1,469.8
1348,2790,0,0.916,63.6,0.0,908.3,1054.9
1348,2966,0,0.8815,702.3,191.3,1028.5,742.7
1348,2977,0,0.4736,1760.1,657.8,1920.0,1069.4
1348,2979,0,0.5263,1779.0,331.2,1920.0,683.9
1348,2981,0,0.4498,350.4,249.0,684.9,571.3
1348,2914,0,0.4315,1321.8,326.7,1732.7,783.5
1349,2698,0,0.6836,839.4,465.1,1298.4,1071.3
1349,2903,0,0.3653,1595.0,92.2,1908.6,571.0
1349,2912,0,0.5914,598.8,2.2,896.6,443.8
1349,2790,0,0.7818,38.1,0.0,889.3,1058.5
1349,2966,0,0.8549,710.7,172.3,1038.6,713.6
1349,2977,0,0.5749,1756.5,632.8,1920.0,1068.7
1349,2979,0,0.3833,1783.0,315.8,1920.0,657.7
1349,2981,0,0.3789,337.5,227.5,731.9,608.7
1349,2982,0,0.5611,1178.7,677.6,1491.9,1074.4
1349,2983,0,0.7323,208.3,212.8,381.0,326.9
1349,2914,0,0.6045,1329.8,305.9,1746.7,766.8
1349,2943,0,0.4658,1068.3,343.3,1229.3,533.6
1350,2698,0,0.5448,860.8,460.1,1321.4,1071.6
1350,2903,0,0.709,1588.7,68.3,1899.6,545.6
1350,2912,0,0.422,600.1,2.0,882.5,415.3
1350,2790,0,0.8513,16.6,35.8,835.9,1062.0
1350,2966,0,0.5088,680.9,147.8,1072.1,791.0
1350,2977,0,0.6446,1745.0,602.1,1920.0,1069.2
1350,2979,0,0.4077,1766.8,256.1,1918.1,627.6
1350,2982,0,0.3353,1159.0,659.2,1482.9,1072.1
1350,2983,0,0.7425,189.7,192.6,375.3,315.5
1350,2914,0,0.4645,1319.3,282.0,1792.1,804.9
1350,2985,0,0.4231,348.4,196.4,563.5,457.0
1350,2943,0,0.6211,1054.8,324.9,1220.1,517.7
1350,2971,0,0.7595,0.0,486.2,267.8,1068.5
1351,2698,0,0.7251,864.8,457.9,1322.0,1071.0
1351,2903,0,0.7978,1569.4,42.7,1879.6,521.5
1351,2790,0,0.8712,0.0,70.1,761.7,1064.2
1351,2966,0,0.3413,665.6,124.4,1081.5,809.1
1351,2977,0,0.6662,1729.1,577.6,1920.0,1068.9
1351,2982,0,0.53,1129.0,634.1,1469.5,1072.3
1351,2983,0,0.6944,165.2,167.1,361.0,297.4
1351,2914,0,0.4303,1305.1,258.7,1754.1,752.8
1351,2943,0,0.5663,1015.9,304.3,1247.2,586.5
1351,2951,0,0.5073,1723.4,47.4,1920.0,589.9
1351,2981,0,0.5697,284.6,175.3,703.2,584.9
1352,2698,0,0.5254,762.2,425.7,1253.5,1070.1
1352,2903,0,0.7514,1541.0,23.3,1850.1,501.2
1352,2790,0,0.9234,0.0,110.4,713.7,1065.0
1352,2966,0,0.5312,671.2,102.2,1024.2,659.7
1352,2977,0,0.8053,1708.8,557.1,1920.0,1068.4
1352,2982,0,0.4512,1097.4,615.0,1447.0,1070.7
1352,2983,0,0.7184,132.8,144.4,333.6,279.0
1352,2914,0,0.508,1266.1,237.4,1751.5,773.3
1352,2943,0,0.7519,984.2,285.7,1231.8,600.1
1352,2989,0,0.463,1770.9,24.9,1905.6,255.8
1352,2951,0,0.7452,1721.6,84.4,1918.7,579.8
1352,2981,0,0.3896,207.4,153.5,728.9,674.6
1353,2698,0,0.8993,682.2,315.0,1251.0,1069.7
1353,2903,0,0.5219,1519.1,7.8,1827.5,479.1
1353,2790,0,0.9111,0.0,143.3,673.9,1065.8
1353,2966,0,0.82,615.1,82.7,986.3,658.0
1353,2977,0,0.7937,1682.5,536.5,1910.7,1069.2
1353,2982,0,0.3596,1054.0,597.3,1412.2,1071.5
1353,2983,0,0.754,96.9,124.5,302.4,263.5
1353,2914,0,0.4979,1230.8,218.1,1693.2,729.8
1353,2943,0,0.7387,945.7,267.9,1202.5,605.6
1353,2951,0,0.7558,1698.8,65.7,1914.1,599.2
1353,2948,0,0.7477,578.9,641.5,891.3,1071.5
1353,2985,0,0.4422,250.6,142.3,569.9,529.7
1354,2698,0,0.8245,637.0,267.6,1232.1,1069.8
1354,2903,0,0.527,1483.3,1.2,1790.7,465.7
1354,2790,0,0.9153,0.0,155.8,636.2,1066.2
1354,2966,0,0.6003,569.2,67.5,949.3,647.1
1354,2977,0,0.8422,1655.2,517.8,1896.0,1070.1
1354,2983,0,0.6827,56.4,108.2,263.6,249.7
1354,2914,0,0.5999,1184.6,201.8,1669.5,741.2
1354,2943,0,0.669,897.4,250.7,1161.0,604.2
1354,2951,0,0.7179,1677.3,50.7,1904.7,596.4
1354,2948,0,0.7965,548.5,591.6,879.5,1071.3
1354,2985,0,0.7148,213.6,122.9,546.8,528.5
1355,2698,0,0.685,632.8,237.6,1247.8,1069.3
1355,2903,0,0.6282,1449.3,0.0,1747.7,441.8
1355,2790,0,0.9205,0.0,159.7,602.3,1066.5
1355,2966,0,0.771,529.3,46.2,911.9,618.9
1355,2977,0,0.8756,1621.0,498.6,1877.1,1071.9
1355,2983,0,0.7014,16.2,88.9,227.0,234.4
1355,2914,0,0.6656,1142.0,181.3,1637.7,735.9
1355,2943,0,0.6885,847.5,230.4,1115.5,592.2
1355,2951,0,0.8266,1658.1,33.4,1890.3,560.8
1355,2948,0,0.8179,514.5,556.5,853.5,1071.6
1355,2985,0,0.7245,178.6,102.4,513.0,510.9
1356,2698,0,0.8887,622.4,222.6,1247.3,1069.9
1356,2903,0,0.3961,1417.6,0.0,1706.0,417.4
1356,2790,0,0.8386,0.0,143.0,575.9,1065.7
1356,2966,0,0.8753,493.7,25.8,880.6,595.7
1356,2977,0,0.8969,1581.4,477.4,1852.2,1071.9
1356,2983,0,0.7066,0.0,66.2,201.2,216.9
1356,2914,0,0.556,1107.3,161.7,1600.6,718.0
1356,2943,0,0.7927,805.6,208.1,1073.6,569.8
1356,2951,0,0.8496,1634.0,13.2,1876.8,530.6
1356,2948,0,0.8734,480.9,522.5,826.0,1070.6
1356,2985,0,0.5924,146.7,80.0,480.8,490.0
1356,2994,0,0.5738,1804.6,451.8,1920.0,1068.2
1357,2698,0,0.9235,606.0,219.3,1231.6,1069.3
1357,2790,0,0.8258,0.0,146.6,540.0,1064.3
1357,2966,0,0.8652,464.2,6.6,856.2,575.7
1357,2977,0,0.9023,1547.2,453.7,1832.1,1070.8
1357,2983,0,0.7063,0.0,43.4,187.9,202.3
1357,2914,0,0.7667,1080.3,136.4,1570.2,693.3
1357,2943,0,0.8196,775.1,184.1,1044.6,548.8
1357,2951,0,0.8,1607.0,4.5,1858.4,509.0
1357,2948,0,0.8506,454.1,493.1,802.4,1070.4
1357,2985,0,0.6482,122.1,56.3,454.5,466.4
1357,2994,0,0.649,1794.2,428.5,1914.6,1069.3
1358,2698,0,0.901,587.2,214.5,1215.4,1068.6
1358,2790,0,0.7506,0.0,119.1,523.4,1064.9
1358,2966,0,0.8155,426.1,0.0,807.6,553.6
1358,2977,0,0.8688,1521.7,429.1,1818.3,1063.7
1358,2983,0,0.5336,0.0,20.2,180.9,192.7
1358,2914,0,0.7357,1060.8,114.3,1542.8,665.0
1358,2943,0,0.7931,755.0,159.6,1029.1,533.6
1358,2951,0,0.821,1583.8,1.9,1840.9,493.9
1358,2948,0,0.5736,443.8,496.7,777.6,1068.8
1358,2985,0,0.4895,106.8,33.9,439.3,446.1
1358,2994,0,0.3685,1796.5,516.4,1899.5,1056.7
1358,2903,0,0.4872,1381.4,0.0,1654.0,382.4
1359,2698,0,0.8818,571.1,206.9,1205.0,1068.3
1359,2790,0,0.632,0.0,48.3,515.1,1054.1
1359,2966,0,0.8013,418.6,0.0,790.9,534.9
1359,2977,0,0.8754,1509.1,406.8,1812.6,1049.5
1359,2914,0,0.7899,1050.6,92.0,1527.6,639.8
1359,2943,0,0.7836,747.4,137.2,1023.8,518.3
1359,2951,0,0.8107,1570.2,0.4,1830.2,475.0
1359,2948,0,0.3689,441.5,504.1,757.5,1061.1
1359,2985,0,0.7531,100.9,14.9,429.0,423.8
1359,2994,0,0.4959,1795.9,531.8,1893.9,1035.9
1359,2903,0,0.6655,1368.0,0.0,1633.9,361.9
1360,2698,0,0.7933,517.2,209.7,1138.9,1068.7
1360,2790,0,0.6177,0.0,20.9,505.2,1050.0
1360,2966,0,0.8283,425.6,0.0,792.9,520.9
1360,2977,0,0.9016,1504.1,388.6,1811.4,1033.4
1360,2914,0,0.7622,1052.4,73.7,1519.9,612.1
1360,2943,0,0.7562,749.2,120.6,1028.5,512.3
1360,2951,0,0.7989,1565.7,0.0,1827.8,457.7
1360,2948,0,0.3424,424.8,429.0,761.8,1048.5
1360,2985,0,0.5153,99.8,1.6,425.3,408.1
1360,2994,0,0.4956,1796.0,524.2,1894.3,1018.2
1360,2903,0,0.6021,1362.7,0.0,1624.2,347.3
1360,2982,0,0.4256,865.1,477.5,1266.7,1026.9
1361,2698,0,0.8537,534.9,205.8,1165.2,1068.6
1361,2790,0,0.8113,0.0,17.8,496.2,1045.7
1361,2966,0,0.7813,463.6,0.0,792.0,443.5
1361,2977,0,0.7907,1506.1,375.7,1815.2,1018.6
1361,2914,0,0.6398,1055.4,61.7,1523.7,604.1
1361,2943,0,0.7888,751.2,104.8,1030.9,501.5
1361,2951,0,0.7869,1567.5,0.5,1824.2,429.7
1361,2948,0,0.5338,419.8,381.2,759.0,1033.6
1361,2903,0,0.435,1363.9,0.0,1621.5,333.9
1362,2698,0,0.7791,536.1,226.0,1163.7,1068.5
1362,2790,0,0.7559,0.0,11.4,494.1,1051.0
1362,2966,0,0.6544,491.4,0.0,793.9,386.7
1362,2977,0,0.89,1508.7,364.4,1819.5,1006.2
1362,2914,0,0.7875,1058.6,51.6,1526.0,595.0
1362,2943,0,0.7942,757.3,93.7,1036.3,493.8
1362,2951,0,0.7873,1565.4,0.2,1828.3,423.1
1362,2948,0,0.652,418.8,356.0,749.7,1021.5
1362,2903,0,0.3004,1365.7,0.0,1619.4,322.6
1362,3004,0,0.4827,1743.9,341.9,1920.0,673.2
1362,2994,0,0.493,1805.2,497.9,1905.8,997.0
1363,2698,0,0.6282,568.8,263.1,1177.6,1068.0
1363,2790,0,0.7176,0.0,18.1,496.3,1050.7
1363,2966,0,0.4882,515.4,0.0,799.3,344.4
1363,2977,0,0.8938,1514.5,355.0,1826.5,995.0
1363,2914,0,0.7747,1063.4,42.5,1528.7,584.0
1363,2943,0,0.8327,777.0,84.8,1051.0,486.0
1363,2951,0,0.7946,1571.8,0.9,1836.0,409.5
1363,2903,0,0.443,1346.5,0.0,1589.5,312.7
1363,3004,0,0.4719,1743.8,333.8,1920.0,681.6
1363,2994,0,0.5908,1809.4,486.4,1910.9,984.5
1364,2698,0,0.4198,563.3,238.9,1195.3,1067.1
1364,2790,0,0.7099,0.0,11.2,506.2,1050.6
1364,2966,0,0.862,534.4,0.0,797.8,298.1
1364,2977,0,0.8943,1518.3,343.3,1832.0,982.4
1364,2914,0,0.7555,1067.8,30.5,1531.2,569.9
1364,2943,0,0.8358,792.9,74.4,1061.2,476.5
1364,2951,0,0.759,1572.0,1.0,1840.4,402.1
1364,3004,0,0.5522,1745.1,321.3,1920.0,671.9
1364,2994,0,0.4694,1810.1,473.5,1911.7,965.8
1364,2982,0,0.3613,821.8,384.1,1254.2,988.2
1365,2698,0,0.3509,538.5,185.5,1213.2,1065.6
1365,2790,0,0.416,0.0,31.1,512.0,1057.5
1365,2966,0,0.8446,533.9,0.0,795.9,276.8
1365,2977,0,0.898,1521.0,332.2,1835.9,969.9
1365,2914,0,0.6593,1073.4,19.6,1536.7,559.5
1365,2943,0,0.838,801.2,63.3,1064.3,464.8
1365,2951,0,0.7287,1572.8,0.9,1840.7,387.1
1365,3004,0,0.5612,1750.3,308.5,1920.0,653.0
1365,2994,0,0.5124,1807.7,461.3,1911.8,958.4
1365,2982,0,0.5463,808.5,343.8,1252.8,974.2
1365,2981,0,0.7095,0.0,10.8,943.0,961.5
1365,2903,0,0.3422,1375.0,0.0,1608.4,290.6
1366,2698,0,0.803,449.9,125.4,1152.0,1064.1
1366,2790,0,0.8463,0.0,28.8,528.1,1061.5
1366,2966,0,0.7441,550.2,0.0,815.8,265.2
1366,2977,0,0.8781,1525.6,320.2,1841.3,955.6
1366,2914,0,0.6401,1083.7,9.2,1540.4,541.1
1366,2943,0,0.8163,800.2,52.8,1062.1,455.6
1366,2951,0,0.8242,1578.9,2.0,1851.3,381.3
1366,3004,0,0.3771,1754.6,297.3,1920.0,639.9
1366,2994,0,0.4577,1810.2,447.9,1915.0,945.9
1366,2982,0,0.5102,817.2,326.3,1258.3,963.7
1367,2790,0,0.6302,0.7,64.7,538.8,1063.0
1367,2977,0,0.3708,1539.0,309.7,1858.5,954.7
1367,2914,0,0.6431,1100.4,3.3,1560.7,540.7
1367,2943,0,0.7705,800.0,40.3,1061.1,440.7
1367,2951,0,0.453,1602.4,1.6,1864.2,357.4
1367,3004,0,0.3425,1765.7,285.6,1920.0,620.3
1367,2994,0,0.6299,1814.8,434.1,1919.9,935.3
1367,2982,0,0.3654,798.6,341.3,1254.3,1027.9
1367,3007,0,0.591,0.0,295.7,99.5,916.8
1367,2976,0,0.813,1018.7,279.6,1589.2,1065.0
1367,2981,0,0.3781,20.8,31.6,1010.9,1033.7
1368,2914,0,0.5498,1128.9,7.3,1523.2,477.2
1368,2951,0,0.3992,1631.7,1.7,1892.8,353.7
1368,2994,0,0.4181,1823.8,427.3,1920.0,921.4
1368,3007,0,0.4277,11.4,286.9,121.3,957.4
1368,2976,0,0.7862,1054.5,272.5,1641.3,1068.0
1368,2698,0,0.8172,468.0,207.1,1104.9,1065.1
1369,3007,0,0.6032,68.7,290.6,184.1,962.3
1369,2976,0,0.927,1063.4,264.3,1658.6,1069.9
1369,2698,0,0.952,492.5,169.8,1152.5,1065.5
1370,2976,0,0.9193,1062.8,253.9,1662.6,1069.9
1370,2698,0,0.9531,508.8,149.3,1176.8,1066.5
1370,3014,0,0.6283,51.5,56.0,209.5,227.2
1370,2989,0,0.4637,1739.7,2.1,1920.0,409.8
1370,2903,0,0.7839,1265.3,0.0,1682.4,547.0
1371,2976,0,0.9237,1056.4,237.8,1661.3,1069.7
1371,2698,0,0.9433,529.9,136.7,1196.1,1065.9
1371,3014,0,0.6051,103.4,52.8,262.4,225.1
1371,2903,0,0.8414,1297.8,0.0,1713.9,570.3
1372,2976,0,0.9154,1055.2,227.5,1659.8,1069.0
1372,2698,0,0.9436,551.8,126.3,1212.6,1064.9
1372,3014,0,0.6044,167.0,50.5,324.8,221.4
1372,2903,0,0.8161,1358.1,0.1,1762.7,576.9
1372,2971,0,0.5092,207.1,285.5,448.7,751.9
1373,2976,0,0.8779,1055.2,217.2,1660.0,1068.8
1373,2698,0,0.9427,567.7,115.6,1223.5,1064.7
1373,3014,0,0.5901,228.7,47.4,387.7,219.4
1373,2903,0,0.7218,1430.4,0.0,1823.2,578.1
1373,2971,0,0.4428,254.1,283.5,499.9,747.1
1373,2989,0,0.4824,1705.7,42.2,1920.0,575.7
1374,2976,0,0.9371,1057.4,209.4,1660.4,1068.2
1374,2698,0,0.9492,582.8,111.5,1228.6,1064.7
1374,3014,0,0.5621,287.8,41.8,449.8,217.0
1374,2903,0,0.8357,1509.6,0.6,1896.0,578.5
1374,2971,0,0.535,304.9,280.6,555.3,743.1
1375,2976,0,0.9238,1061.3,208.0,1661.7,1068.3
1375,2698,0,0.9375,595.2,110.7,1229.0,1064.7
1375,3014,0,0.5912,343.6,39.7,507.0,216.2
1375,2903,0,0.8369,1568.4,1.1,1920.0,577.4
1375,2971,0,0.533,362.6,279.2,616.0,740.1
1375,3035,0,0.5326,14.2,858.3,138.1,1072.4
1375,2977,0,0.5071,1499.7,279.4,1780.6,862.1
1376,2976,0,0.9278,1068.6,212.7,1663.4,1068.5
1376,2698,0,0.9457,603.8,116.5,1220.9,1064.7
1376,3014,0,0.6363,402.2,39.3,564.9,214.9
1376,2971,0,0.5095,421.2,279.4,661.6,711.0
1376,3035,0,0.4654,31.5,841.1,166.6,1072.1
1376,2977,0,0.5666,1544.6,279.9,1819.9,864.4
1376,2989,0,0.7844,1683.7,14.8,1920.0,568.9
1377,2976,0,0.9275,1075.3,219.0,1664.2,1068.9
1377,2698,0,0.94,613.8,127.1,1213.2,1065.9
1377,3014,0,0.6357,461.7,36.8,625.5,213.3
1377,2971,0,0.639,481.3,279.1,704.0,671.8
1377,3035,0,0.4294,65.5,833.0,209.6,1072.0
1377,2977,0,0.4449,1597.8,278.5,1870.4,863.4
1377,2989,0,0.6685,1712.4,8.8,1920.0,560.3
1378,2976,0,0.9356,1078.4,226.8,1661.8,1069.4
1378,2698,0,0.9471,621.2,135.0,1206.0,1066.8
1378,3014,0,0.6777,523.9,34.3,688.0,211.0
1378,2971,0,0.4758,537.8,276.6,749.7,651.2
1378,3044,0,0.5971,24.8,280.7,115.4,577.2
1378,3045,0,0.4006,24.2,590.3,429.8,1071.3
1378,2948,0,0.4816,369.3,259.4,640.9,786.4
1379,2976,0,0.9323,1082.7,233.4,1662.3,1069.6
1379,2698,0,0.9538,623.9,147.3,1192.7,1067.8
1379,3014,0,0.6065,588.6,29.2,747.8,199.5
1379,3044,0,0.7153,51.4,275.9,144.4,572.6
1379,3045,0,0.3829,48.7,577.1,468.2,1071.9
1379,3049,0,0.4241,26.2,829.7,397.2,1072.4
1379,2948,0,0.5636,402.7,258.0,700.1,835.0
1379,2977,0,0.4566,1685.8,279.6,1920.0,795.3
1380,2976,0,0.9361,1089.3,239.6,1664.7,1069.6
1380,2698,0,0.9427,623.6,160.2,1176.9,1067.8
1380,3014,0,0.556,656.2,25.7,804.9,182.5
1380,3044,0,0.7937,92.9,272.5,191.7,573.4
1380,3045,0,0.482,82.9,569.7,513.5,1071.4
1380,2948,0,0.5137,460.4,253.8,717.2,731.9
1381,2976,0,0.9338,1091.9,241.6,1666.5,1069.7
1381,2698,0,0.9452,620.5,168.8,1161.7,1067.1
1381,3014,0,0.601,722.3,22.5,869.8,176.0
1381,3044,0,0.81,151.2,270.1,256.6,574.3
1381,3045,0,0.3977,104.5,567.1,545.4,1071.3
1381,2948,0,0.3528,514.3,280.4,733.1,683.3
1381,3049,0,0.3996,95.3,833.8,466.8,1073.1
1382,2976,0,0.9376,1088.8,235.5,1667.8,1069.8
1382,2698,0,0.9517,616.5,172.7,1148.9,1066.5
1382,3014,0,0.4684,785.4,20.3,943.3,184.1
1382,3044,0,0.7674,216.0,267.7,328.6,573.6
1382,3045,0,0.6224,114.8,569.3,564.1,1071.0
1383,2976,0,0.9306,1091.0,223.0,1677.7,1070.2
1383,2698,0,0.9495,617.0,169.3,1146.2,1066.5
1383,3014,0,0.5317,852.3,17.8,1017.4,189.3
1383,3044,0,0.6159,280.5,267.0,403.9,580.7
1383,3045,0,0.644,144.8,579.7,601.1,1071.0
1384,2976,0,0.9329,1099.5,211.5,1693.6,1070.0
1384,2698,0,0.9362,621.3,164.7,1149.0,1067.1
1384,3014,0,0.5454,923.9,16.3,1090.0,188.7
1384,3044,0,0.7393,348.6,266.5,481.9,584.5
1384,3045,0,0.5358,198.3,584.1,666.6,1071.6
1384,3054,0,0.6428,32.3,551.4,99.0,909.3
1385,2976,0,0.9357,1116.4,196.4,1720.2,1069.0
1385,2698,0,0.9326,630.5,158.6,1159.3,1067.5
1385,3014,0,0.5787,997.0,14.3,1163.2,187.0
1385,3044,0,0.736,418.6,265.6,566.4,597.2
1385,3045,0,0.5028,245.1,587.2,724.2,1071.6
1385,3054,0,0.7294,77.8,548.9,145.9,902.1
1385,3061,0,0.5394,951.1,262.4,1240.8,688.2
1386,2976,0,0.944,1145.5,183.4,1757.3,1066.8
1386,2698,0,0.9084,644.7,145.2,1179.0,1066.3
1386,3014,0,0.5759,1073.1,10.1,1239.6,182.5
1386,3044,0,0.7672,486.3,262.7,642.1,592.9
1386,3045,0,0.6711,300.3,581.9,797.1,1071.7
1386,3054,0,0.7259,143.4,546.0,214.7,896.5
1386,3061,0,0.4175,968.2,246.0,1267.2,685.1
1386,3062,0,0.6665,1750.2,723.9,1920.0,1071.6
1387,2976,0,0.9019,1197.9,174.1,1825.2,1066.4
1387,2698,0,0.8635,663.5,129.0,1206.2,1065.8
1387,3014,0,0.5778,1152.2,6.9,1316.2,175.7
1387,3044,0,0.6737,555.2,261.6,717.5,589.6
1387,3045,0,0.3126,372.1,578.7,887.1,1072.3
1387,3054,0,0.675,214.7,547.1,290.5,897.2
1387,3061,0,0.7472,979.7,238.1,1282.1,682.5
1387,3066,0,0.5975,0.0,683.3,248.9,1056.7
1388,2976,0,0.9159,1164.6,166.0,1782.8,1067.1
1388,2698,0,0.6624,681.7,115.7,1234.2,1065.7
1388,3014,0,0.4516,1231.5,4.5,1392.8,168.8
1388,3054,0,0.6753,287.3,547.1,367.7,895.1
1388,3061,0,0.6779,1024.1,236.3,1320.2,672.6
1388,3066,0,0.7023,15.2,663.6,301.7,1059.2
1388,3068,0,0.5384,28.5,896.8,130.2,1075.9
1389,2976,0,0.937,1216.9,166.0,1843.4,1065.3
1389,2698,0,0.6465,699.7,108.3,1255.4,1061.9
1389,3014,0,0.3573,1311.1,2.9,1477.1,171.0
1389,3066,0,0.563,81.9,654.4,375.2,1062.9
1389,3068,0,0.3048,17.1,899.9,115.8,1072.5
1389,3035,0,0.5713,298.7,881.3,427.5,1077.0
1389,3045,0,0.4705,533.0,587.2,1059.0,1071.4
1390,2976,0,0.9518,1257.6,167.8,1887.0,1065.9
1390,2698,0,0.8646,652.0,112.1,1231.3,1067.2
1390,3014,0,0.3836,1396.9,1.7,1562.7,168.2
1390,3066,0,0.6704,150.2,647.6,442.6,1059.1
1390,3072,0,0.5559,1.3,346.2,171.4,1017.8
1390,3035,0,0.4673,356.6,881.6,493.8,1076.9
1391,2976,0,0.9433,1279.5,169.2,1909.2,1065.8
1391,2698,0,0.8845,659.0,109.1,1256.5,1066.6
1391,3066,0,0.6528,225.6,642.7,514.5,1053.3
1391,3072,0,0.7071,47.6,357.4,202.4,957.8
1391,3068,0,0.4405,7.9,950.6,81.7,1078.4
1392,2976,0,0.9484,1298.3,174.3,1920.0,1066.6
1392,2698,0,0.7205,771.7,113.2,1196.6,766.9
1392,3066,0,0.6752,304.8,631.0,608.7,1065.3
1392,3072,0,0.6958,124.8,362.7,274.7,929.1
1392,3082,0,0.5601,1700.0,410.0,1920.0,685.7
1392,3045,0,0.7996,693.3,538.8,1292.5,1070.7
1393,2976,0,0.9246,1327.4,180.6,1920.0,1066.3
1393,2698,0,0.5482,820.3,118.4,1145.9,604.5
1393,3066,0,0.7729,357.3,616.5,669.4,1067.2
1393,3072,0,0.4374,187.5,369.8,348.9,965.9
1393,3045,0,0.6706,593.6,261.9,1482.5,1068.0
1393,3007,0,0.5417,688.3,535.7,772.2,898.2
1393,3035,0,0.3384,417.7,886.1,553.6,1076.2
1394,2976,0,0.9461,1352.1,186.5,1920.0,1066.9
1394,2698,0,0.6016,834.1,131.1,1134.8,569.0
1394,3066,0,0.7232,407.6,604.1,717.9,1058.8
1394,3072,0,0.769,242.1,371.0,419.9,1018.1
1394,3045,0,0.5443,592.1,173.1,1564.4,1066.9
1395,2976,0,0.9445,1367.5,186.5,1920.0,1067.1
1395,3066,0,0.5171,477.3,590.9,739.1,976.0
1395,3072,0,0.7765,298.4,360.4,485.0,1031.5
1395,3045,0,0.5573,516.6,135.1,1483.1,1065.2
1395,2989,0,0.7845,1685.1,203.1,1902.6,658.5
1395,3061,0,0.6442,1132.9,232.0,1369.0,571.1
1395,3035,0,0.4264,418.0,888.5,561.7,1076.0
1396,2976,0,0.9427,1374.2,179.0,1920.0,1066.9
1396,3066,0,0.5357,531.6,579.1,761.2,918.8
1396,3072,0,0.8033,356.9,365.0,547.7,1043.7
1396,3045,0,0.8049,494.9,117.5,1437.7,1066.4
1396,2989,0,0.579,1698.9,205.8,1914.8,658.6
1396,3061,0,0.3379,1177.0,230.9,1423.6,579.1
1396,3035,0,0.5867,456.5,895.7,602.7,1076.5
1397,2976,0,0.8839,1377.1,165.7,1920.0,1067.4
1397,3072,0,0.7707,417.8,358.7,609.9,1032.8
1397,3045,0,0.9169,501.2,104.2,1413.6,1064.1
1397,3097,0,0.4873,931.5,552.5,1689.9,1070.2
1398,2976,0,0.6727,1374.0,149.2,1920.0,1064.9
1398,3072,0,0.7335,471.8,353.2,670.7,1045.4
1398,3045,0,0.9341,515.3,91.9,1399.7,1063.2
1398,3097,0,0.4747,999.8,549.7,1761.6,1070.1
1398,3082,0,0.4548,1742.2,417.9,1920.0,630.2
1399,2976,0,0.6247,1371.8,137.4,1920.0,1062.2
1399,3072,0,0.6687,533.6,348.3,732.3,1028.9
1399,3045,0,0.9283,535.9,82.2,1395.3,1064.2
1399,3097,0,0.484,1070.5,556.5,1822.1,1070.2
1399,3082,0,0.4875,1772.7,419.7,1920.0,618.6
1400,2976,0,0.71,1273.5,127.7,1888.9,1067.2
1400,3072,0,0.5637,588.3,337.1,779.8,981.5
1400,3045,0,0.9408,563.7,71.1,1399.9,1063.0
1401,2976,0,0.373,1244.2,111.7,1879.4,1066.2
1401,3072,0,0.4725,638.0,314.9,838.7,982.1
1401,3045,0,0.9393,594.1,61.7,1401.8,1053.2
1402,2976,0,0.3968,1247.0,95.4,1894.0,1061.8
1402,3045,0,0.9426,609.6,56.6,1398.9,1058.8
1402,3109,0,0.5627,1407.4,90.2,1881.1,673.7
1402,3110,0,0.5655,327.5,705.6,515.7,1072.1
1402,3111,0,0.4721,464.0,702.8,749.5,1070.5
1402,3097,0,0.6048,1198.4,562.9,1920.0,1070.0
1403,2976,0,0.5986,1254.0,92.6,1905.0,1062.1
1403,3045,0,0.944,626.8,52.6,1390.8,1053.8
1403,3109,0,0.617,1413.1,85.3,1855.8,627.2
1403,3111,0,0.3083,501.0,704.4,784.3,1071.5
1404,3045,0,0.9409,639.2,55.0,1383.4,1059.3
1404,3109,0,0.4634,1415.9,87.4,1852.3,617.6
1404,3111,0,0.575,437.0,705.2,717.5,1071.7
1404,3097,0,0.7971,1213.8,533.3,1920.0,1070.7
1405,3045,0,0.95,655.9,61.9,1379.1,1062.7
1405,3111,0,0.4232,467.6,706.8,744.1,1072.0
1405,2976,0,0.7742,1262.1,98.2,1911.3,1062.8
1406,3045,0,0.9437,668.1,72.6,1368.5,1063.8
1406,3111,0,0.5705,514.9,707.1,786.1,1072.3
1406,2976,0,0.9193,1271.6,103.0,1916.0,1060.5
1407,3045,0,0.9369,672.5,88.2,1347.9,1066.1
1407,3097,0,0.6758,1199.9,480.9,1920.0,1067.9
1408,3045,0,0.9387,668.0,99.4,1322.0,1065.5
1408,3097,0,0.7725,1185.9,467.2,1920.0,1068.3
1408,3061,0,0.4676,1360.5,130.1,1655.5,530.6
1409,3045,0,0.94,662.6,106.3,1299.4,1065.3
1409,3097,0,0.8937,1169.1,444.2,1920.0,1068.4
1409,3124,0,0.3868,33.5,3.2,483.1,747.1
1409,3061,0,0.4488,1353.4,131.9,1648.5,518.5
1410,3045,0,0.9394,658.6,114.1,1281.4,1067.0
1410,3097,0,0.8591,1153.3,428.8,1920.0,1068.6
1410,3124,0,0.5328,97.0,3.4,537.0,731.0
1410,3061,0,0.5302,1348.5,134.4,1632.5,489.5
1411,3045,0,0.9328,649.9,115.4,1263.6,1067.7
1411,3097,0,0.8603,1134.0,407.5,1920.0,1068.7
1411,3124,0,0.3714,169.8,3.3,614.8,738.7
1411,3061,0,0.5952,1335.3,133.5,1619.3,476.7
1412,3045,0,0.9273,642.7,109.2,1252.3,1066.7
1412,3097,0,0.8859,1113.7,396.6,1920.0,1069.3
1412,3124,0,0.506,249.1,3.5,683.7,720.8
1412,3061,0,0.7683,1326.6,122.9,1608.5,452.6
1412,3133,0,0.5168,21.6,277.7,365.3,926.7
1413,3045,0,0.9397,628.8,99.4,1233.8,1064.3
1413,3097,0,0.8789,1072.7,366.8,1920.0,1069.6
1413,3124,0,0.5976,332.6,3.4,752.9,693.6
1413,3061,0,0.5873,1322.4,108.4,1596.1,415.6
1413,3133,0,0.3593,86.4,279.3,431.3,928.3
1413,3135,0,0.4743,37.1,888.6,298.7,1075.4
1414,3045,0,0.929,622.2,91.4,1221.5,1062.5
1414,3097,0,0.7423,1047.5,341.1,1920.0,1068.5
1414,3124,0,0.6903,420.8,2.4,820.7,653.4
1414,3061,0,0.6808,1331.7,93.0,1598.4,379.8
1414,3133,0,0.3451,167.1,274.3,513.4,924.1
1414,3135,0,0.5872,99.0,886.8,365.1,1076.0
1415,3045,0,0.9392,624.8,86.8,1215.7,1060.1
1415,3124,0,0.6001,553.8,2.5,857.0,474.1
1415,3133,0,0.3019,264.7,269.0,621.7,932.9
1415,3135,0,0.6617,178.2,882.7,450.0,1075.1
1415,2976,0,0.748,1175.3,85.1,1856.4,1060.4
1416,3045,0,0.9417,636.5,81.5,1214.1,1045.7
1416,3133,0,0.3976,340.4,267.5,701.7,936.4
1416,3135,0,0.4243,264.5,881.0,536.4,1072.4
1416,3097,0,0.6168,911.6,315.1,1881.0,1065.8
1417,3045,0,0.9247,643.9,71.1,1226.0,1053.3
1417,3133,0,0.5012,430.3,423.8,713.6,939.8
1417,3135,0,0.3129,350.7,880.0,626.4,1072.1
1417,2976,0,0.7934,1180.5,70.9,1881.0,1058.2
1418,3045,0,0.9459,664.1,61.9,1240.2,1039.8
1418,3133,0,0.3969,513.5,441.7,780.6,922.2
1418,2976,0,0.5804,1234.1,248.7,1847.6,1064.2
1418,3061,0,0.5951,1409.7,60.5,1699.3,363.0
1419,3045,0,0.9405,673.6,59.5,1256.3,1051.6
1419,2976,0,0.7598,1268.5,325.2,1848.2,1066.4
1419,3147,0,0.7188,32.1,6.0,325.7,619.1
1419,3061,0,0.5236,1432.7,58.8,1731.1,363.1
1419,3135,0,0.3826,469.0,901.1,716.0,1074.9
1420,3045,0,0.9484,682.4,62.4,1267.8,1056.3
1420,2976,0,0.5642,1290.0,364.8,1857.0,1068.9
1420,3147,0,0.4553,71.8,8.2,366.2,616.7
1420,3061,0,0.6492,1446.2,60.4,1766.4,384.8
1420,3135,0,0.5414,520.4,904.7,756.2,1075.2
1421,3045,0,0.9391,691.9,71.3,1278.7,1057.8
1421,2976,0,0.5791,1309.6,392.2,1867.2,1069.0
1421,3147,0,0.5315,164.5,12.5,457.3,611.7
1421,3061,0,0.4582,1479.3,65.4,1850.8,433.8
1422,3045,0,0.9465,699.8,89.5,1285.8,1060.0
1422,2976,0,0.4867,1314.4,417.7,1864.1,1067.7
1422,3147,0,0.4619,244.2,12.3,541.0,611.4
1422,3153,0,0.5264,1096.2,2.6,1491.5,475.4
1423,3045,0,0.9535,700.2,105.4,1289.5,1063.2
1423,3147,0,0.5131,319.1,8.6,621.8,610.2
1423,3153,0,0.5025,1135.4,2.3,1550.8,499.4
1423,3097,0,0.4697,935.2,109.0,1920.0,1060.3
1423,3061,0,0.6873,1482.6,75.3,1885.2,482.1
1424,3045,0,0.952,709.0,115.5,1303.6,1065.3
1424,3147,0,0.4722,384.3,6.2,692.0,608.2
1424,3153,0,0.7138,1183.8,2.2,1615.4,518.0
1424,3061,0,0.3737,1490.1,80.0,1920.0,538.9
1424,2976,0,0.8149,1240.7,161.4,1920.0,1066.4
1425,3045,0,0.9531,718.2,121.1,1319.9,1067.3
1425,3147,0,0.4251,451.4,6.3,763.3,607.2
1425,3153,0,0.4348,1238.0,2.2,1695.5,549.4
1425,3157,0,0.6194,15.3,636.6,340.0,1071.8
1425,3159,0,0.5468,1205.8,260.5,1539.5,746.2
1425,2976,0,0.7286,1236.6,108.7,1920.0,1069.0
1426,3045,0,0.9366,726.0,118.5,1336.6,1066.1
1426,3147,0,0.3735,512.9,7.6,827.3,604.2
1426,3157,0,0.4976,101.5,606.9,451.2,1072.5
1426,3061,0,0.9077,1418.2,75.4,1920.0,660.7
1427,3045,0,0.9447,738.2,112.3,1358.1,1066.3
1427,3147,0,0.5927,564.6,9.7,867.9,582.8
1427,3157,0,0.7763,168.6,558.2,561.1,1071.8
1427,3061,0,0.8959,1380.5,67.0,1920.0,739.0
1427,3159,0,0.4736,1183.2,256.4,1534.9,770.4
1428,3045,0,0.9393,751.6,104.7,1378.5,1066.7
1428,3147,0,0.5702,616.6,6.6,904.2,550.9
1428,3157,0,0.7768,204.5,509.3,641.1,1071.3
1428,3061,0,0.8516,1351.3,54.8,1920.0,828.3
1429,3045,0,0.9432,774.8,96.7,1403.3,1065.7
1429,3147,0,0.3168,678.3,5.7,953.8,527.7
1429,3157,0,0.599,291.7,468.5,762.6,1071.7
1429,3061,0,0.9491,1329.8,43.1,1920.0,915.8
1429,3163,0,0.7763,25.6,105.3,268.6,827.2
1429,3159,0,0.7406,1260.8,248.0,1659.9,838.8
1430,3045,0,0.9507,791.2,90.1,1420.6,1065.5
1430,3157,0,0.7702,383.6,447.5,865.5,1071.9
1430,3061,0,0.9068,1324.7,37.3,1920.0,991.7
1430,3163,0,0.8594,54.4,101.9,299.9,823.8
1430,3159,0,0.4886,1297.7,249.1,1693.6,845.8
1430,3110,0,0.4325,281.6,667.6,512.0,1072.8
1431,3045,0,0.9458,802.9,87.3,1426.5,1057.2
1431,3157,0,0.8467,461.1,444.4,935.2,1072.1
1431,3163,0,0.8657,96.8,103.1,346.7,822.9
1431,3110,0,0.5777,326.9,669.6,575.5,1072.6
1432,3045,0,0.9421,809.6,88.1,1430.7,1056.5
1432,3157,0,0.6884,548.0,460.4,997.6,1071.1
1432,3163,0,0.879,155.1,99.8,411.8,821.5
1432,3166,0,0.5611,36.4,894.3,162.6,1074.4
1432,2976,0,0.8706,1340.4,12.5,1920.0,1041.5
1433,3045,0,0.9395,816.5,87.4,1435.8,1055.4
1433,3163,0,0.8201,217.9,101.0,482.6,825.1
1433,3166,0,0.5691,75.4,890.6,207.7,1074.9
1433,2976,0,0.8536,1376.9,11.1,1920.0,1032.7
1434,3045,0,0.9362,818.1,94.9,1435.5,1063.1
1434,3163,0,0.7868,276.3,101.1,548.4,824.7
1434,2976,0,0.8898,1402.7,11.4,1920.0,1032.1
1434,3170,0,0.5937,26.6,320.9,166.6,1014.6
1435,3045,0,0.9462,817.3,104.1,1429.0,1065.9
1435,3163,0,0.8677,334.5,102.1,614.0,823.3
1435,2976,0,0.9243,1419.8,18.0,1920.0,1030.6
1435,3170,0,0.6559,55.7,332.0,194.6,1007.8
1435,3172,0,0.6977,1159.8,5.9,1442.5,594.1
1435,3173,0,0.6761,192.9,888.2,424.0,1075.7
1436,3045,0,0.9446,810.6,110.2,1418.8,1067.1
1436,3163,0,0.8544,387.8,98.9,675.7,820.6
1436,2976,0,0.9265,1427.2,28.1,1920.0,1029.8
1436,3170,0,0.7821,81.5,339.4,231.0,1042.7
1436,3172,0,0.7553,1172.4,4.1,1458.1,594.4
1436,3173,0,0.5943,249.7,884.8,484.6,1075.3
1436,3180,0,0.4108,570.1,803.1,897.1,1074.3
1437,3045,0,0.9491,804.6,129.2,1403.1,1068.2
1437,3163,0,0.838,436.0,98.1,731.3,819.1
1437,2976,0,0.9306,1429.4,51.0,1920.0,1049.9
1437,3170,0,0.7244,114.0,336.1,274.1,1055.3
1437,3172,0,0.7843,1212.8,3.9,1500.9,592.6
1437,3173,0,0.6772,318.0,881.6,556.8,1075.2
1437,3166,0,0.4757,175.5,849.9,339.6,1072.6
1438,3045,0,0.9491,790.9,144.6,1381.9,1068.7
1438,3163,0,0.8085,481.6,96.3,780.5,809.3
1438,2976,0,0.9288,1429.3,62.6,1920.0,1058.3
1438,3170,0,0.7889,155.7,328.2,327.4,1061.7
1438,3172,0,0.6646,1249.4,2.4,1531.2,573.7
1438,3173,0,0.6225,378.9,879.9,617.1,1073.3
1438,3166,0,0.4345,223.3,839.0,397.5,1072.0
1438,3110,0,0.393,403.9,646.4,598.7,945.4
1439,3045,0,0.9457,776.8,156.1,1362.8,1068.6
1439,3163,0,0.8399,525.3,95.1,828.8,807.1
1439,2976,0,0.9208,1424.7,61.7,1920.0,1059.2
1439,3170,0,0.7613,200.4,328.1,382.4,1062.9
1439,3173,0,0.5542,437.6,879.3,675.8,1072.7
1439,3166,0,0.3892,273.9,829.4,455.7,1069.5
1440,3045,0,0.9494,758.9,155.1,1349.3,1068.5
1440,3163,0,0.8152,562.6,91.7,866.9,802.9
1440,2976,0,0.9246,1422.5,54.9,1920.0,1042.4
1440,3170,0,0.709,254.5,322.0,447.4,1062.1
1440,3173,0,0.6109,497.3,878.4,737.2,1073.2
1441,3045,0,0.951,749.7,152.5,1346.5,1068.7
1441,3163,0,0.8139,599.1,88.9,894.1,785.3
1441,2976,0,0.9177,1418.2,48.0,1920.0,1032.1
1441,3170,0,0.7569,307.3,318.6,510.9,1059.2
1441,3173,0,0.6093,556.1,878.5,796.4,1073.9
1441,3166,0,0.507,370.8,811.2,567.0,1066.7
1442,3045,0,0.9489,748.8,147.3,1353.2,1068.4
1442,2976,0,0.932,1416.0,38.8,1920.0,1022.8
1442,3170,0,0.7564,364.1,319.6,577.4,1057.4
1442,3189,0,0.4416,20.2,298.8,294.5,1065.7
1442,3166,0,0.5638,425.9,805.6,628.3,1064.8
1443,3045,0,0.9506,759.5,141.8,1370.7,1068.3
1443,2976,0,0.9281,1416.1,27.5,1920.0,1018.2
1443,3170,0,0.7415,418.5,320.1,642.7,1055.5
1443,3166,0,0.4436,492.0,802.2,707.8,1068.9
1444,3045,0,0.95,777.4,136.0,1394.9,1067.6
1444,2976,0,0.9167,1415.2,16.3,1920.0,1022.1
1444,3170,0,0.7425,474.1,316.9,709.3,1051.1
1444,3166,0,0.5941,533.9,799.6,757.2,1071.2
1444,3189,0,0.5387,39.9,283.9,249.2,862.1
1445,3045,0,0.9545,786.5,129.1,1413.1,1066.5
1445,2976,0,0.9015,1414.7,10.5,1920.0,1027.5
1445,3170,0,0.667,530.2,318.0,774.4,1046.0
1445,3166,0,0.5613,567.9,798.1,789.2,1067.6
1445,3193,0,0.477,24.9,634.2,198.7,1070.1
1445,3189,0,0.5032,85.6,282.0,287.7,830.4
1446,3045,0,0.9583,793.0,122.4,1432.0,1066.7
1446,2976,0,0.9141,1411.0,9.1,1920.0,1029.7
1446,3170,0,0.4497,604.2,317.3,822.5,919.8
1446,3166,0,0.5877,600.9,798.5,818.7,1066.6
1446,3193,0,0.596,57.4,629.6,236.0,1072.7
1446,3189,0,0.386,131.2,276.6,336.2,821.4
1447,3045,0,0.9544,795.4,123.1,1443.3,1067.2
1447,2976,0,0.9097,1398.2,7.3,1920.0,1040.4
1447,3170,0,0.419,665.4,332.3,870.1,855.7
1447,3166,0,0.5016,632.6,800.6,845.9,1069.8
1447,3193,0,0.5868,114.8,630.9,296.9,1073.6
1447,3189,0,0.5146,185.0,278.8,393.7,820.8
1448,3045,0,0.9486,794.6,123.6,1451.5,1067.9
1448,2976,0,0.9052,1385.4,6.9,1919.4,1048.1
1448,3166,0,0.331,661.6,798.7,868.8,1069.5
1448,3193,0,0.5226,166.0,627.8,353.6,1073.8
1448,3189,0,0.5724,235.5,280.5,453.6,834.4
1449,3045,0,0.955,794.7,126.0,1457.1,1066.4
1449,2976,0,0.9041,1377.8,1.1,1914.0,1043.1
1449,3193,0,0.613,246.3,624.0,445.2,1073.6
1449,3189,0,0.4881,281.3,278.4,504.5,833.9
1449,3197,0,0.7706,1168.7,69.3,1419.4,567.0
1450,3045,0,0.9519,792.8,130.6,1458.8,1066.6
1450,2976,0,0.8815,1367.1,4.3,1906.2,1044.8
1450,3193,0,0.4686,293.8,620.0,504.3,1072.9
1450,3189,0,0.3937,326.3,276.4,551.5,824.3
1450,3197,0,0.8223,1201.6,68.0,1467.4,596.7
1450,3200,0,0.6699,54.5,918.9,264.7,1078.7
1450,3170,0,0.5748,733.9,220.7,1019.9,955.6
1451,3045,0,0.9522,787.8,138.7,1453.1,1067.4
1451,2976,0,0.8865,1348.7,12.3,1890.9,1044.1
1451,3193,0,0.5352,330.3,617.7,552.3,1072.5
1451,3189,0,0.4065,358.5,271.4,588.4,819.8
1451,3200,0,0.6773,85.5,917.0,296.3,1077.4
1451,3204,0,0.4632,316.1,271.3,763.6,1062.2
1451,3170,0,0.5592,758.1,212.0,1050.3,967.1
1452,3045,0,0.9477,780.0,142.3,1444.3,1068.1
1452,2976,0,0.9185,1326.0,27.4,1869.9,1037.4
1452,3189,0,0.6791,384.8,267.5,622.9,825.2
1452,3200,0,0.6748,114.1,915.9,325.3,1076.8
1452,3204,0,0.4252,362.6,536.8,669.7,1070.1
1452,3170,0,0.4894,804.2,201.7,1053.2,836.6
1453,3045,0,0.9193,771.2,142.1,1432.8,1066.6
1453,2976,0,0.9136,1296.3,42.1,1846.8,1033.2
1453,3189,0,0.472,400.2,264.1,646.3,831.1
1453,3200,0,0.6696,126.3,912.2,343.6,1078.2
1453,3204,0,0.4523,294.2,619.2,555.9,1072.9
1453,3170,0,0.6674,835.0,230.7,1045.5,757.8
1453,3208,0,0.3299,2.7,46.7,239.3,401.8
1454,3045,0,0.8935,751.5,142.9,1403.6,1065.1
1454,2976,0,0.8624,1237.8,51.8,1798.5,1034.1
1454,3189,0,0.4564,406.1,265.2,654.1,826.3
1454,3200,0,0.6805,130.6,910.7,350.0,1078.6
1454,3204,0,0.4977,285.4,632.6,540.7,1073.8
1454,3170,0,0.7438,846.5,246.3,1034.0,708.4
1454,3209,0,0.3756,2.5,217.5,267.7,807.0
1455,3045,0,0.829,726.8,145.9,1364.8,1066.5
1455,2976,0,0.8009,1163.5,53.6,1735.0,1033.8
1455,3189,0,0.5983,408.9,266.4,664.9,837.2
1455,3200,0,0.6133,132.0,916.5,343.3,1078.4
1455,3170,0,0.6025,848.7,255.7,1013.0,651.7
1455,3208,0,0.3011,0.0,49.2,232.8,404.3
1456,3045,0,0.5932,706.0,156.0,1321.2,1067.1
1456,2976,0,0.6849,986.2,64.6,1593.7,1054.3
1456,3189,0,0.7085,405.8,267.1,668.8,843.8
1456,3200,0,0.6838,127.3,920.2,332.7,1077.4
1456,3170,0,0.57,838.9,260.9,990.0,615.5
1456,3208,0,0.3192,0.0,50.1,243.3,420.1
1456,3204,0,0.7998,345.7,632.2,613.4,1075.8
1457,2976,0,0.663,930.0,44.7,1549.7,1042.8
1457,3189,0,0.7166,386.2,264.0,654.7,848.7
1457,3200,0,0.6956,110.7,917.9,318.6,1077.0
1457,3170,0,0.5058,823.6,269.6,966.5,596.3
1457,3213,0,0.6017,1571.6,654.9,1755.6,992.5
1457,3214,0,0.4791,242.6,48.5,543.1,632.1
1457,3204,0,0.6998,335.6,624.0,621.8,1079.8
1458,2976,0,0.8919,820.9,24.1,1467.1,1047.5
1458,3200,0,0.7178,88.6,915.7,299.0,1076.8
1458,3213,0,0.6804,1518.7,654.1,1735.7,1051.0
1458,3214,0,0.3169,231.9,50.5,529.6,628.3
1458,3204,0,0.7024,313.5,619.0,614.5,1080.0
1458,3216,0,0.8755,1654.4,266.7,1884.3,1038.5
1459,2976,0,0.9284,765.8,30.4,1426.2,1057.2
1459,3200,0,0.6778,62.7,913.1,277.5,1077.6
1459,3213,0,0.6055,1474.3,657.2,1700.5,1070.7
1459,3204,0,0.71,285.8,615.5,600.0,1080.0
1459,3216,0,0.5398,1621.7,260.2,1862.3,1059.6
1459,3219,0,0.5176,1411.0,504.8,1539.3,790.1
1459,3220,0,0.5821,1217.1,42.8,1499.0,641.9
1459,3189,0,0.4417,354.7,260.5,622.6,835.8
1460,2976,0,0.9399,721.5,16.0,1399.6,1054.8
1460,3200,0,0.7548,40.3,910.9,259.3,1078.0
1460,3204,0,0.5977,263.9,614.4,589.5,1080.0
1460,3216,0,0.8793,1577.4,259.1,1827.1,1068.9
1460,3220,0,0.5427,1183.0,40.4,1517.5,751.8
1460,3189,0,0.4054,335.7,259.2,608.0,838.3
1461,2976,0,0.9348,688.5,9.4,1381.7,1058.0
1461,3200,0,0.6388,30.3,912.4,248.4,1078.0
1461,3204,0,0.6786,238.6,612.4,572.6,1078.9
1461,3216,0,0.9193,1535.6,263.3,1794.7,1071.5
1461,3220,0,0.5077,1165.6,38.6,1472.6,690.3
1461,3189,0,0.6448,345.6,258.9,628.9,842.3
1462,2976,0,0.8966,657.4,8.6,1359.3,1056.4
1462,3200,0,0.6456,21.9,912.6,238.6,1077.2
1462,3204,0,0.6554,211.3,609.8,550.9,1077.6
1462,3216,0,0.887,1464.1,266.3,1733.1,1070.8
1462,3220,0,0.7714,1129.2,39.7,1422.0,662.9
1462,3189,0,0.5963,334.8,258.3,623.2,840.7
1463,3200,0,0.6745,7.2,909.5,227.3,1077.3
1463,3204,0,0.5932,153.1,607.0,490.0,1076.9
1463,3216,0,0.8739,1365.4,269.6,1644.7,1070.7
1463,3220,0,0.839,1102.6,35.2,1373.1,611.0
1463,3189,0,0.686,312.5,252.3,604.1,830.6
1463,3045,0,0.6522,697.3,129.6,1342.2,1067.2
1464,3200,0,0.6826,0.0,905.4,209.0,1077.6
1464,3204,0,0.538,113.4,602.7,447.4,1074.6
1464,3216,0,0.8884,1260.6,274.5,1550.1,1070.8
1464,3220,0,0.8568,1078.5,27.8,1329.2,558.6
1464,3189,0,0.723,285.9,244.9,579.5,816.6
1464,3045,0,0.8551,617.5,133.4,1285.3,1067.8
1464,3214,0,0.3752,132.0,31.7,436.4,620.2
1464,2976,0,0.5092,414.5,10.7,1080.7,1053.0
1465,3200,0,0.5965,0.0,895.3,191.0,1074.1
1465,3204,0,0.6192,71.4,595.8,407.1,1075.3
1465,3216,0,0.8038,1153.8,277.5,1452.6,1069.6
1465,3220,0,0.7977,1045.2,22.0,1286.4,527.6
1465,3189,0,0.7754,255.4,235.1,544.2,784.5
1465,3045,0,0.8171,547.7,154.2,1229.4,1068.7
1465,3214,0,0.313,112.1,28.7,420.7,618.4
1466,3204,0,0.7663,39.4,588.6,376.7,1074.2
1466,3216,0,0.746,1052.1,278.1,1362.2,1069.1
1466,3220,0,0.7583,1050.7,16.8,1221.3,352.7
1466,3189,0,0.6039,212.6,225.8,493.9,750.6
1466,3045,0,0.7972,480.5,154.4,1190.0,1069.7
1466,3214,0,0.3872,75.8,22.8,384.0,608.8
1466,3227,0,0.628,377.3,5.8,785.6,589.7
1467,3204,0,0.7967,26.8,587.0,360.0,1073.4
1467,3216,0,0.7935,971.9,277.0,1293.2,1067.3
1467,3189,0,0.6772,185.1,219.2,439.3,680.6
1467,3045,0,0.874,403.7,148.0,1143.5,1068.0
1467,3214,0,0.3421,66.3,15.3,327.8,495.6
1467,3227,0,0.5903,306.8,4.3,766.0,663.8
1467,3166,0,0.6201,1312.2,626.0,1600.5,1014.1
1468,3204,0,0.5672,20.2,584.2,345.4,1071.0
1468,3216,0,0.7234,906.2,267.0,1147.0,826.1
1468,3189,0,0.374,150.4,214.4,399.0,662.8
1468,3045,0,0.9291,359.8,150.4,1124.1,1068.4
1468,3227,0,0.4958,241.2,3.5,740.8,726.3
1468,3239,0,0.7951,879.7,8.9,1426.3,742.1
1468,3166,0,0.6093,1292.5,623.8,1603.4,1047.5
1468,3200,0,0.7311,0.0,777.7,249.6,1069.9
1469,3204,0,0.4527,0.0,580.0,303.5,1067.2
1469,3216,0,0.8182,864.8,256.7,1053.8,676.4
1469,3045,0,0.6808,309.0,155.7,1091.4,1067.1
1469,3227,0,0.4837,160.3,3.3,745.3,861.2
1469,3239,0,0.7472,823.3,9.2,1479.1,896.8
1469,3241,0,0.4999,1771.5,847.9,1918.7,1071.5
1469,3209,0,0.3493,0.0,5.4,314.4,753.2
1470,3216,0,0.7323,832.1,257.7,988.7,594.3
1470,3045,0,0.7191,408.6,148.6,1179.2,1066.8
1470,3239,0,0.7267,839.3,9.2,1452.8,847.9
1470,3241,0,0.5935,1763.4,847.7,1913.0,1074.8
1470,3244,0,0.3672,1537.3,744.7,1703.3,965.1
1470,3193,0,0.684,1271.4,626.2,1514.9,1070.4
1470,2976,0,0.6786,155.0,17.5,822.0,1059.7
1470,3214,0,0.3725,0.0,8.6,297.5,597.9
1470,3200,0,0.645,0.0,753.8,261.1,1069.4
1471,3216,0,0.4805,812.9,311.2,925.8,546.3
1471,3045,0,0.6981,436.7,139.1,1200.7,1067.5
1471,3239,0,0.7174,834.0,7.5,1453.4,866.4
1471,3241,0,0.5411,1757.8,844.1,1910.2,1075.0
1471,3244,0,0.3642,1540.5,741.4,1707.7,963.5
1471,3247,0,0.3246,1490.6,871.9,1660.7,1075.4
1471,3193,0,0.5431,1278.2,629.4,1540.0,1071.2
1471,2976,0,0.5832,130.7,20.8,795.0,1063.2
1472,3045,0,0.9108,447.3,131.1,1204.8,1067.2
1472,3239,0,0.6736,840.1,6.1,1447.8,862.5
1472,3241,0,0.6387,1750.9,841.9,1904.7,1075.0
1472,3244,0,0.3464,1549.9,741.9,1718.3,966.0
1472,3193,0,0.403,1296.7,714.2,1537.5,1072.7
1472,2976,0,0.8988,109.5,13.1,772.7,1058.8
1472,3248,0,0.3378,1.5,879.4,84.8,1052.0
1473,3045,0,0.9407,449.4,122.3,1202.8,1066.9
1473,3239,0,0.8546,855.4,5.4,1438.6,841.3
1473,3241,0,0.5875,1748.0,837.7,1904.7,1074.7
1473,3244,0,0.386,1557.8,741.9,1726.0,965.8
1473,3193,0,0.5046,1304.2,762.1,1535.5,1074.5
1473,2976,0,0.9141,80.8,9.7,747.3,1058.7
1474,3045,0,0.9304,454.2,114.1,1203.8,1066.9
1474,3239,0,0.744,864.6,4.8,1435.3,838.3
1474,3241,0,0.6409,1747.0,835.8,1905.9,1074.9
1474,3244,0,0.4625,1561.5,741.1,1726.5,961.0
1474,3193,0,0.533,1296.7,757.6,1545.4,1075.6
1474,2976,0,0.8936,52.8,8.0,727.6,1059.2
1474,3247,0,0.3349,1496.0,867.2,1669.6,1074.9
1475,3045,0,0.9219,461.7,108.1,1205.5,1066.4
1475,3239,0,0.8145,881.6,4.2,1427.2,815.5
1475,3241,0,0.5972,1747.3,832.6,1908.6,1074.4
1475,3244,0,0.4217,1565.3,738.7,1727.3,954.6
1475,3193,0,0.5,1332.2,826.5,1533.4,1076.4
1475,2976,0,0.8741,32.7,8.6,714.9,1054.5
1476,3045,0,0.9206,468.8,103.4,1205.6,1065.9
1476,3239,0,0.8583,896.1,2.9,1424.9,803.6
1476,3241,0,0.6571,1748.0,829.3,1912.3,1075.0
1476,3244,0,0.3515,1571.2,733.4,1732.1,947.8
1476,3193,0,0.514,1342.1,847.9,1529.9,1076.7
1476,2976,0,0.7996,27.4,8.3,719.0,1052.3
1477,3045,0,0.9244,474.5,100.4,1203.7,1065.8
1477,3239,0,0.8284,906.2,2.5,1423.6,800.8
1477,3241,0,0.647,1749.9,825.3,1916.5,1074.5
1477,3244,0,0.3991,1578.6,730.5,1739.8,946.5
1477,3193,0,0.5539,1347.8,850.8,1535.2,1076.3
1477,2976,0,0.7495,58.3,8.5,750.3,1051.7
1478,3045,0,0.9109,475.1,95.7,1198.0,1063.9
1478,3239,0,0.8364,920.1,1.9,1427.5,799.2
1478,3241,0,0.5619,1753.6,823.3,1920.0,1074.4
1478,3244,0,0.3675,1584.3,732.0,1739.6,939.4
1478,3193,0,0.5395,1356.9,848.0,1547.5,1075.9
1478,2976,0,0.8547,44.5,21.3,743.8,1059.0
1478,3252,0,0.368,1143.9,765.8,1343.4,1068.0
1479,3045,0,0.9356,482.2,101.3,1195.8,1065.1
1479,3239,0,0.7598,934.1,1.6,1434.4,802.0
1479,3241,0,0.4856,1757.5,821.5,1920.0,1074.6
1479,3244,0,0.4388,1591.4,728.8,1749.6,939.6
1479,3193,0,0.4841,1370.6,846.6,1561.4,1075.3
1479,2976,0,0.8403,34.4,22.5,744.6,1063.9
1479,3252,0,0.3114,1158.6,756.9,1365.3,1069.3
1480,3045,0,0.9235,505.8,107.5,1207.9,1066.3
1480,3239,0,0.8518,951.5,1.8,1435.2,787.6
1480,3241,0,0.4717,1763.5,821.0,1920.0,1073.1
1480,3244,0,0.3858,1601.5,726.4,1764.1,942.6
1480,3193,0,0.5109,1380.5,842.6,1573.7,1075.1
1480,2976,0,0.7674,122.4,14.9,812.7,1059.1
1480,3252,0,0.3693,1177.3,758.3,1385.0,1071.2
1480,3253,0,0.4045,1566.1,930.2,1841.0,1077.3
1481,3045,0,0.9377,529.7,118.7,1218.6,1067.9
1481,3239,0,0.799,960.6,1.1,1434.5,784.1
1481,3241,0,0.5279,1767.1,819.3,1920.0,1073.0
1481,3244,0,0.4101,1609.7,725.4,1769.1,936.7
1481,3193,0,0.4444,1388.2,840.1,1581.6,1074.4
1481,2976,0,0.7663,168.4,11.4,837.4,1055.7
1481,3253,0,0.4486,1570.2,928.6,1847.6,1077.1
1482,3045,0,0.9441,550.3,129.2,1227.2,1068.4
1482,3239,0,0.7278,965.4,1.8,1433.4,788.2
1482,3193,0,0.3501,1391.9,836.4,1587.6,1074.5
1482,2976,0,0.7908,190.0,8.7,842.2,1057.8
1482,3256,0,0.5454,293.8,194.6,478.5,425.0
1483,3045,0,0.9361,562.9,131.6,1234.7,1068.0
1483,3239,0,0.682,945.6,3.1,1451.7,875.7
1483,2976,0,0.7359,194.1,14.4,832.1,1064.1
1483,3256,0,0.3172,284.7,192.9,468.7,422.7
1483,3244,0,0.3317,1609.7,723.4,1777.8,945.5
1484,3045,0,0.9396,557.9,128.1,1233.7,1067.3
1484,3239,0,0.7771,963.4,2.6,1433.1,822.0
1484,2976,0,0.6551,199.5,19.6,818.2,1064.7
1484,3256,0,0.5178,270.5,195.7,509.5,495.1
1484,3252,0,0.6632,1321.2,752.3,1542.9,1072.9
1485,3045,0,0.9446,541.2,118.3,1228.5,1066.8
1485,3239,0,0.8536,975.9,1.7,1414.2,772.0
1485,2976,0,0.7117,91.1,12.7,716.3,1057.9
1485,3256,0,0.5087,252.4,200.4,528.0,547.7
1485,3261,0,0.6286,1511.3,726.8,1920.0,1071.1
1485,3252,0,0.7021,1351.1,735.7,1587.6,1071.8
1486,3045,0,0.9485,525.0,110.0,1226.4,1066.3
1486,3239,0,0.8587,979.4,1.9,1408.8,762.8
1486,2976,0,0.7434,92.0,12.2,703.5,1053.4
1486,3256,0,0.632,238.6,200.4,532.9,574.0
1486,3261,0,0.5639,1466.0,675.9,1920.0,1071.9
1487,3045,0,0.9343,517.8,101.1,1234.2,1066.7
1487,3239,0,0.8628,962.6,2.7,1431.7,851.1
1487,2976,0,0.6441,109.4,20.6,701.0,1064.2
1487,3256,0,0.4664,232.6,199.0,535.3,584.1
1487,3261,0,0.6798,1426.6,629.7,1920.0,1070.5
1487,3265,0,0.4044,1365.5,614.5,1604.4,872.2
1488,3045,0,0.9378,511.7,95.2,1241.2,1066.8
1488,3239,0,0.7335,949.4,7.9,1450.2,936.9
1488,2976,0,0.6369,93.0,24.9,651.5,1063.8
1488,3256,0,0.4377,228.7,195.2,539.4,589.5
1488,3261,0,0.6225,1413.4,596.6,1920.0,1071.8
1488,3265,0,0.4359,1359.9,609.6,1598.1,866.2
1488,3252,0,0.7668,1336.8,782.0,1549.4,1072.8
1489,3045,0,0.9348,501.2,91.3,1242.3,1066.4
1489,3239,0,0.5355,951.9,12.3,1455.6,968.2
1489,2976,0,0.7061,84.8,14.1,618.1,1060.4
1489,3261,0,0.6268,1411.9,574.6,1920.0,1072.1
1489,3252,0,0.74,1316.9,756.9,1553.1,1072.8
1490,3045,0,0.9309,484.2,83.4,1237.4,1064.2
1490,3239,0,0.5241,969.8,7.7,1442.4,918.4
1490,2976,0,0.6614,69.2,8.6,578.7,1060.0
1490,3261,0,0.4335,1328.6,560.1,1920.0,1070.0
1491,3045,0,0.9368,473.0,80.3,1234.3,1063.0
1491,3239,0,0.534,987.0,5.0,1444.4,897.2
1491,2976,0,0.6611,96.8,33.2,579.4,1062.9
1491,3261,0,0.5628,1295.6,559.3,1902.4,1069.8
1491,3256,0,0.5,173.8,188.9,542.5,664.7
1492,3045,0,0.9404,472.5,87.3,1234.1,1064.9
1492,3239,0,0.7501,1004.0,4.5,1460.6,908.6
1492,2976,0,0.6471,114.6,53.5,574.9,1065.8
1492,3261,0,0.6549,1290.0,572.2,1887.9,1070.6
1492,3256,0,0.4047,170.8,191.0,546.2,686.6
1493,3045,0,0.9472,479.7,96.4,1237.4,1065.9
1493,3239,0,0.7197,1030.4,4.1,1477.9,901.3
1493,2976,0,0.6159,116.5,56.4,564.7,1062.4
1493,3256,0,0.3554,163.5,188.3,591.8,773.4
1493,3252,0,0.6004,1324.4,713.7,1575.2,1043.4
1494,3045,0,0.9479,493.3,101.6,1247.9,1064.6
1494,3239,0,0.4879,1082.5,3.0,1479.5,795.6
1494,2976,0,0.5967,132.7,61.4,573.9,1062.9
1494,3256,0,0.482,187.6,182.5,603.0,765.7
1494,3270,0,0.4563,935.7,174.3,1071.5,564.7
1494,3252,0,0.6778,1323.0,628.3,1649.2,1061.0
1495,3045,0,0.9553,506.0,111.3,1257.7,1065.1
1495,3239,0,0.7667,1128.7,2.9,1507.0,755.5
1495,2976,0,0.7439,126.2,64.5,558.7,1062.3
1495,3256,0,0.3958,235.3,183.1,614.9,726.4
1495,3270,0,0.6205,952.3,169.7,1096.3,581.5
1495,3252,0,0.7152,1359.0,596.7,1712.6,1066.1
1496,3045,0,0.951,541.4,122.0,1286.9,1066.2
1496,3239,0,0.6642,1173.0,2.6,1545.8,742.2
1496,2976,0,0.7358,179.4,66.0,619.9,1063.6
1496,3256,0,0.4138,296.5,185.4,648.9,698.5
1496,3270,0,0.5742,978.3,165.3,1130.6,595.2
1496,3252,0,0.7567,1403.8,581.0,1773.2,1069.2
1497,3045,0,0.9498,572.4,129.4,1314.7,1067.8
1497,3239,0,0.6103,1217.9,2.3,1589.0,736.2
1497,2976,0,0.7514,145.4,66.5,612.7,1062.9
1497,3256,0,0.5656,344.3,184.7,681.8,687.3
1497,3270,0,0.6396,1004.8,167.0,1162.1,601.3
1497,3252,0,0.7615,1451.6,572.0,1829.6,1070.6
1498,3045,0,0.9547,600.5,134.5,1343.2,1068.6
1498,3239,0,0.7921,1262.8,2.3,1633.8,733.4
1498,2976,0,0.8809,141.3,81.5,633.4,1065.0
1498,3270,0,0.6554,1034.3,220.3,1182.3,609.7
1498,3252,0,0.7386,1499.0,567.6,1881.5,1067.3
1499,3045,0,0.9437,617.1,134.9,1364.5,1069.3
1499,3239,0,0.6827,1301.2,2.6,1675.2,737.9
1499,2976,0,0.9248,137.8,93.5,654.5,1066.3
1499,3270,0,0.6114,1047.4,219.9,1210.8,630.1
1499,3252,0,0.8256,1529.6,565.5,1913.8,1066.8
1499,3279,0,0.5143,1237.8,547.8,1497.3,1057.1
